Customer ID,Country,recency,frequency,monetary,R_score,F_score,M_score,RFM_sum,Segment,churned,first_order_date,last_order_date,cohort_month
12346,United Kingdom,326,12,77556.46,2,5,5,12,At Risk,True,2009-12-14 08:34:00,2011-01-18 10:01:00,2009-12
12347,Iceland,2,8,4921.53,5,4,5,14,Champions,False,2010-10-31 14:20:00,2011-12-07 15:52:00,2010-10
12348,Finland,75,5,1658.3999999999999,3,4,4,11,Potential Loyalists,False,2010-09-27 14:59:00,2011-09-25 13:13:00,2010-09
12349,Italy,19,3,3678.69,5,3,5,13,Loyal Customers,False,2010-04-29 13:20:00,2011-11-21 09:51:00,2010-04
12350,Norway,310,1,294.40000000000003,2,1,2,5,Lost,True,2011-02-02 16:01:00,2011-02-02 16:01:00,2011-02
12351,Unspecified,375,1,300.93,2,1,2,5,Lost,True,2010-11-29 15:23:00,2010-11-29 15:23:00,2010-11
12352,Norway,36,9,1729.54,4,5,4,13,Champions,False,2010-11-12 10:20:00,2011-11-03 14:37:00,2010-11
12353,Bahrain,204,2,406.76,2,2,2,6,Lost,True,2010-10-27 12:44:00,2011-05-19 17:47:00,2010-10
12354,Spain,232,1,1079.4,2,1,3,6,Lost,True,2011-04-21 13:11:00,2011-04-21 13:11:00,2011-04
12355,Bahrain,214,2,947.61,2,2,3,7,Lost,True,2010-05-21 11:59:00,2011-05-09 13:49:00,2010-05
12356,Portugal,23,6,5611.7300000000005,4,4,5,13,Champions,False,2010-10-11 09:42:00,2011-11-17 08:40:00,2010-10
12357,Switzerland,33,2,17437.66,4,2,5,11,New Customers,False,2010-11-16 10:05:00,2011-11-06 16:07:00,2010-11
12358,Austria,2,5,3447.07,5,4,5,14,Champions,False,2009-12-08 07:59:00,2011-12-08 10:26:00,2009-12
12359,Cyprus,58,10,8873.39,4,5,5,14,Champions,False,2009-12-05 13:32:00,2011-10-13 12:47:00,2009-12
12360,Austria,52,6,3612.89,4,4,5,13,Champions,False,2010-02-22 09:32:00,2011-10-18 15:22:00,2010-02
12361,Belgium,287,4,451.25,2,3,2,7,At Risk,True,2010-01-26 14:37:00,2011-02-25 13:51:00,2010-01
12362,Belgium,3,10,4737.2300000000005,5,5,5,15,Champions,False,2011-02-17 10:30:00,2011-12-06 15:40:00,2011-02
12363,Unspecified,110,2,552.0,3,2,2,7,Needs Attention,True,2011-04-11 13:29:00,2011-08-22 10:18:00,2011-04
12364,Belgium,8,4,1208.1,5,3,4,12,Loyal Customers,False,2011-08-19 15:24:00,2011-12-02 10:22:00,2011-08
12365,Cyprus,291,1,320.69,2,1,2,5,Lost,True,2011-02-21 13:51:00,2011-02-21 13:51:00,2011-02
12366,Cyprus,634,1,500.24,1,1,2,4,Lost,True,2010-03-16 10:28:00,2010-03-16 10:28:00,2010-03
12367,Denmark,4,1,150.9,5,1,1,7,New Customers,False,2011-12-05 16:48:00,2011-12-05 16:48:00,2011-12
12368,Cyprus,628,1,917.7,1,1,3,5,Lost,True,2010-03-21 15:56:00,2010-03-21 15:56:00,2010-03
12369,Austria,413,3,1511.15,1,3,4,8,At Risk,True,2010-03-08 08:09:00,2010-10-22 13:13:00,2010-03
12370,Austria,51,7,3956.56,4,4,5,13,Champions,False,2010-02-09 09:41:00,2011-10-19 14:51:00,2010-02
12371,Switzerland,60,4,3347.38,3,3,5,11,Potential Loyalists,False,2010-03-04 18:23:00,2011-10-11 10:43:00,2010-03
12372,Denmark,72,3,1196.04,3,3,3,9,Potential Loyalists,False,2011-02-16 12:46:00,2011-09-29 12:12:00,2011-02
12373,Austria,311,3,927.6500000000001,2,3,3,8,At Risk,True,2010-02-04 12:08:00,2011-02-01 13:10:00,2010-02
12374,Austria,25,3,2669.2200000000003,4,3,4,11,Loyal Customers,False,2010-04-30 14:01:00,2011-11-14 15:37:00,2010-04
12375,Finland,11,2,377.5,5,2,2,9,New Customers,False,2011-09-02 14:23:00,2011-11-29 10:36:00,2011-09
12376,Switzerland,390,2,383.15,2,2,2,6,Lost,True,2010-10-18 08:42:00,2010-11-15 12:15:00,2010-10
12377,Switzerland,315,4,3266.32,2,3,5,10,At Risk,True,2010-04-29 15:34:00,2011-01-28 15:45:00,2010-04
12378,Switzerland,130,2,5416.32,3,2,5,10,Needs Attention,True,2010-05-26 14:07:00,2011-08-02 10:34:00,2010-05
12379,Belgium,82,4,1470.22,3,3,4,10,Potential Loyalists,False,2010-06-23 12:49:00,2011-09-19 10:09:00,2010-06
12380,Belgium,22,8,7210.650000000001,4,4,5,13,Champions,False,2010-02-15 12:05:00,2011-11-18 11:27:00,2010-02
12381,Norway,5,3,1474.81,5,3,4,12,Loyal Customers,False,2011-08-12 09:57:00,2011-12-05 12:44:00,2011-08
12383,Belgium,185,5,1628.56,3,4,4,11,Potential Loyalists,True,2010-12-22 14:28:00,2011-06-08 08:02:00,2010-12
12384,Switzerland,29,2,425.27000000000004,4,2,2,8,New Customers,False,2011-08-10 11:23:00,2011-11-11 08:39:00,2011-08
12385,Belgium,379,1,1668.4,2,1,4,7,Cant Lose Them,True,2010-11-25 15:14:00,2010-11-25 15:14:00,2010-11
12386,Australia,338,2,401.9,2,2,2,6,Lost,True,2010-12-08 09:53:00,2011-01-06 12:37:00,2010-12
12387,Australia,415,1,143.94,1,1,1,3,Lost,True,2010-10-20 16:27:00,2010-10-20 16:27:00,2010-10
12388,Australia,16,8,3901.11,5,4,5,14,Champions,False,2010-05-06 12:54:00,2011-11-24 12:30:00,2010-05
12389,Australia,403,3,1433.33,2,3,4,9,At Risk,True,2010-02-22 10:15:00,2010-11-02 11:52:00,2010-02
12390,Belgium,80,1,504.84000000000003,3,1,2,6,Needs Attention,False,2011-09-21 09:33:00,2011-09-21 09:33:00,2011-09
12391,Cyprus,22,6,2724.84,4,4,4,12,Champions,False,2010-02-15 10:12:00,2011-11-18 12:07:00,2010-02
12392,Australia,591,1,234.75000000000003,1,1,1,3,Lost,True,2010-04-27 14:04:00,2010-04-27 14:04:00,2010-04
12393,Australia,72,6,2399.45,3,4,4,11,Potential Loyalists,False,2010-10-07 13:49:00,2011-09-28 15:41:00,2010-10
12394,Belgium,64,2,1080.48,3,2,3,8,Needs Attention,False,2011-05-06 14:01:00,2011-10-07 08:08:00,2011-05
12395,Belgium,19,15,4241.17,5,5,5,15,Champions,False,2010-04-16 10:16:00,2011-11-20 15:21:00,2010-04
12396,RSA,674,1,931.4300000000001,1,1,3,5,Lost,True,2010-02-03 13:22:00,2010-02-03 13:22:00,2010-02
12397,Belgium,36,2,2214.9,4,2,4,10,New Customers,False,2011-07-27 14:21:00,2011-11-04 09:52:00,2011-07
12398,Switzerland,46,1,1435.66,4,1,4,9,New Customers,False,2011-10-25 10:27:00,2011-10-25 10:27:00,2011-10
12399,Belgium,119,7,1842.3,3,4,4,11,Potential Loyalists,True,2010-03-05 08:45:00,2011-08-12 13:15:00,2010-03
12400,Australia,414,1,205.25,1,1,1,3,Lost,True,2010-10-21 13:45:00,2010-10-21 13:45:00,2010-10
12401,Belgium,303,1,69.3,2,1,1,4,Lost,True,2011-02-09 13:50:00,2011-02-09 13:50:00,2011-02
12402,Belgium,323,6,1136.9,2,4,3,9,At Risk,True,2010-02-07 12:41:00,2011-01-20 13:49:00,2010-02
12403,Denmark,50,2,947.36,4,2,3,9,New Customers,False,2010-07-06 11:39:00,2011-10-21 10:51:00,2010-07
12405,Finland,149,1,1390.39,3,1,4,8,Needs Attention,True,2011-07-14 08:52:00,2011-07-14 08:52:00,2011-07
12406,Denmark,22,5,6390.36,4,4,5,13,Champions,False,2010-01-11 14:04:00,2011-11-17 19:22:00,2010-01
12407,Belgium,50,5,1507.12,4,4,4,12,Champions,False,2011-03-20 13:21:00,2011-10-21 10:11:00,2011-03
12408,Belgium,33,8,3905.77,4,4,5,13,Champions,False,2010-07-29 13:27:00,2011-11-07 12:27:00,2010-07
12409,Switzerland,79,7,23419.29,3,4,5,12,Potential Loyalists,False,2010-05-23 15:21:00,2011-09-22 10:38:00,2010-05
12410,Switzerland,309,3,773.71,2,3,3,8,At Risk,True,2010-07-25 13:26:00,2011-02-04 10:39:00,2010-07
12411,Australia,410,1,346.9,1,1,2,4,Lost,True,2010-10-26 09:25:00,2010-10-26 09:25:00,2010-10
12412,Denmark,75,6,2404.93,3,4,4,11,Potential Loyalists,False,2010-06-18 13:22:00,2011-09-26 10:16:00,2010-06
12413,France,67,4,871.45,3,3,3,9,Potential Loyalists,False,2010-11-02 13:26:00,2011-10-04 09:00:00,2010-11
12414,Austria,217,4,532.41,2,3,2,7,At Risk,True,2010-09-02 12:22:00,2011-05-06 14:51:00,2010-09
12415,Australia,24,24,144033.37,4,5,5,14,Champions,False,2010-06-30 08:30:00,2011-11-15 14:22:00,2010-06
12416,Australia,657,1,202.56,1,1,1,3,Lost,True,2010-02-21 10:19:00,2010-02-21 10:19:00,2010-02
12417,Belgium,3,20,5998.41,5,5,5,15,Champions,False,2009-12-06 10:30:00,2011-12-06 14:52:00,2009-12
12418,Switzerland,113,4,2021.2,3,3,4,10,Potential Loyalists,True,2010-03-19 14:47:00,2011-08-19 11:08:00,2010-03
12419,Spain,386,2,391.01,2,2,2,6,Lost,True,2010-10-22 10:40:00,2010-11-19 10:04:00,2010-10
12420,Cyprus,64,1,600.39,3,1,2,6,Needs Attention,False,2011-10-07 08:55:00,2011-10-07 08:55:00,2011-10
12421,Spain,16,6,874.6,5,4,3,12,Loyal Customers,False,2010-07-22 13:57:00,2011-11-24 09:07:00,2010-07
12422,Australia,96,12,3639.35,3,5,5,13,Potential Loyalists,True,2009-12-18 12:44:00,2011-09-05 09:48:00,2009-12
12423,Belgium,1,10,2301.39,5,5,4,14,Champions,False,2010-08-31 09:31:00,2011-12-09 10:10:00,2010-08
12424,Australia,163,4,3340.0299999999997,3,3,5,11,Potential Loyalists,True,2010-06-09 15:15:00,2011-06-30 12:06:00,2010-06
12425,Portugal,78,2,1741.41,3,2,4,9,Needs Attention,False,2010-09-17 14:10:00,2011-09-22 17:31:00,2010-09
12426,Germany,195,2,1201.21,2,2,3,7,Lost,True,2010-02-15 08:41:00,2011-05-29 12:26:00,2010-02
12427,Germany,22,3,699.8000000000001,4,3,3,10,Loyal Customers,False,2010-12-03 10:44:00,2011-11-18 08:56:00,2010-12
12428,Finland,26,8,6405.26,4,4,5,13,Champions,False,2011-03-01 09:33:00,2011-11-14 08:22:00,2011-03
12429,Denmark,9,8,5842.41,5,4,5,14,Champions,False,2010-06-11 13:28:00,2011-11-30 17:22:00,2010-06
12430,Norway,43,1,216.4,4,1,1,6,New Customers,False,2011-10-27 15:09:00,2011-10-27 15:09:00,2011-10
12431,Australia,36,25,10102.220000000001,4,5,5,14,Champions,False,2010-01-15 09:04:00,2011-11-04 11:55:00,2010-01
12432,Norway,43,4,4359.32,4,3,5,12,Loyal Customers,False,2011-06-20 13:27:00,2011-10-28 11:43:00,2011-06
12433,Norway,1,10,16794.14,5,5,5,15,Champions,False,2010-08-20 09:23:00,2011-12-09 10:02:00,2010-08
12434,Australia,85,3,1103.43,3,3,3,9,Potential Loyalists,False,2010-11-23 13:38:00,2011-09-16 12:38:00,2010-11
12435,Denmark,80,6,13925.93,3,4,5,12,Potential Loyalists,False,2009-12-02 13:58:00,2011-09-21 09:06:00,2009-12
12436,Norway,100,1,429.01,3,1,2,6,Needs Attention,True,2011-09-01 12:09:00,2011-09-01 12:09:00,2011-09
12437,France,2,38,11282.4,5,5,5,15,Champions,False,2009-12-02 16:24:00,2011-12-08 11:35:00,2009-12
12438,Norway,14,2,2466.85,5,2,4,11,New Customers,False,2011-07-22 13:29:00,2011-11-25 13:28:00,2011-07
12439,Cyprus,683,2,1142.88,1,2,3,6,Lost,True,2009-12-14 08:40:00,2010-01-26 12:11:00,2009-12
12440,Austria,462,2,739.2,1,2,3,6,Lost,True,2009-12-22 12:03:00,2010-09-03 13:11:00,2009-12
12441,France,367,1,155.55,2,1,1,4,Lost,True,2010-12-08 10:45:00,2010-12-08 10:45:00,2010-12
12442,Spain,3,1,144.06,5,1,1,7,New Customers,False,2011-12-06 14:22:00,2011-12-06 14:22:00,2011-12
12443,Norway,732,1,365.31,1,1,2,4,Lost,True,2009-12-07 15:42:00,2009-12-07 15:42:00,2009-12
12444,Norway,21,5,4085.46,4,4,5,13,Champions,False,2011-06-21 14:00:00,2011-11-18 13:23:00,2011-06
12445,Spain,22,2,378.98,4,2,2,8,New Customers,False,2010-10-15 12:28:00,2011-11-17 18:43:00,2010-10
12446,RSA,58,1,1002.3100000000001,4,1,3,8,New Customers,False,2011-10-13 12:50:00,2011-10-13 12:50:00,2011-10
12447,Belgium,243,1,431.49,2,1,2,5,Lost,True,2011-04-10 13:25:00,2011-04-10 13:25:00,2011-04
12448,Spain,44,1,365.45,4,1,2,7,New Customers,False,2011-10-26 13:46:00,2011-10-26 13:46:00,2011-10
12449,Belgium,22,5,4274.89,4,4,5,13,Champions,False,2010-09-27 09:37:00,2011-11-17 13:46:00,2010-09
12450,Spain,156,5,688.2,3,4,3,10,Potential Loyalists,True,2010-08-22 13:11:00,2011-07-06 14:41:00,2010-08
12451,Switzerland,11,8,12629.88,5,4,5,14,Champions,False,2010-06-28 12:58:00,2011-11-29 08:40:00,2010-06
12452,Switzerland,17,1,348.57,5,1,2,8,New Customers,False,2011-11-23 08:05:00,2011-11-23 08:05:00,2011-11
12453,Austria,134,1,707.09,3,1,3,7,Needs Attention,True,2011-07-28 14:08:00,2011-07-28 14:08:00,2011-07
12454,Spain,56,4,16459.78,4,3,5,12,Loyal Customers,False,2010-10-14 17:33:00,2011-10-14 17:13:00,2010-10
12455,Cyprus,73,9,5722.95,3,5,5,13,Potential Loyalists,False,2009-12-18 12:33:00,2011-09-27 15:31:00,2009-12
12456,Switzerland,44,3,2581.04,4,3,4,11,Loyal Customers,False,2011-03-30 09:12:00,2011-10-26 14:41:00,2011-03
12457,Switzerland,66,7,2555.91,3,4,4,11,Potential Loyalists,False,2010-09-30 17:59:00,2011-10-04 13:13:00,2010-09
12458,Switzerland,71,4,1502.49,3,3,4,10,Potential Loyalists,False,2010-08-09 10:33:00,2011-09-29 15:25:00,2010-08
12459,Spain,605,1,398.36,1,1,2,4,Lost,True,2010-04-13 14:53:00,2010-04-13 14:53:00,2010-04
12460,Belgium,456,1,296.65,1,1,2,4,Lost,True,2010-09-09 13:51:00,2010-09-09 13:51:00,2010-09
12461,Switzerland,155,1,626.88,3,1,3,7,Needs Attention,True,2011-07-08 10:23:00,2011-07-08 10:23:00,2011-07
12462,Spain,19,2,937.59,5,2,3,10,New Customers,False,2011-02-09 14:44:00,2011-11-21 09:11:00,2011-02
12463,Belgium,53,4,1200.78,4,3,3,10,Loyal Customers,False,2011-04-12 12:47:00,2011-10-17 13:44:00,2011-04
12464,Belgium,10,8,957.05,5,4,3,12,Loyal Customers,False,2011-02-03 13:30:00,2011-11-29 13:33:00,2011-02
12465,Belgium,17,2,682.19,5,2,3,10,New Customers,False,2011-06-23 13:37:00,2011-11-22 16:34:00,2011-06
12467,USA,423,1,132.8,1,1,1,3,Lost,True,2010-10-12 15:41:00,2010-10-12 15:41:00,2010-10
12468,Germany,188,5,3238.7400000000002,2,4,5,11,At Risk,True,2010-01-26 10:09:00,2011-06-05 11:36:00,2010-01
12469,Thailand,523,2,3070.54,1,2,5,8,Cant Lose Them,True,2010-06-21 10:30:00,2010-07-05 12:40:00,2010-06
12470,Unspecified,690,1,211.95,1,1,1,3,Lost,True,2010-01-19 11:01:00,2010-01-19 11:01:00,2010-01
12471,Germany,2,71,35099.9,5,5,5,15,Champions,False,2009-12-07 10:41:00,2011-12-07 15:43:00,2009-12
12472,Germany,32,19,14971.29,4,5,5,14,Champions,False,2009-12-14 10:49:00,2011-11-07 14:01:00,2009-12
12473,Germany,54,3,2585.73,4,3,4,11,Loyal Customers,False,2011-06-01 10:15:00,2011-10-17 11:27:00,2011-06
12474,Germany,17,29,11310.75,5,5,5,15,Champions,False,2010-02-11 09:41:00,2011-11-22 14:39:00,2010-02
12475,Germany,54,2,1065.64,4,2,3,9,New Customers,False,2010-10-26 08:49:00,2011-10-17 10:10:00,2010-10
12476,Germany,16,18,12319.91,5,5,5,15,Champions,False,2010-07-26 09:04:00,2011-11-24 12:40:00,2010-07
12477,Germany,23,9,20276.37,4,5,5,14,Champions,False,2010-03-26 14:01:00,2011-11-17 09:51:00,2010-03
12478,Greece,4,1,545.99,5,1,2,8,New Customers,False,2011-12-06 09:56:00,2011-12-06 09:56:00,2011-12
12479,Germany,11,1,473.2,5,1,2,8,New Customers,False,2011-11-28 13:26:00,2011-11-28 13:26:00,2011-11
12480,Germany,28,7,4834.85,4,4,5,13,Champions,False,2010-07-20 13:21:00,2011-11-11 14:52:00,2010-07
12481,Germany,23,14,11033.51,4,5,5,14,Champions,False,2010-04-11 13:10:00,2011-11-17 08:29:00,2010-04
12482,Sweden,576,27,21941.72,1,5,5,11,At Risk,True,2010-02-24 10:24:00,2010-05-12 16:51:00,2010-02
12483,Sweden,17,19,4069.1800000000003,5,5,5,15,Champions,False,2010-01-31 13:28:00,2011-11-22 17:02:00,2010-01
12484,Spain,35,9,5557.1,4,5,5,14,Champions,False,2010-01-27 16:41:00,2011-11-04 15:18:00,2010-01
12485,Sweden,529,1,708.1,1,1,3,5,Lost,True,2010-06-28 15:22:00,2010-06-28 15:22:00,2010-06
12486,Sweden,432,1,917.28,1,1,3,5,Lost,True,2010-10-04 12:14:00,2010-10-04 12:14:00,2010-10
12487,Sweden,731,1,285.3,1,1,1,3,Lost,True,2009-12-09 11:36:00,2009-12-09 11:36:00,2009-12
12488,France,10,3,1244.66,5,3,4,12,Loyal Customers,False,2011-09-25 10:34:00,2011-11-30 08:50:00,2011-09
12489,France,336,1,298.93,2,1,2,5,Lost,True,2011-01-07 13:13:00,2011-01-07 13:13:00,2011-01
12490,France,5,20,8764.64,5,5,5,15,Champions,False,2009-12-01 12:52:00,2011-12-04 16:07:00,2009-12
12491,France,39,1,424.40000000000003,4,1,2,7,New Customers,False,2011-11-01 12:18:00,2011-11-01 12:18:00,2011-11
12492,Germany,63,3,607.21,3,3,3,9,Potential Loyalists,False,2010-11-01 14:58:00,2011-10-07 15:15:00,2010-11
12493,France,166,2,379.74,3,2,2,7,Needs Attention,True,2011-05-26 14:53:00,2011-06-27 10:17:00,2011-05
12494,France,16,9,1563.27,5,5,4,14,Champions,False,2010-05-12 13:52:00,2011-11-24 09:34:00,2010-05
12495,Sweden,641,1,277.4,1,1,1,3,Lost,True,2010-03-09 10:53:00,2010-03-09 10:53:00,2010-03
12496,Spain,620,2,45.34,1,2,1,4,Lost,True,2010-03-29 13:57:00,2010-03-29 14:06:00,2010-03
12497,Germany,82,3,5996.5,3,3,5,11,Potential Loyalists,False,2010-03-05 09:39:00,2011-09-19 12:29:00,2010-03
12498,Germany,21,3,349.70000000000005,4,3,2,9,Loyal Customers,False,2011-10-13 09:30:00,2011-11-18 12:53:00,2011-10
12499,Germany,560,1,357.72,1,1,2,4,Lost,True,2010-05-28 15:12:00,2010-05-28 15:12:00,2010-05
12500,Germany,23,18,5559.21,4,5,5,14,Champions,False,2010-02-04 15:05:00,2011-11-16 16:20:00,2010-02
12501,Germany,337,1,2025.39,2,1,4,7,Cant Lose Them,True,2011-01-07 12:28:00,2011-01-07 12:28:00,2011-01
12502,Spain,96,5,2995.87,3,4,5,12,Potential Loyalists,True,2011-02-03 10:41:00,2011-09-05 11:52:00,2011-02
12503,Spain,584,1,896.0,1,1,3,5,Lost,True,2010-05-04 13:59:00,2010-05-04 13:59:00,2010-05
12504,Germany,18,4,689.05,5,3,3,11,Loyal Customers,False,2010-04-22 10:24:00,2011-11-21 16:02:00,2010-04
12505,Italy,409,1,787.2,2,1,3,6,Lost,True,2010-10-27 09:18:00,2010-10-27 09:18:00,2010-10
12506,France,233,1,73.5,2,1,1,4,Lost,True,2011-04-21 08:54:00,2011-04-21 08:54:00,2011-04
12507,Spain,134,4,1508.06,3,3,4,10,Potential Loyalists,True,2010-05-04 09:23:00,2011-07-28 17:09:00,2010-05
12508,France,26,2,397.88,4,2,2,8,New Customers,False,2011-11-10 16:27:00,2011-11-13 15:37:00,2011-11
12509,France,284,1,158.5,2,1,1,4,Lost,True,2011-02-28 14:45:00,2011-02-28 14:45:00,2011-02
12510,Spain,143,7,3039.03,3,4,5,12,Potential Loyalists,True,2009-12-04 13:47:00,2011-07-20 10:15:00,2009-12
12511,Greece,429,1,3084.02,1,1,5,7,Cant Lose Them,True,2010-10-07 10:39:00,2010-10-07 10:39:00,2010-10
12512,Israel,66,2,132.18,3,2,1,6,Needs Attention,False,2011-10-04 14:53:00,2011-10-04 14:55:00,2011-10
12513,France,113,1,558.29,3,1,2,6,Needs Attention,True,2011-08-19 10:51:00,2011-08-19 10:51:00,2011-08
12514,Italy,267,2,1597.76,2,2,4,8,Cant Lose Them,True,2010-03-08 12:18:00,2011-03-17 16:38:00,2010-03
12515,Italy,353,1,278.7,2,1,1,4,Lost,True,2010-12-21 15:43:00,2010-12-21 15:43:00,2010-12
12516,Germany,78,4,2288.62,3,3,4,10,Potential Loyalists,False,2010-04-19 14:14:00,2011-09-23 09:13:00,2010-04
12517,Germany,28,4,2301.6,4,3,4,11,Loyal Customers,False,2011-06-02 15:13:00,2011-11-11 13:57:00,2011-06
12518,Germany,1,5,1840.89,5,4,4,13,Champions,False,2011-08-21 13:18:00,2011-12-09 10:13:00,2011-08
12519,Germany,64,2,626.54,3,2,3,8,Needs Attention,False,2010-08-20 08:21:00,2011-10-07 09:26:00,2010-08
12520,Germany,79,5,2346.26,3,4,4,11,Potential Loyalists,False,2011-03-11 11:35:00,2011-09-21 15:23:00,2011-03
12521,Germany,143,1,545.68,3,1,2,6,Needs Attention,True,2011-07-20 10:51:00,2011-07-20 10:51:00,2011-07
12522,Germany,39,2,156.72,4,2,1,7,New Customers,False,2011-10-19 14:41:00,2011-10-31 15:30:00,2011-10
12523,France,19,23,4010.35,5,5,5,15,Champions,False,2009-12-07 13:46:00,2011-11-20 12:55:00,2009-12
12524,Germany,9,17,9794.11,5,5,5,15,Champions,False,2010-02-08 14:41:00,2011-11-30 15:31:00,2010-02
12525,France,498,3,883.73,1,3,3,7,At Risk,True,2010-03-02 14:01:00,2010-07-29 16:08:00,2010-03
12526,Germany,1,3,1172.66,5,3,3,11,Loyal Customers,False,2011-09-06 14:19:00,2011-12-09 12:09:00,2011-09
12527,Germany,82,5,717.51,3,4,3,10,Potential Loyalists,False,2010-06-28 15:37:00,2011-09-19 11:55:00,2010-06
12528,Germany,9,6,1645.48,5,4,4,13,Champions,False,2011-01-31 09:05:00,2011-11-30 14:40:00,2011-01
12529,France,528,1,316.48,1,1,2,4,Lost,True,2010-06-29 13:10:00,2010-06-29 13:10:00,2010-06
12530,Germany,60,9,3381.26,3,5,5,13,Potential Loyalists,False,2010-03-07 14:37:00,2011-10-11 12:34:00,2010-03
12531,Germany,15,2,1771.2,5,2,4,11,New Customers,False,2010-01-22 14:17:00,2011-11-25 11:12:00,2010-01
12532,France,30,1,313.83000000000004,4,1,2,7,New Customers,False,2011-11-09 13:47:00,2011-11-09 13:47:00,2011-11
12533,Germany,628,2,1223.89,1,2,4,7,Cant Lose Them,True,2009-12-01 11:50:00,2010-03-22 10:56:00,2009-12
12534,Germany,131,1,981.18,3,1,3,7,Needs Attention,True,2011-08-01 10:26:00,2011-08-01 10:26:00,2011-08
12535,France,92,2,716.35,3,2,3,8,Needs Attention,True,2011-06-06 12:47:00,2011-09-09 08:48:00,2011-06
12536,France,59,1,4279.71,4,1,5,10,New Customers,False,2011-10-11 14:52:00,2011-10-11 14:52:00,2011-10
12537,Sweden,409,1,612.94,2,1,3,6,Lost,True,2010-10-27 08:36:00,2010-10-27 08:36:00,2010-10
12538,Spain,29,2,640.45,4,2,3,9,New Customers,False,2010-11-26 13:02:00,2011-11-10 17:16:00,2010-11
12539,Spain,22,7,11186.75,4,4,5,13,Champions,False,2009-12-23 13:00:00,2011-11-17 13:30:00,2009-12
12540,Spain,20,32,19250.49,4,5,5,14,Champions,False,2009-12-07 16:56:00,2011-11-20 11:31:00,2009-12
12541,Spain,30,3,841.18,4,3,3,10,Loyal Customers,False,2011-03-04 09:32:00,2011-11-10 10:40:00,2011-03
12542,Spain,484,2,481.88,1,2,2,5,Lost,True,2010-03-09 16:26:00,2010-08-12 19:12:00,2010-03
12543,Spain,448,1,840.25,1,1,3,5,Lost,True,2010-09-17 15:51:00,2010-09-17 15:51:00,2010-09
12544,Spain,36,1,316.7,4,1,2,7,New Customers,False,2011-11-03 16:15:00,2011-11-03 16:15:00,2011-11
12545,Spain,75,2,832.39,3,2,3,8,Needs Attention,False,2011-03-25 12:04:00,2011-09-25 13:39:00,2011-03
12546,Spain,47,2,1021.5,4,2,3,9,New Customers,False,2011-09-23 09:44:00,2011-10-24 12:09:00,2011-09
12547,Spain,198,3,299.58,2,3,2,7,At Risk,True,2010-07-27 13:55:00,2011-05-26 12:38:00,2010-07
12548,Spain,166,1,67.19999999999999,3,1,1,5,Needs Attention,True,2011-06-26 15:35:00,2011-06-26 15:35:00,2011-06
12549,USA,576,5,1570.68,1,4,4,9,At Risk,True,2010-01-11 12:29:00,2010-05-13 12:05:00,2010-01
12550,Spain,79,1,824.83,3,1,3,7,Needs Attention,False,2011-09-21 14:35:00,2011-09-21 14:35:00,2011-09
12551,Spain,358,1,168.0,2,1,1,4,Lost,True,2010-12-17 11:23:00,2010-12-17 11:23:00,2010-12
12552,Italy,40,1,317.82,4,1,2,7,New Customers,False,2011-10-31 12:11:00,2011-10-31 12:11:00,2011-10
12553,France,8,12,4104.75,5,5,5,15,Champions,False,2010-10-12 13:35:00,2011-12-01 16:38:00,2010-10
12554,Spain,449,1,384.5,1,1,2,4,Lost,True,2010-09-17 12:29:00,2010-09-17 12:29:00,2010-09
12556,Spain,50,2,599.56,4,2,2,8,New Customers,False,2011-07-11 13:35:00,2011-10-20 13:06:00,2011-07
12557,Spain,16,8,18096.14,5,4,5,14,Champions,False,2009-12-17 10:39:00,2011-11-23 16:59:00,2009-12
12558,USA,8,1,269.96,5,1,1,7,New Customers,False,2011-12-02 10:41:00,2011-12-02 10:41:00,2011-12
12559,Germany,311,2,525.71,2,2,2,6,Lost,True,2011-01-24 10:12:00,2011-02-02 09:49:00,2011-01
12560,Germany,5,2,1918.01,5,2,4,11,New Customers,False,2011-07-19 15:55:00,2011-12-04 13:54:00,2011-07
12561,Germany,303,1,238.85,2,1,1,4,Lost,True,2011-02-10 11:39:00,2011-02-10 11:39:00,2011-02
12562,France,8,9,4426.92,5,5,5,15,Champions,False,2010-09-30 13:13:00,2011-12-01 17:20:00,2010-09
12563,Italy,409,1,221.24,2,1,1,4,Lost,True,2010-10-27 09:52:00,2010-10-27 09:52:00,2010-10
12564,France,261,1,402.90000000000003,2,1,2,5,Lost,True,2011-03-23 14:55:00,2011-03-23 14:55:00,2011-03
12565,Saudi Arabia,289,1,145.92000000000002,2,1,1,4,Lost,True,2011-02-24 10:34:00,2011-02-24 10:34:00,2011-02
12566,Germany,86,1,297.65,3,1,2,6,Needs Attention,False,2011-09-14 14:30:00,2011-09-14 14:30:00,2011-09
12567,France,23,15,10741.48,4,5,5,14,Champions,False,2010-02-11 10:30:00,2011-11-17 11:02:00,2010-02
12568,Germany,645,1,52.0,1,1,1,3,Lost,True,2010-03-05 09:15:00,2010-03-05 09:15:00,2010-03
12569,Germany,2,32,3152.69,5,5,5,15,Champions,False,2011-04-01 13:47:00,2011-12-07 16:24:00,2011-04
12571,France,40,2,519.61,4,2,2,8,New Customers,False,2011-08-10 12:35:00,2011-10-31 10:19:00,2011-08
12572,Germany,9,2,912.4200000000001,5,2,3,10,New Customers,False,2011-10-19 08:20:00,2011-12-01 09:20:00,2011-10
12573,France,227,5,717.41,2,4,3,9,At Risk,True,2010-08-31 17:25:00,2011-04-26 15:52:00,2010-08
12574,France,316,1,182.45000000000002,2,1,1,4,Lost,True,2011-01-28 09:20:00,2011-01-28 09:20:00,2011-01
12575,France,457,2,568.82,1,2,2,5,Lost,True,2010-07-01 09:15:00,2010-09-08 13:09:00,2010-07
12576,Poland,36,8,2062.7200000000003,4,4,4,12,Champions,False,2010-07-01 13:46:00,2011-11-04 10:11:00,2010-07
12577,France,35,8,1613.15,4,4,4,12,Champions,False,2009-12-03 19:31:00,2011-11-04 13:24:00,2009-12
12578,Italy,21,4,4026.4500000000003,4,3,5,12,Loyal Customers,False,2010-09-22 11:19:00,2011-11-18 13:30:00,2010-09
12579,France,78,1,386.42,3,1,2,6,Needs Attention,False,2011-09-22 17:15:00,2011-09-22 17:15:00,2011-09
12580,Germany,247,2,962.9,2,2,3,7,Lost,True,2010-05-12 11:45:00,2011-04-07 10:24:00,2010-05
12581,Germany,40,1,179.71,4,1,1,6,New Customers,False,2011-10-31 08:56:00,2011-10-31 08:56:00,2011-10
12582,Finland,239,4,1820.4,2,3,4,9,At Risk,True,2010-05-11 09:55:00,2011-04-15 08:45:00,2010-05
12583,France,3,27,12493.58,5,5,5,15,Champions,False,2009-12-06 11:57:00,2011-12-07 08:07:00,2009-12
12584,Italy,4,9,2254.15,5,5,4,14,Champions,False,2011-03-04 15:15:00,2011-12-06 09:35:00,2011-03
12585,Germany,234,2,1824.1,2,2,4,8,Cant Lose Them,True,2010-12-23 12:58:00,2011-04-19 13:39:00,2010-12
12586,Italy,17,4,2062.67,5,3,4,12,Loyal Customers,False,2009-12-16 13:15:00,2011-11-22 16:24:00,2009-12
12587,Finland,8,1,104.0,5,1,1,7,New Customers,False,2011-12-02 12:47:00,2011-12-02 12:47:00,2011-12
12588,Finland,39,3,718.78,4,3,3,10,Loyal Customers,False,2010-04-21 12:22:00,2011-10-31 15:01:00,2010-04
12589,France,29,6,3294.91,4,4,5,13,Champions,False,2010-01-19 12:26:00,2011-11-11 10:19:00,2010-01
12590,Germany,211,1,9341.26,2,1,5,8,Cant Lose Them,True,2011-05-12 14:46:00,2011-05-12 14:46:00,2011-05
12591,Italy,317,3,1114.95,2,3,3,8,At Risk,True,2010-10-27 10:42:00,2011-01-26 14:35:00,2010-10
12592,Germany,92,4,1723.64,3,3,4,10,Potential Loyalists,True,2010-07-08 14:06:00,2011-09-08 15:04:00,2010-07
12593,France,109,3,382.1,3,3,2,8,Potential Loyalists,True,2011-05-05 09:29:00,2011-08-23 12:43:00,2011-05
12594,Italy,38,14,4890.110000000001,4,5,5,14,Champions,False,2010-03-03 13:51:00,2011-11-02 12:20:00,2010-03
12595,Germany,505,1,281.02,1,1,1,3,Lost,True,2010-07-23 09:10:00,2010-07-23 09:10:00,2010-07
12596,Spain,51,2,450.27,4,2,2,8,New Customers,False,2011-04-11 13:22:00,2011-10-19 13:02:00,2011-04
12597,Spain,19,4,3195.22,5,3,5,13,Loyal Customers,False,2011-03-16 14:00:00,2011-11-20 13:33:00,2011-03
12598,France,10,10,4192.09,5,5,5,15,Champions,False,2010-03-01 09:58:00,2011-11-30 12:18:00,2010-03
12599,France,29,13,2026.72,4,5,4,13,Champions,False,2010-05-11 10:42:00,2011-11-10 13:34:00,2010-05
12600,Germany,29,20,4385.85,4,5,5,14,Champions,False,2009-12-07 13:37:00,2011-11-11 10:29:00,2009-12
12601,Germany,190,6,573.26,2,4,2,8,At Risk,True,2010-10-31 10:57:00,2011-06-03 10:17:00,2010-10
12602,France,59,1,153.12,4,1,1,6,New Customers,False,2011-10-12 11:22:00,2011-10-12 11:22:00,2011-10
12603,Germany,22,1,613.1999999999999,4,1,3,8,New Customers,False,2011-11-18 10:42:00,2011-11-18 10:42:00,2011-11
12604,France,79,2,236.18,3,2,1,6,Needs Attention,False,2011-03-23 12:06:00,2011-09-21 14:08:00,2011-03
12605,Germany,376,3,1124.95,2,3,3,8,At Risk,True,2010-09-07 14:21:00,2010-11-28 14:18:00,2010-09
12607,USA,60,1,1579.51,3,1,4,8,Needs Attention,False,2011-10-10 16:06:00,2011-10-10 16:06:00,2011-10
12608,United Kingdom,405,1,415.79,2,1,2,5,Lost,True,2010-10-31 10:49:00,2010-10-31 10:49:00,2010-10
12609,Germany,78,9,3021.86,3,5,5,13,Potential Loyalists,False,2009-12-20 13:30:00,2011-09-22 16:34:00,2009-12
12610,Italy,23,4,1747.54,4,3,4,11,Loyal Customers,False,2011-08-05 13:52:00,2011-11-17 09:34:00,2011-08
12611,Italy,52,1,1193.32,4,1,3,8,New Customers,False,2011-10-18 13:12:00,2011-10-18 13:12:00,2011-10
12612,Germany,74,1,668.04,3,1,3,7,Needs Attention,False,2011-09-26 15:35:00,2011-09-26 15:35:00,2011-09
12613,Germany,57,9,6277.37,4,5,5,14,Champions,False,2009-12-14 13:10:00,2011-10-13 14:59:00,2009-12
12614,Germany,278,1,315.6,2,1,2,5,Lost,True,2011-03-07 10:22:00,2011-03-07 10:22:00,2011-03
12615,France,2,8,5362.9800000000005,5,4,5,14,Champions,False,2010-03-18 14:09:00,2011-12-07 15:02:00,2010-03
12616,France,95,3,1023.1,3,3,3,9,Potential Loyalists,True,2010-11-16 11:38:00,2011-09-05 15:17:00,2010-11
12617,France,29,1,352.98,4,1,2,7,New Customers,False,2011-11-10 14:39:00,2011-11-10 14:39:00,2011-11
12618,Italy,22,1,137.31,4,1,1,6,New Customers,False,2011-11-18 11:10:00,2011-11-18 11:10:00,2011-11
12619,Germany,16,9,3085.7,5,5,5,15,Champions,False,2010-05-28 12:52:00,2011-11-23 14:52:00,2010-05
12620,France,15,3,1303.41,5,3,4,12,Loyal Customers,False,2011-05-19 12:10:00,2011-11-25 10:20:00,2011-05
12621,Germany,2,35,22097.2,5,5,5,15,Champions,False,2010-02-09 12:01:00,2011-12-08 11:25:00,2010-02
12622,Germany,232,1,162.1,2,1,1,4,Lost,True,2011-04-21 16:39:00,2011-04-21 16:39:00,2011-04
12623,Germany,276,7,3315.84,2,4,5,11,At Risk,True,2010-01-12 11:45:00,2011-03-08 13:50:00,2010-01
12624,France,106,2,569.13,3,2,2,7,Needs Attention,True,2011-06-15 12:34:00,2011-08-25 15:04:00,2011-06
12625,Germany,212,4,4678.88,2,3,5,10,At Risk,True,2010-04-22 11:33:00,2011-05-12 09:54:00,2010-04
12626,Germany,23,9,5954.4800000000005,4,5,5,14,Champions,False,2011-01-17 11:01:00,2011-11-16 16:06:00,2011-01
12627,Germany,11,6,4082.53,5,4,5,14,Champions,False,2011-07-22 13:59:00,2011-11-29 12:07:00,2011-07
12628,Germany,4,3,732.46,5,3,3,11,Loyal Customers,False,2011-10-06 09:28:00,2011-12-05 13:15:00,2011-10
12629,Sweden,386,2,1198.22,2,2,3,7,Lost,True,2010-10-12 16:40:00,2010-11-19 09:18:00,2010-10
12630,Finland,10,2,1030.88,5,2,3,10,New Customers,False,2011-10-27 10:41:00,2011-11-30 10:48:00,2011-10
12631,Finland,57,6,3321.57,4,4,5,13,Champions,False,2010-01-15 14:50:00,2011-10-13 13:53:00,2010-01
12632,Germany,521,2,714.88,1,2,3,6,Lost,True,2010-05-24 09:07:00,2010-07-07 09:39:00,2010-05
12633,Germany,59,7,5156.16,4,4,5,13,Champions,False,2010-07-02 11:44:00,2011-10-12 11:40:00,2010-07
12634,USA,548,1,360.0,1,1,2,4,Lost,True,2010-06-09 15:41:00,2010-06-09 15:41:00,2010-06
12635,Germany,90,4,2624.41,3,3,4,10,Potential Loyalists,False,2010-09-09 10:50:00,2011-09-11 11:04:00,2010-09
12637,France,67,12,8085.81,3,5,5,13,Potential Loyalists,False,2010-06-14 13:36:00,2011-10-03 13:46:00,2010-06
12638,Sweden,33,2,681.49,4,2,3,9,New Customers,False,2010-03-10 10:30:00,2011-11-06 13:11:00,2010-03
12639,Sweden,239,3,1072.3700000000001,2,3,3,8,At Risk,True,2010-03-22 09:05:00,2011-04-15 12:48:00,2010-03
12640,France,24,3,994.58,4,3,3,10,Loyal Customers,False,2011-09-19 12:01:00,2011-11-16 11:52:00,2011-09
12641,Sweden,115,1,145.9,3,1,1,5,Needs Attention,True,2011-08-16 13:26:00,2011-08-16 13:26:00,2011-08
12642,Germany,25,3,905.26,4,3,3,10,Loyal Customers,False,2011-08-24 09:23:00,2011-11-14 15:03:00,2011-08
12643,France,128,11,7803.82,3,5,5,13,Potential Loyalists,True,2010-04-07 14:16:00,2011-08-03 12:56:00,2010-04
12644,Germany,130,4,1900.49,3,3,4,10,Potential Loyalists,True,2010-01-14 13:02:00,2011-08-02 10:33:00,2010-01
12645,Germany,34,8,3215.3,4,4,5,13,Champions,False,2010-02-09 10:49:00,2011-11-06 12:38:00,2010-02
12646,USA,5,2,1346.97,5,2,4,11,New Customers,False,2011-10-21 12:52:00,2011-12-05 10:14:00,2011-10
12647,Germany,22,35,14109.55,4,5,5,14,Champions,False,2010-01-13 15:06:00,2011-11-17 12:56:00,2010-01
12648,Germany,155,4,1039.0,3,3,3,9,Potential Loyalists,True,2010-01-07 18:38:00,2011-07-08 11:55:00,2010-01
12649,Germany,107,8,2096.65,3,4,4,11,Potential Loyalists,True,2010-01-12 17:24:00,2011-08-24 14:41:00,2010-01
12650,France,3,1,242.44,5,1,1,7,New Customers,False,2011-12-06 16:34:00,2011-12-06 16:34:00,2011-12
12651,France,335,4,377.75,2,3,2,7,At Risk,True,2010-08-31 15:21:00,2011-01-09 12:46:00,2010-08
12652,Germany,331,2,891.0300000000001,2,2,3,7,Lost,True,2010-10-01 15:16:00,2011-01-12 15:00:00,2010-10
12653,Israel,149,3,4160.83,3,3,5,11,Potential Loyalists,True,2010-07-01 09:56:00,2011-07-14 10:41:00,2010-07
12654,Germany,11,5,529.98,5,4,2,11,Loyal Customers,False,2011-02-17 13:16:00,2011-11-29 10:10:00,2011-02
12655,France,424,1,243.35000000000002,1,1,1,3,Lost,True,2010-10-12 09:17:00,2010-10-12 09:17:00,2010-10
12656,France,17,8,5723.83,5,4,5,14,Champions,False,2010-05-26 09:00:00,2011-11-22 13:42:00,2010-05
12657,France,11,4,1427.18,5,3,4,12,Loyal Customers,False,2011-09-22 11:40:00,2011-11-28 15:47:00,2011-09
12658,Germany,19,1,632.05,5,1,3,9,New Customers,False,2011-11-21 10:22:00,2011-11-21 10:22:00,2011-11
12659,France,30,1,73.67999999999999,4,1,1,6,New Customers,False,2011-11-10 11:53:00,2011-11-10 11:53:00,2011-11
12660,France,11,1,227.10000000000002,5,1,1,7,New Customers,False,2011-11-28 13:26:00,2011-11-28 13:26:00,2011-11
12661,Sweden,436,1,162.0,1,1,1,3,Lost,True,2010-09-29 16:46:00,2010-09-29 16:46:00,2010-09
12662,Germany,1,20,6130.54,5,5,5,15,Champions,False,2010-04-01 09:50:00,2011-12-09 11:59:00,2010-04
12663,Germany,625,2,185.4,1,2,1,4,Lost,True,2010-02-09 14:28:00,2010-03-25 09:40:00,2010-02
12664,Finland,8,11,5420.04,5,5,5,15,Champions,False,2009-12-13 10:28:00,2011-12-01 17:07:00,2009-12
12665,Germany,325,3,259.6,2,3,1,6,At Risk,True,2010-02-08 15:11:00,2011-01-19 08:34:00,2010-02
12666,Israel,394,1,1248.42,2,1,4,7,Cant Lose Them,True,2010-11-10 16:40:00,2010-11-10 16:40:00,2010-11
12667,Finland,58,1,460.13,4,1,2,7,New Customers,False,2011-10-12 17:00:00,2011-10-12 17:00:00,2011-10
12668,Germany,12,9,9906.03,5,5,5,15,Champions,False,2010-01-31 15:45:00,2011-11-28 10:56:00,2010-01
12669,France,151,2,1427.73,3,2,4,9,Needs Attention,True,2011-03-28 10:15:00,2011-07-12 09:54:00,2011-03
12670,France,10,7,3436.29,5,4,5,14,Champions,False,2010-02-11 10:13:00,2011-11-29 15:23:00,2010-02
12671,Germany,606,1,2622.48,1,1,4,6,Cant Lose Them,True,2010-04-12 16:30:00,2010-04-12 16:30:00,2010-04
12672,France,330,2,407.05,2,2,2,6,Lost,True,2010-04-23 09:57:00,2011-01-14 09:20:00,2010-04
12673,Germany,5,3,1140.02,5,3,3,11,Loyal Customers,False,2010-11-03 10:46:00,2011-12-04 13:55:00,2010-11
12674,France,39,4,1844.6,4,3,4,11,Loyal Customers,False,2011-05-16 09:10:00,2011-11-01 12:12:00,2011-05
12675,Italy,554,2,873.25,1,2,3,6,Lost,True,2010-05-10 16:44:00,2010-06-04 09:49:00,2010-05
12676,Sweden,25,10,2333.09,4,5,4,13,Champions,False,2010-08-13 13:29:00,2011-11-15 12:25:00,2010-08
12677,France,555,2,359.1,1,2,2,5,Lost,True,2010-02-11 13:55:00,2010-06-02 14:30:00,2010-02
12678,France,42,15,32595.18,4,5,5,14,Champions,False,2010-01-07 16:46:00,2011-10-28 13:04:00,2010-01
12679,France,59,4,951.02,4,3,3,10,Loyal Customers,False,2011-03-01 12:26:00,2011-10-12 12:30:00,2011-03
12680,France,1,4,790.81,5,3,3,11,Loyal Customers,False,2011-08-18 15:44:00,2011-12-09 12:50:00,2011-08
12681,France,15,44,26936.760000000002,5,5,5,15,Champions,False,2009-12-13 13:31:00,2011-11-25 11:33:00,2009-12
12682,France,4,51,20736.22,5,5,5,15,Champions,False,2009-12-01 09:28:00,2011-12-06 10:00:00,2009-12
12683,France,4,20,10445.7,5,5,5,15,Champions,False,2009-12-13 15:01:00,2011-12-05 16:28:00,2009-12
12684,France,8,6,2073.63,5,4,4,13,Champions,False,2011-05-10 12:55:00,2011-12-02 09:53:00,2011-05
12685,France,28,6,2575.08,4,4,4,12,Champions,False,2011-09-07 10:28:00,2011-11-11 13:46:00,2011-09
12686,France,372,1,71.14,2,1,1,4,Lost,True,2010-12-03 09:51:00,2010-12-03 09:51:00,2010-12
12687,Sweden,481,1,1858.91,1,1,4,6,Cant Lose Them,True,2010-08-16 12:12:00,2010-08-16 12:12:00,2010-08
12688,Israel,114,1,4873.81,3,1,5,9,Needs Attention,True,2011-08-18 08:49:00,2011-08-18 08:49:00,2011-08
12689,France,26,2,1139.6100000000001,4,2,3,9,New Customers,False,2011-08-04 10:04:00,2011-11-14 08:31:00,2011-08
12690,France,206,1,335.01,2,1,2,5,Lost,True,2011-05-18 09:09:00,2011-05-18 09:09:00,2011-05
12691,France,28,6,1044.4,4,4,3,11,Loyal Customers,False,2010-10-15 12:00:00,2011-11-11 16:49:00,2010-10
12692,France,637,1,110.95,1,1,1,3,Lost,True,2010-03-12 14:02:00,2010-03-12 14:02:00,2010-03
12693,Germany,127,7,1415.02,3,4,4,11,Potential Loyalists,True,2010-07-05 13:56:00,2011-08-04 17:51:00,2010-07
12694,France,70,3,1663.35,3,3,4,10,Potential Loyalists,False,2010-10-14 19:39:00,2011-09-30 13:06:00,2010-10
12695,France,7,7,1371.1200000000001,5,4,4,13,Champions,False,2010-02-12 13:22:00,2011-12-02 13:22:00,2010-02
12696,Finland,435,2,731.91,1,2,3,6,Lost,True,2010-07-19 10:02:00,2010-10-01 10:43:00,2010-07
12697,Sweden,29,3,757.59,4,3,3,10,Loyal Customers,False,2011-06-23 15:44:00,2011-11-11 08:47:00,2011-06
12698,Germany,590,1,285.75,1,1,2,4,Lost,True,2010-04-28 15:51:00,2010-04-28 15:51:00,2010-04
12699,Germany,418,1,566.11,1,1,2,4,Lost,True,2010-10-18 12:07:00,2010-10-18 12:07:00,2010-10
12700,France,8,4,4525.99,5,3,5,13,Loyal Customers,False,2011-05-08 16:10:00,2011-12-02 10:47:00,2011-05
12701,Germany,80,6,2248.41,3,4,4,11,Potential Loyalists,False,2010-03-16 13:23:00,2011-09-21 10:47:00,2010-03
12702,Germany,20,1,201.0,4,1,1,6,New Customers,False,2011-11-20 10:36:00,2011-11-20 10:36:00,2011-11
12703,Germany,71,4,898.53,3,3,3,9,Potential Loyalists,False,2010-01-24 12:05:00,2011-09-29 17:52:00,2010-01
12704,Finland,7,8,1740.84,5,4,4,13,Champions,False,2011-06-23 10:20:00,2011-12-02 13:15:00,2011-06
12705,Germany,15,13,11114.1,5,5,5,15,Champions,False,2010-06-24 09:51:00,2011-11-24 13:17:00,2010-06
12707,France,292,1,603.42,2,1,2,5,Lost,True,2011-02-21 08:38:00,2011-02-21 08:38:00,2011-02
12708,Germany,30,18,4559.66,4,5,5,14,Champions,False,2009-12-18 10:25:00,2011-11-10 09:52:00,2009-12
12709,Germany,15,32,29487.18,5,5,5,15,Champions,False,2009-12-09 13:49:00,2011-11-24 15:38:00,2009-12
12710,Germany,97,3,1023.02,3,3,3,9,Potential Loyalists,True,2011-05-22 14:05:00,2011-09-04 12:00:00,2011-05
12711,Germany,612,2,1213.05,1,2,4,7,Cant Lose Them,True,2010-02-01 11:30:00,2010-04-07 11:59:00,2010-02
12712,Germany,29,21,5985.03,4,5,5,14,Champions,False,2009-12-09 10:46:00,2011-11-11 08:19:00,2009-12
12713,Germany,1,1,794.55,5,1,3,9,New Customers,False,2011-12-09 12:16:00,2011-12-09 12:16:00,2011-12
12714,France,9,12,12815.710000000001,5,5,5,15,Champions,False,2009-12-04 10:00:00,2011-11-30 15:43:00,2009-12
12715,Sweden,106,1,263.36,3,1,1,5,Needs Attention,True,2011-08-25 15:22:00,2011-08-25 15:22:00,2011-08
12716,France,4,2,963.49,5,2,3,10,New Customers,False,2011-07-29 13:28:00,2011-12-06 08:55:00,2011-07
12717,Greece,151,3,1058.91,3,3,3,9,Potential Loyalists,True,2010-04-28 14:34:00,2011-07-11 14:47:00,2010-04
12718,France,71,1,202.25,3,1,1,5,Needs Attention,False,2011-09-29 16:38:00,2011-09-29 16:38:00,2011-09
12719,France,5,2,572.95,5,2,2,9,New Customers,False,2011-10-05 14:50:00,2011-12-04 13:45:00,2011-10
12720,Germany,3,29,6905.28,5,5,5,15,Champions,False,2010-07-21 09:46:00,2011-12-07 08:03:00,2010-07
12721,France,32,8,3635.08,4,4,5,13,Champions,False,2010-08-25 11:07:00,2011-11-08 12:13:00,2010-08
12722,France,85,4,979.63,3,3,3,9,Potential Loyalists,False,2011-07-12 11:55:00,2011-09-15 14:50:00,2011-07
12723,France,4,5,707.07,5,4,3,12,Loyal Customers,False,2011-10-05 15:52:00,2011-12-06 10:19:00,2011-10
12724,France,5,7,2083.52,5,4,4,13,Champions,False,2010-06-22 14:00:00,2011-12-04 16:02:00,2010-06
12725,Italy,371,3,1906.76,2,3,4,9,At Risk,True,2010-05-04 13:59:00,2010-12-03 15:45:00,2010-05
12726,France,28,11,3690.6,4,5,5,14,Champions,False,2010-03-25 16:25:00,2011-11-11 13:35:00,2010-03
12727,France,11,10,4905.53,5,5,5,15,Champions,False,2010-02-23 09:54:00,2011-11-29 11:46:00,2010-02
12728,France,71,5,926.17,3,4,3,10,Potential Loyalists,False,2010-11-21 11:34:00,2011-09-29 15:31:00,2010-11
12729,France,114,1,417.01,3,1,2,6,Needs Attention,True,2011-08-18 11:40:00,2011-08-18 11:40:00,2011-08
12730,Germany,522,1,703.25,1,1,3,5,Lost,True,2010-07-06 12:19:00,2010-07-06 12:19:00,2010-07
12731,France,24,17,25631.71,4,5,5,14,Champions,False,2010-03-02 09:23:00,2011-11-16 11:59:00,2010-03
12732,France,180,1,218.26000000000002,3,1,1,5,Needs Attention,True,2011-06-13 11:33:00,2011-06-13 11:33:00,2011-06
12733,USA,234,4,2424.02,2,3,4,9,At Risk,True,2010-01-19 13:23:00,2011-04-19 16:19:00,2010-01
12734,France,353,3,603.65,2,3,3,8,At Risk,True,2010-11-12 13:26:00,2010-12-22 12:47:00,2010-11
12735,France,315,2,689.5699999999999,2,2,3,7,Lost,True,2011-01-06 14:26:00,2011-01-28 13:37:00,2011-01
12736,France,333,1,144.0,2,1,1,4,Lost,True,2011-01-11 07:57:00,2011-01-11 07:57:00,2011-01
12738,Germany,372,1,137.35,2,1,1,4,Lost,True,2010-12-02 18:27:00,2010-12-02 18:27:00,2010-12
12739,United Arab Emirates,99,2,2421.23,3,2,4,9,Needs Attention,True,2010-11-10 14:27:00,2011-09-01 17:45:00,2010-11
12740,France,64,1,427.6,3,1,2,6,Needs Attention,False,2011-10-07 10:44:00,2011-10-07 10:44:00,2011-10
12741,USA,533,1,236.07,1,1,1,3,Lost,True,2010-06-24 16:24:00,2010-06-24 16:24:00,2010-06
12742,United Arab Emirates,626,1,1201.52,1,1,3,5,Lost,True,2010-03-24 12:43:00,2010-03-24 12:43:00,2010-03
12743,Unspecified,134,2,540.13,3,2,2,7,Needs Attention,True,2011-07-28 16:06:00,2011-07-28 16:21:00,2011-07
12744,Singapore,56,8,13158.16,4,4,5,13,Champions,False,2010-04-27 16:19:00,2011-10-14 14:54:00,2010-04
12745,United Kingdom,487,2,723.85,1,2,3,6,Lost,True,2010-05-14 16:50:00,2010-08-10 10:14:00,2010-05
12746,United Kingdom,541,1,254.55,1,1,1,3,Lost,True,2010-06-17 10:41:00,2010-06-17 10:41:00,2010-06
12747,United Kingdom,2,26,8898.48,5,5,5,15,Champions,False,2009-12-07 13:23:00,2011-12-07 14:34:00,2009-12
12748,United Kingdom,1,322,49176.74,5,5,5,15,Champions,False,2009-12-04 17:31:00,2011-12-09 12:20:00,2009-12
12749,United Kingdom,4,9,6847.36,5,5,5,15,Champions,False,2010-07-06 15:05:00,2011-12-06 09:56:00,2010-07
12750,Poland,129,1,275.88,3,1,1,5,Needs Attention,True,2011-08-03 09:13:00,2011-08-03 09:13:00,2011-08
12751,Brazil,445,1,268.27,1,1,1,3,Lost,True,2010-09-21 12:49:00,2010-09-21 12:49:00,2010-09
12752,Norway,81,1,4366.78,3,1,5,9,Needs Attention,False,2011-09-19 13:32:00,2011-09-19 13:32:00,2011-09
12753,Japan,23,6,21429.39,4,4,5,13,Champions,False,2010-12-12 11:44:00,2011-11-17 10:52:00,2010-12
12754,Japan,236,3,3010.74,2,3,5,10,At Risk,True,2011-02-04 10:31:00,2011-04-18 09:00:00,2011-02
12755,Japan,281,11,5236.26,2,5,5,12,At Risk,True,2010-01-15 11:57:00,2011-03-04 12:42:00,2010-01
12756,Japan,87,1,112.08,3,1,1,5,Needs Attention,False,2011-09-14 09:31:00,2011-09-14 09:31:00,2011-09
12757,Portugal,16,9,4176.75,5,5,5,15,Champions,False,2011-05-12 19:01:00,2011-11-24 12:30:00,2011-05
12758,Portugal,117,7,9903.24,3,4,5,12,Potential Loyalists,True,2009-12-01 14:40:00,2011-08-15 10:22:00,2009-12
12759,Netherlands,52,8,4618.74,4,4,5,13,Champions,False,2009-12-04 10:47:00,2011-10-18 14:49:00,2009-12
12760,Netherlands,456,1,317.8,1,1,2,4,Lost,True,2010-09-10 08:50:00,2010-09-10 08:50:00,2010-09
12761,Netherlands,465,1,712.95,1,1,3,5,Lost,True,2010-09-01 10:47:00,2010-09-01 10:47:00,2010-09
12762,Portugal,8,2,1702.52,5,2,4,11,New Customers,False,2011-11-14 14:23:00,2011-12-02 10:23:00,2011-11
12763,Japan,138,2,494.08,3,2,2,7,Needs Attention,True,2010-12-05 15:46:00,2011-07-24 14:12:00,2010-12
12764,Lebanon,317,1,1693.88,2,1,4,7,Cant Lose Them,True,2011-01-27 10:19:00,2011-01-27 10:19:00,2011-01
12765,Netherlands,472,6,1299.58,1,4,4,9,At Risk,True,2010-03-08 09:43:00,2010-08-24 13:51:00,2010-03
12766,Portugal,4,9,8134.99,5,5,5,15,Champions,False,2010-10-28 09:29:00,2011-12-06 08:46:00,2010-10
12767,Korea,376,1,949.82,2,1,3,6,Lost,True,2010-11-29 09:38:00,2010-11-29 09:38:00,2010-11
12768,Korea,451,1,168.69,1,1,1,3,Lost,True,2010-09-15 12:08:00,2010-09-15 12:08:00,2010-09
12769,Brazil,239,1,1143.6,2,1,3,6,Lost,True,2011-04-15 10:25:00,2011-04-15 10:25:00,2011-04
12770,Japan,211,2,3246.45,2,2,5,9,Cant Lose Them,True,2010-09-09 11:43:00,2011-05-13 09:33:00,2010-09
12771,Portugal,486,1,226.29999999999998,1,1,1,3,Lost,True,2010-08-11 11:51:00,2010-08-11 11:51:00,2010-08
12772,Portugal,60,1,752.47,3,1,3,7,Needs Attention,False,2011-10-11 09:19:00,2011-10-11 09:19:00,2011-10
12773,Portugal,564,1,124.25,1,1,1,3,Lost,True,2010-05-24 17:30:00,2010-05-24 17:30:00,2010-05
12774,Netherlands,536,1,83.7,1,1,1,3,Lost,True,2010-06-22 10:38:00,2010-06-22 10:38:00,2010-06
12775,Netherlands,17,7,1551.1200000000001,5,4,4,13,Champions,False,2010-10-26 14:24:00,2011-11-22 16:33:00,2010-10
12776,Portugal,668,1,27.5,1,1,1,3,Lost,True,2010-02-10 12:11:00,2010-02-10 12:11:00,2010-02
12777,United Kingdom,458,1,519.45,1,1,2,4,Lost,True,2010-09-08 11:35:00,2010-09-08 11:35:00,2010-09
12778,Netherlands,20,9,1541.68,4,5,4,13,Champions,False,2010-04-16 09:57:00,2011-11-20 11:30:00,2010-04
12779,Poland,38,14,6474.11,4,5,5,14,Champions,False,2009-12-03 07:25:00,2011-11-02 11:43:00,2009-12
12780,Netherlands,599,1,322.4,1,1,2,4,Lost,True,2010-04-20 09:40:00,2010-04-20 09:40:00,2010-04
12781,Czech Republic,64,2,786.74,3,2,3,8,Needs Attention,False,2011-02-28 08:43:00,2011-10-07 10:37:00,2011-02
12782,Portugal,5,11,3862.2400000000002,5,5,5,15,Champions,False,2010-07-08 13:31:00,2011-12-05 09:16:00,2010-07
12783,Portugal,2,4,1295.8700000000001,5,3,4,12,Loyal Customers,False,2011-09-25 15:35:00,2011-12-07 15:56:00,2011-09
12784,Portugal,15,2,1511.15,5,2,4,11,New Customers,False,2010-06-28 13:06:00,2011-11-24 12:53:00,2010-06
12785,Portugal,364,3,904.4,2,3,3,8,At Risk,True,2009-12-08 13:56:00,2010-12-10 13:48:00,2009-12
12786,Netherlands,610,1,668.5000000000001,1,1,3,5,Lost,True,2010-04-09 12:12:00,2010-04-09 12:12:00,2010-04
12787,Netherlands,10,4,799.1800000000001,5,3,3,11,Loyal Customers,False,2010-10-22 14:57:00,2011-11-30 08:44:00,2010-10
12788,Netherlands,463,4,384.90000000000003,1,3,2,6,At Risk,True,2010-06-29 13:05:00,2010-09-02 14:21:00,2010-06
12789,Netherlands,65,3,225.35,3,3,1,7,Potential Loyalists,False,2010-01-15 12:06:00,2011-10-05 13:34:00,2010-01
12790,Netherlands,192,2,546.85,2,2,2,6,Lost,True,2010-10-25 13:04:00,2011-05-31 14:14:00,2010-10
12791,Netherlands,374,5,656.83,2,4,3,9,At Risk,True,2010-03-25 17:29:00,2010-12-01 11:27:00,2010-03
12792,Portugal,257,2,715.01,2,2,3,7,Lost,True,2010-06-23 10:49:00,2011-03-28 11:36:00,2010-06
12793,Portugal,335,3,745.53,2,3,3,8,At Risk,True,2010-11-03 13:05:00,2011-01-09 12:12:00,2010-11
12794,Portugal,53,2,860.41,4,2,3,9,New Customers,False,2011-09-02 12:01:00,2011-10-17 14:54:00,2011-09
12795,Portugal,19,1,318.48,5,1,2,8,New Customers,False,2011-11-21 10:27:00,2011-11-21 10:27:00,2011-11
12796,Netherlands,628,1,351.0,1,1,2,4,Lost,True,2010-03-21 15:49:00,2010-03-21 15:49:00,2010-03
12797,Portugal,366,2,468.08000000000004,2,2,2,6,Lost,True,2010-10-11 12:53:00,2010-12-09 10:55:00,2010-10
12798,Japan,10,4,8510.93,5,3,5,13,Loyal Customers,False,2010-10-14 12:27:00,2011-11-29 15:52:00,2010-10
12799,Japan,529,1,219.35,1,1,1,3,Lost,True,2010-06-28 15:57:00,2010-06-28 15:57:00,2010-06
12800,Portugal,470,2,500.25,1,2,2,5,Lost,True,2010-02-01 11:02:00,2010-08-26 14:11:00,2010-02
12801,Sweden,501,1,871.82,1,1,3,5,Lost,True,2010-07-27 09:38:00,2010-07-27 09:38:00,2010-07
12802,Netherlands,187,5,2186.42,3,4,4,11,Potential Loyalists,True,2010-05-25 09:34:00,2011-06-06 09:36:00,2010-05
12803,Netherlands,393,1,1017.81,2,1,3,6,Lost,True,2010-11-11 14:57:00,2010-11-11 14:57:00,2010-11
12804,Netherlands,466,2,325.37,1,2,2,5,Lost,True,2010-07-27 13:52:00,2010-08-31 11:58:00,2010-07
12805,Netherlands,382,4,1230.95,2,3,4,9,At Risk,True,2010-02-03 09:06:00,2010-11-23 12:27:00,2010-02
12806,Netherlands,572,2,2558.96,1,2,4,7,Cant Lose Them,True,2010-04-30 10:44:00,2010-05-16 13:49:00,2010-04
12807,Sweden,383,1,250.35,2,1,1,4,Lost,True,2010-11-21 14:21:00,2010-11-21 14:21:00,2010-11
12808,Portugal,37,5,748.7,4,4,3,11,Loyal Customers,False,2010-09-03 10:24:00,2011-11-03 10:05:00,2010-09
12809,Portugal,178,3,1384.3400000000001,3,3,4,10,Potential Loyalists,True,2010-03-02 14:19:00,2011-06-15 10:51:00,2010-03
12810,Japan,535,2,534.99,1,2,2,5,Lost,True,2010-02-01 09:52:00,2010-06-23 10:53:00,2010-02
12811,Portugal,262,4,893.9,2,3,3,8,At Risk,True,2010-10-08 12:20:00,2011-03-23 10:55:00,2010-10
12812,Japan,45,1,229.64000000000001,4,1,1,6,New Customers,False,2011-10-26 09:54:00,2011-10-26 09:54:00,2011-10
12813,Netherlands,502,3,1621.8,1,3,4,8,At Risk,True,2010-01-15 16:52:00,2010-07-26 09:50:00,2010-01
12814,Poland,102,1,85.92,3,1,1,5,Needs Attention,True,2011-08-30 12:11:00,2011-08-30 12:11:00,2011-08
12815,Poland,148,2,863.46,3,2,3,8,Needs Attention,True,2011-05-25 13:34:00,2011-07-15 10:21:00,2011-05
12816,Poland,96,2,452.2,3,2,2,7,Needs Attention,True,2011-06-16 13:24:00,2011-09-05 12:41:00,2011-06
12817,Austria,281,3,570.98,2,3,2,7,At Risk,True,2010-10-01 08:57:00,2011-03-03 16:28:00,2010-10
12818,Austria,262,1,1182.0800000000002,2,1,3,6,Lost,True,2011-03-23 12:06:00,2011-03-23 12:06:00,2011-03
12819,United Kingdom,458,1,540.52,1,1,2,4,Lost,True,2010-09-07 15:20:00,2010-09-07 15:20:00,2010-09
12820,United Kingdom,3,11,2689.52,5,5,4,14,Champions,False,2009-12-05 13:37:00,2011-12-06 15:12:00,2009-12
12821,United Kingdom,214,2,220.8,2,2,1,5,Lost,True,2010-04-07 15:14:00,2011-05-09 15:51:00,2010-04
12822,United Kingdom,71,2,948.88,3,2,3,8,Needs Attention,False,2011-09-13 13:46:00,2011-09-30 10:04:00,2011-09
12823,United Kingdom,75,18,6501.5,3,5,5,13,Potential Loyalists,False,2010-01-29 12:52:00,2011-09-26 07:35:00,2010-01
12824,United Kingdom,60,1,397.12,3,1,2,6,Needs Attention,False,2011-10-11 12:49:00,2011-10-11 12:49:00,2011-10
12825,United Kingdom,521,2,518.63,1,2,2,5,Lost,True,2010-03-08 10:17:00,2010-07-06 13:56:00,2010-03
12826,United Kingdom,3,12,2800.75,5,5,4,14,Champions,False,2009-12-18 10:43:00,2011-12-07 10:25:00,2009-12
12827,United Kingdom,6,3,430.15,5,3,2,10,Loyal Customers,False,2011-10-26 15:44:00,2011-12-04 12:17:00,2011-10
12828,United Kingdom,3,6,1018.71,5,4,3,12,Loyal Customers,False,2011-08-01 16:16:00,2011-12-07 08:45:00,2011-08
12829,United Kingdom,337,3,385.3,2,3,2,7,At Risk,True,2010-06-07 15:04:00,2011-01-07 11:13:00,2010-06
12830,United Kingdom,38,6,6814.64,4,4,5,13,Champions,False,2011-06-21 10:53:00,2011-11-02 11:54:00,2011-06
12831,United Kingdom,262,3,451.11,2,3,2,7,At Risk,True,2010-09-02 15:58:00,2011-03-22 13:02:00,2010-09
12832,United Kingdom,32,2,383.03000000000003,4,2,2,8,New Customers,False,2011-09-02 13:48:00,2011-11-07 13:30:00,2011-09
12833,United Kingdom,145,1,417.38,3,1,2,6,Needs Attention,True,2011-07-17 13:46:00,2011-07-17 13:46:00,2011-07
12834,United Kingdom,283,1,312.38,2,1,2,5,Lost,True,2011-03-02 09:49:00,2011-03-02 09:49:00,2011-03
12835,United Kingdom,428,41,5996.83,1,5,5,11,At Risk,True,2009-12-03 12:13:00,2010-10-08 10:59:00,2009-12
12836,United Kingdom,59,15,6559.7300000000005,4,5,5,14,Champions,False,2009-12-01 14:19:00,2011-10-11 15:10:00,2009-12
12837,United Kingdom,173,2,662.66,3,2,3,8,Needs Attention,True,2010-05-19 15:10:00,2011-06-19 16:07:00,2010-05
12838,United Kingdom,34,10,2975.91,4,5,5,14,Champions,False,2010-04-26 09:59:00,2011-11-06 12:20:00,2010-04
12839,United Kingdom,3,26,9669.12,5,5,5,15,Champions,False,2009-12-07 09:18:00,2011-12-07 12:33:00,2009-12
12840,United Kingdom,144,7,4041.9700000000003,3,4,5,12,Potential Loyalists,True,2010-02-03 14:51:00,2011-07-19 09:29:00,2010-02
12841,United Kingdom,5,40,6958.2,5,5,5,15,Champions,False,2010-07-08 15:38:00,2011-12-05 11:13:00,2010-07
12842,United Kingdom,70,4,1917.99,3,3,4,10,Potential Loyalists,False,2009-12-02 08:15:00,2011-09-30 15:33:00,2009-12
12843,United Kingdom,66,28,6461.87,3,5,5,13,Potential Loyalists,False,2009-12-13 11:41:00,2011-10-05 12:09:00,2009-12
12844,United Kingdom,29,4,648.6,4,3,3,10,Loyal Customers,False,2010-04-25 11:51:00,2011-11-10 13:31:00,2010-04
12845,United Kingdom,267,4,354.09000000000003,2,3,2,7,At Risk,True,2011-02-22 14:10:00,2011-03-17 13:34:00,2011-02
12847,United Kingdom,22,2,1609.0,4,2,4,10,New Customers,False,2010-11-17 12:44:00,2011-11-17 13:16:00,2010-11
12848,United Kingdom,676,1,208.0,1,1,1,3,Lost,True,2010-02-02 12:45:00,2010-02-02 12:45:00,2010-02
12849,United Kingdom,31,6,3015.98,4,4,5,13,Champions,False,2010-04-27 13:44:00,2011-11-08 13:41:00,2010-04
12850,United Kingdom,446,1,330.0,1,1,2,4,Lost,True,2010-09-20 12:26:00,2010-09-20 12:26:00,2010-09
12851,United Kingdom,97,2,280.76,3,2,1,6,Needs Attention,True,2010-08-19 15:13:00,2011-09-04 12:41:00,2010-08
12852,United Kingdom,295,1,311.55,2,1,2,5,Lost,True,2011-02-18 08:47:00,2011-02-18 08:47:00,2011-02
12853,United Kingdom,135,11,3907.5,3,5,5,13,Potential Loyalists,True,2010-02-05 11:57:00,2011-07-28 11:29:00,2010-02
12854,United Kingdom,79,7,2970.9700000000003,3,4,5,12,Potential Loyalists,False,2009-12-11 12:55:00,2011-09-22 12:15:00,2009-12
12855,United Kingdom,373,4,612.84,2,3,3,8,At Risk,True,2010-11-02 18:16:00,2010-12-02 09:37:00,2010-11
12856,United Kingdom,8,6,2170.78,5,4,4,13,Champions,False,2011-10-07 12:38:00,2011-12-02 10:52:00,2011-10
12857,United Kingdom,211,6,3688.0,2,4,5,11,At Risk,True,2010-01-25 15:37:00,2011-05-13 10:20:00,2010-01
12858,United Kingdom,383,1,147.27,2,1,1,4,Lost,True,2010-11-21 12:55:00,2010-11-21 12:55:00,2010-11
12859,United Kingdom,459,1,575.1,1,1,2,4,Lost,True,2010-09-07 12:20:00,2010-09-07 12:20:00,2010-09
12860,United Kingdom,693,1,54.22,1,1,1,3,Lost,True,2010-01-15 15:22:00,2010-01-15 15:22:00,2010-01
12861,United Kingdom,620,1,68.25,1,1,1,3,Lost,True,2010-03-30 11:39:00,2010-03-30 11:39:00,2010-03
12862,United Kingdom,426,2,984.62,1,2,3,6,Lost,True,2010-08-01 15:20:00,2010-10-10 11:47:00,2010-08
12863,United Kingdom,52,6,2792.55,4,4,4,12,Champions,False,2010-04-29 13:54:00,2011-10-18 14:15:00,2010-04
12864,United Kingdom,138,2,299.57,3,2,2,7,Needs Attention,True,2010-07-19 17:22:00,2011-07-24 13:03:00,2010-07
12865,Austria,26,4,3323.4700000000003,4,3,5,12,Loyal Customers,False,2010-08-20 12:20:00,2011-11-13 14:31:00,2010-08
12866,Belgium,283,3,1092.35,2,3,3,8,At Risk,True,2010-07-25 11:37:00,2011-03-01 14:11:00,2010-07
12867,United Kingdom,26,13,7829.26,4,5,5,14,Champions,False,2009-12-16 16:25:00,2011-11-13 15:30:00,2009-12
12868,United Kingdom,186,8,2043.76,3,4,4,11,Potential Loyalists,True,2010-11-12 10:05:00,2011-06-07 10:42:00,2010-11
12869,United Kingdom,682,1,337.66999999999996,1,1,2,4,Lost,True,2010-01-27 12:10:00,2010-01-27 12:10:00,2010-01
12870,United Kingdom,375,3,1676.95,2,3,4,9,At Risk,True,2010-03-25 14:32:00,2010-11-29 13:42:00,2010-03
12871,United Kingdom,84,3,744.02,3,3,3,9,Potential Loyalists,False,2010-09-26 10:34:00,2011-09-16 15:07:00,2010-09
12872,United Kingdom,327,12,3283.96,2,5,5,12,At Risk,True,2009-12-03 20:03:00,2011-01-17 10:52:00,2009-12
12873,United Kingdom,282,3,2027.3,2,3,4,9,At Risk,True,2010-01-27 09:50:00,2011-03-02 14:58:00,2010-01
12874,Belgium,385,2,873.42,2,2,3,7,Lost,True,2010-06-03 12:51:00,2010-11-19 15:23:00,2010-06
12875,United Kingdom,143,5,1356.9900000000002,3,4,4,11,Potential Loyalists,True,2010-01-11 12:37:00,2011-07-19 15:30:00,2010-01
12876,Belgium,58,4,3751.79,4,3,5,12,Loyal Customers,False,2010-04-28 13:26:00,2011-10-13 12:26:00,2010-04
12877,United Kingdom,4,20,2942.14,5,5,5,15,Champions,False,2010-01-18 10:23:00,2011-12-06 10:30:00,2010-01
12878,United Kingdom,236,2,854.99,2,2,3,7,Lost,True,2011-03-18 14:02:00,2011-04-17 13:07:00,2011-03
12879,United Kingdom,45,3,573.22,4,3,2,9,Loyal Customers,False,2011-09-09 12:11:00,2011-10-26 12:24:00,2011-09
12880,United Kingdom,382,2,640.13,2,2,3,7,Lost,True,2010-05-14 11:57:00,2010-11-23 10:50:00,2010-05
12881,United Kingdom,276,1,298.0,2,1,2,5,Lost,True,2011-03-09 11:44:00,2011-03-09 11:44:00,2011-03
12882,United Kingdom,9,2,1463.04,5,2,4,11,New Customers,False,2011-11-06 11:22:00,2011-11-30 16:18:00,2011-11
12883,United Kingdom,25,4,703.47,4,3,3,10,Loyal Customers,False,2011-09-11 15:18:00,2011-11-15 09:32:00,2011-09
12884,United Kingdom,88,1,309.05,3,1,2,6,Needs Attention,False,2011-09-12 13:10:00,2011-09-12 13:10:00,2011-09
12885,United Kingdom,63,3,1175.22,3,3,3,9,Potential Loyalists,False,2011-08-08 11:45:00,2011-10-07 13:40:00,2011-08
12886,United Kingdom,68,2,1378.4,3,2,4,9,Needs Attention,False,2011-05-04 11:21:00,2011-10-03 10:09:00,2011-05
12887,United Kingdom,384,1,222.4,2,1,1,4,Lost,True,2010-11-21 11:18:00,2010-11-21 11:18:00,2010-11
12888,United Kingdom,214,2,354.12,2,2,2,6,Lost,True,2011-03-29 14:31:00,2011-05-09 16:02:00,2011-03
12889,United Kingdom,381,4,385.46000000000004,2,3,2,7,At Risk,True,2010-07-25 14:32:00,2010-11-23 16:08:00,2010-07
12890,United Kingdom,24,2,706.02,4,2,3,9,New Customers,False,2010-11-17 14:05:00,2011-11-15 17:26:00,2010-11
12891,United Kingdom,186,11,840.5,3,5,3,11,Potential Loyalists,True,2010-02-18 14:32:00,2011-06-07 12:31:00,2010-02
12892,United Kingdom,397,1,263.38,2,1,1,4,Lost,True,2010-11-08 09:51:00,2010-11-08 09:51:00,2010-11
12893,United Kingdom,31,1,176.55,4,1,1,6,New Customers,False,2011-11-09 12:34:00,2011-11-09 12:34:00,2011-11
12894,United Kingdom,575,1,157.35,1,1,1,3,Lost,True,2010-05-13 14:47:00,2010-05-13 14:47:00,2010-05
12895,United Kingdom,42,2,372.8,4,2,2,8,New Customers,False,2011-09-14 08:35:00,2011-10-28 13:51:00,2011-09
12897,United Kingdom,205,4,514.25,2,3,2,7,At Risk,True,2010-06-14 11:58:00,2011-05-19 12:13:00,2010-06
12898,United Kingdom,464,2,296.21,1,2,2,5,Lost,True,2010-02-18 12:36:00,2010-09-02 08:08:00,2010-02
12899,United Kingdom,414,1,366.4,1,1,2,4,Lost,True,2010-10-22 09:53:00,2010-10-22 09:53:00,2010-10
12900,United Kingdom,422,1,340.33000000000004,1,1,2,4,Lost,True,2010-10-13 15:17:00,2010-10-13 15:17:00,2010-10
12901,United Kingdom,9,28,17654.54,5,5,5,15,Champions,False,2011-03-14 10:41:00,2011-12-01 10:07:00,2011-03
12902,United Kingdom,265,1,138.68,2,1,1,4,Lost,True,2011-03-20 12:06:00,2011-03-20 12:06:00,2011-03
12903,United Kingdom,429,1,833.5300000000001,1,1,3,5,Lost,True,2010-10-07 12:39:00,2010-10-07 12:39:00,2010-10
12904,United Kingdom,18,2,496.06,5,2,2,9,New Customers,False,2011-06-20 13:18:00,2011-11-21 14:34:00,2011-06
12905,United Kingdom,577,2,1018.42,1,2,3,6,Lost,True,2010-01-26 14:06:00,2010-05-12 10:05:00,2010-01
12906,United Kingdom,12,5,2919.81,5,4,5,14,Champions,False,2011-09-22 15:03:00,2011-11-28 09:55:00,2011-09
12907,United Kingdom,396,2,508.91,2,2,2,6,Lost,True,2010-08-02 14:33:00,2010-11-09 12:08:00,2010-08
12908,United Kingdom,176,5,1776.0,3,4,4,11,Potential Loyalists,True,2010-03-19 15:59:00,2011-06-16 15:39:00,2010-03
12909,United Kingdom,40,8,3103.19,4,4,5,13,Champions,False,2010-02-24 12:14:00,2011-10-31 12:43:00,2010-02
12910,United Kingdom,23,13,5796.52,4,5,5,14,Champions,False,2010-03-28 13:10:00,2011-11-16 14:28:00,2010-03
12911,United Kingdom,552,1,1651.72,1,1,4,6,Cant Lose Them,True,2010-06-06 12:13:00,2010-06-06 12:13:00,2010-06
12912,United Kingdom,3,5,1662.3,5,4,4,13,Champions,False,2011-10-30 11:35:00,2011-12-07 08:55:00,2011-10
12913,United Kingdom,5,13,6283.24,5,5,5,15,Champions,False,2009-12-01 12:18:00,2011-12-05 12:11:00,2009-12
12914,United Kingdom,401,1,223.98,2,1,1,4,Lost,True,2010-11-04 12:28:00,2010-11-04 12:28:00,2010-11
12915,United Kingdom,149,4,975.1,3,3,3,9,Potential Loyalists,True,2010-04-29 19:36:00,2011-07-14 11:34:00,2010-04
12916,United Kingdom,139,7,4479.73,3,4,5,12,Potential Loyalists,True,2010-01-24 11:26:00,2011-07-24 10:35:00,2010-01
12917,United Kingdom,128,6,4359.2,3,4,5,12,Potential Loyalists,True,2009-12-09 14:22:00,2011-08-03 16:42:00,2009-12
12919,United Kingdom,8,6,1335.19,5,4,4,13,Champions,False,2011-06-23 09:22:00,2011-12-01 13:47:00,2011-06
12920,United Kingdom,17,4,486.64,5,3,2,10,Loyal Customers,False,2009-12-14 15:58:00,2011-11-22 15:05:00,2009-12
12921,United Kingdom,9,74,35233.24,5,5,5,15,Champions,False,2009-12-01 13:43:00,2011-11-30 16:22:00,2009-12
12922,United Kingdom,161,1,405.38,3,1,2,6,Needs Attention,True,2011-07-01 15:35:00,2011-07-01 15:35:00,2011-07
12923,United Kingdom,64,3,769.17,3,3,3,9,Potential Loyalists,False,2010-05-13 14:55:00,2011-10-06 16:20:00,2010-05
12924,United Kingdom,88,12,2461.45,3,5,4,12,Potential Loyalists,False,2009-12-09 12:40:00,2011-09-12 13:55:00,2009-12
12925,United Kingdom,5,3,729.33,5,3,3,11,Loyal Customers,False,2010-04-26 10:32:00,2011-12-05 11:11:00,2010-04
12926,United Kingdom,411,4,1523.59,1,3,4,8,At Risk,True,2009-12-14 14:35:00,2010-10-24 15:57:00,2009-12
12927,United Kingdom,395,1,197.31,2,1,1,4,Lost,True,2010-11-10 10:02:00,2010-11-10 10:02:00,2010-11
12928,United Kingdom,35,12,4304.89,4,5,5,14,Champions,False,2010-06-08 10:16:00,2011-11-04 14:24:00,2010-06
12929,United Kingdom,312,1,117.85,2,1,1,4,Lost,True,2011-02-01 12:08:00,2011-02-01 12:08:00,2011-02
12930,United Kingdom,78,2,415.8,3,2,2,7,Needs Attention,False,2011-06-21 13:25:00,2011-09-22 15:18:00,2011-06
12931,United Kingdom,22,57,92347.34,4,5,5,14,Champions,False,2009-12-01 11:46:00,2011-11-18 12:39:00,2009-12
12932,United Kingdom,539,8,1698.56,1,4,4,9,At Risk,True,2010-02-10 08:46:00,2010-06-18 14:22:00,2010-02
12933,United Kingdom,24,8,1636.63,4,4,4,12,Champions,False,2009-12-10 16:39:00,2011-11-15 16:38:00,2009-12
12934,United Kingdom,737,1,181.65,1,1,1,3,Lost,True,2009-12-03 10:51:00,2009-12-03 10:51:00,2009-12
12935,United Kingdom,2,15,4243.86,5,5,5,15,Champions,False,2010-04-11 15:59:00,2011-12-07 17:25:00,2010-04
12936,United Kingdom,17,4,1063.9,5,3,3,11,Loyal Customers,False,2011-09-22 13:51:00,2011-11-22 17:32:00,2011-09
12937,United Kingdom,15,9,3097.61,5,5,5,15,Champions,False,2009-12-03 15:43:00,2011-11-24 15:05:00,2009-12
12938,United Kingdom,26,1,114.14,4,1,1,6,New Customers,False,2011-11-14 11:21:00,2011-11-14 11:21:00,2011-11
12939,United Kingdom,64,20,25264.8,3,5,5,13,Potential Loyalists,False,2010-01-12 11:27:00,2011-10-06 14:33:00,2010-01
12940,United Kingdom,55,2,899.69,4,2,3,9,New Customers,False,2011-09-13 10:16:00,2011-10-16 12:09:00,2011-09
12941,United Kingdom,724,1,377.49,1,1,2,4,Lost,True,2009-12-15 13:12:00,2009-12-15 13:12:00,2009-12
12942,United Kingdom,131,3,675.6,3,3,3,9,Potential Loyalists,True,2010-12-09 09:34:00,2011-07-31 14:39:00,2010-12
12943,United Kingdom,558,2,496.5,1,2,2,5,Lost,True,2010-04-13 11:03:00,2010-05-30 13:52:00,2010-04
12944,United Kingdom,36,2,604.51,4,2,3,9,New Customers,False,2010-12-20 10:41:00,2011-11-04 11:04:00,2010-12
12945,United Kingdom,288,2,900.11,2,2,3,7,Lost,True,2010-02-21 15:18:00,2011-02-24 14:15:00,2010-02
12946,United Kingdom,437,1,324.45,1,1,2,4,Lost,True,2010-09-29 10:14:00,2010-09-29 10:14:00,2010-09
12947,United Kingdom,144,6,1603.99,3,4,4,11,Potential Loyalists,True,2010-12-01 16:21:00,2011-07-19 10:06:00,2010-12
12948,United Kingdom,16,9,2317.43,5,5,4,14,Champions,False,2009-12-02 12:28:00,2011-11-23 17:10:00,2009-12
12949,United Kingdom,31,22,15526.7,4,5,5,14,Champions,False,2009-12-03 15:56:00,2011-11-09 11:25:00,2009-12
12950,United Kingdom,2,3,1843.0,5,3,4,12,Loyal Customers,False,2011-11-15 13:48:00,2011-12-07 13:17:00,2011-11
12951,United Kingdom,9,15,3213.7200000000003,5,5,5,15,Champions,False,2010-01-10 12:43:00,2011-12-01 12:14:00,2010-01
12952,United Kingdom,6,4,1387.79,5,3,4,12,Loyal Customers,False,2011-09-22 16:37:00,2011-12-04 10:35:00,2011-09
12953,United Kingdom,10,2,828.8100000000001,5,2,3,10,New Customers,False,2010-07-05 13:37:00,2011-11-30 09:24:00,2010-07
12954,United Kingdom,639,1,162.45,1,1,1,3,Lost,True,2010-03-11 10:16:00,2010-03-11 10:16:00,2010-03
12955,United Kingdom,1,11,4757.16,5,5,5,15,Champions,False,2011-03-17 09:03:00,2011-12-08 16:29:00,2011-03
12956,United Kingdom,306,4,521.89,2,3,2,7,At Risk,True,2009-12-15 19:03:00,2011-02-06 16:08:00,2009-12
12957,United Kingdom,10,13,8706.97,5,5,5,15,Champions,False,2009-12-11 12:01:00,2011-11-30 09:53:00,2009-12
12958,United Kingdom,400,2,467.34,2,2,2,6,Lost,True,2010-05-05 16:22:00,2010-11-04 16:16:00,2010-05
12959,United Kingdom,484,1,150.95,1,1,1,3,Lost,True,2010-08-12 17:20:00,2010-08-12 17:20:00,2010-08
12960,United Kingdom,414,4,1322.0700000000002,1,3,4,8,At Risk,True,2010-02-16 13:32:00,2010-10-22 09:31:00,2010-02
12961,United Kingdom,379,1,211.99,2,1,1,4,Lost,True,2010-11-25 16:44:00,2010-11-25 16:44:00,2010-11
12962,United Kingdom,7,2,266.39,5,2,1,8,New Customers,False,2011-08-18 13:38:00,2011-12-02 15:55:00,2011-08
12963,United Kingdom,8,12,3235.79,5,5,5,15,Champions,False,2010-07-08 14:45:00,2011-12-01 12:55:00,2010-07
12964,United Kingdom,437,1,132.24,1,1,1,3,Lost,True,2010-09-28 17:47:00,2010-09-28 17:47:00,2010-09
12965,United Kingdom,89,1,769.8100000000001,3,1,3,7,Needs Attention,False,2011-09-11 15:31:00,2011-09-11 15:31:00,2011-09
12966,United Kingdom,10,1,160.18,5,1,1,7,New Customers,False,2011-11-30 12:38:00,2011-11-30 12:38:00,2011-11
12967,United Kingdom,358,3,2938.52,2,3,5,10,At Risk,True,2010-11-21 11:03:00,2010-12-16 19:10:00,2010-11
12968,United Kingdom,112,1,135.95,3,1,1,5,Needs Attention,True,2011-08-19 15:44:00,2011-08-19 15:44:00,2011-08
12969,United Kingdom,603,1,122.45,1,1,1,3,Lost,True,2010-04-16 10:50:00,2010-04-16 10:50:00,2010-04
12970,United Kingdom,7,10,1452.54,5,5,4,14,Champions,False,2009-12-04 14:19:00,2011-12-02 14:30:00,2009-12
12971,United Kingdom,4,116,15704.6,5,5,5,15,Champions,False,2009-12-15 19:04:00,2011-12-06 12:20:00,2009-12
12972,United Kingdom,414,4,1161.2,1,3,3,7,At Risk,True,2010-02-16 14:30:00,2010-10-22 08:41:00,2010-02
12973,United Kingdom,414,1,385.55,1,1,2,4,Lost,True,2010-10-22 10:14:00,2010-10-22 10:14:00,2010-10
12974,United Kingdom,198,2,408.95,2,2,2,6,Lost,True,2010-05-23 11:45:00,2011-05-26 09:33:00,2010-05
12975,United Kingdom,437,6,2100.09,1,4,4,9,At Risk,True,2009-12-06 10:38:00,2010-09-29 09:46:00,2009-12
12976,United Kingdom,212,8,3156.38,2,4,5,11,At Risk,True,2010-02-12 15:46:00,2011-05-12 09:55:00,2010-02
12977,United Kingdom,156,4,513.88,3,3,2,8,Potential Loyalists,True,2010-07-16 16:25:00,2011-07-06 16:40:00,2010-07
12978,United Kingdom,385,5,2502.82,2,4,4,10,At Risk,True,2009-12-10 12:10:00,2010-11-19 14:29:00,2009-12
12979,United Arab Emirates,729,1,517.7,1,1,2,4,Lost,True,2009-12-10 15:45:00,2009-12-10 15:45:00,2009-12
12980,United Kingdom,158,21,16245.78,3,5,5,13,Potential Loyalists,True,2009-12-02 11:26:00,2011-07-05 09:34:00,2009-12
12981,United Kingdom,30,2,372.21999999999997,4,2,2,8,New Customers,False,2011-07-29 14:14:00,2011-11-10 12:00:00,2011-07
12982,United Kingdom,243,8,2744.81,2,4,4,10,At Risk,True,2010-04-12 13:50:00,2011-04-11 11:51:00,2010-04
12983,United Kingdom,598,1,490.08,1,1,2,4,Lost,True,2010-04-20 12:58:00,2010-04-20 12:58:00,2010-04
12984,United Kingdom,19,1,97.5,5,1,1,7,New Customers,False,2011-11-21 12:37:00,2011-11-21 12:37:00,2011-11
12985,United Kingdom,1,2,1239.38,5,2,4,11,New Customers,False,2011-11-11 12:44:00,2011-12-09 10:46:00,2011-11
12986,United Kingdom,429,10,2729.84,1,5,4,10,At Risk,True,2010-01-21 10:45:00,2010-10-07 11:57:00,2010-01
12987,United Kingdom,74,5,1312.21,3,4,4,11,Potential Loyalists,False,2010-01-20 09:57:00,2011-09-27 12:03:00,2010-01
12988,United Kingdom,292,1,505.82,2,1,2,5,Lost,True,2011-02-20 14:31:00,2011-02-20 14:31:00,2011-02
12989,United Kingdom,3,33,13551.75,5,5,5,15,Champions,False,2009-12-10 13:27:00,2011-12-06 15:28:00,2009-12
12990,United Kingdom,31,7,955.5,4,4,3,11,Loyal Customers,False,2010-03-30 11:36:00,2011-11-08 13:01:00,2010-03
12991,United Kingdom,23,3,764.82,4,3,3,10,Loyal Customers,False,2010-11-15 13:43:00,2011-11-16 15:34:00,2010-11
12992,United Kingdom,725,1,93.35,1,1,1,3,Lost,True,2009-12-14 16:46:00,2009-12-14 16:46:00,2009-12
12993,United Kingdom,23,8,1259.63,4,4,4,12,Champions,False,2010-02-18 10:35:00,2011-11-16 15:49:00,2010-02
12994,United Kingdom,4,3,974.42,5,3,3,11,Loyal Customers,False,2011-03-16 08:31:00,2011-12-05 15:43:00,2011-03
12995,United Kingdom,85,1,211.32,3,1,1,5,Needs Attention,False,2011-09-15 15:44:00,2011-09-15 15:44:00,2011-09
12996,United Kingdom,376,1,355.5,2,1,2,5,Lost,True,2010-11-29 09:27:00,2010-11-29 09:27:00,2010-11
12997,United Kingdom,22,8,2110.91,4,4,4,12,Champions,False,2010-04-06 11:06:00,2011-11-17 15:47:00,2010-04
12998,United Kingdom,493,3,920.08,1,3,3,7,At Risk,True,2010-02-24 11:55:00,2010-08-04 08:05:00,2010-02
12999,United Kingdom,196,3,455.88,2,3,2,7,At Risk,True,2011-04-08 10:26:00,2011-05-27 13:24:00,2011-04
13000,United Kingdom,107,4,1032.5,3,3,3,9,Potential Loyalists,True,2009-12-14 17:03:00,2011-08-25 10:43:00,2009-12
13001,United Kingdom,4,33,24042.65,5,5,5,15,Champions,False,2009-12-03 16:21:00,2011-12-05 14:51:00,2009-12
13002,United Kingdom,318,3,414.13,2,3,2,7,At Risk,True,2010-10-01 11:58:00,2011-01-25 15:18:00,2010-10
13003,United Kingdom,106,3,149.05,3,3,1,7,Potential Loyalists,True,2011-05-09 08:23:00,2011-08-26 10:50:00,2011-05
13004,United Kingdom,12,36,11650.85,5,5,5,15,Champions,False,2009-12-15 09:44:00,2011-11-28 11:27:00,2009-12
13005,United Kingdom,174,4,999.68,3,3,3,9,Potential Loyalists,True,2010-09-08 12:52:00,2011-06-19 10:53:00,2010-09
13006,United Kingdom,56,1,81.57,4,1,1,6,New Customers,False,2011-10-14 13:49:00,2011-10-14 13:49:00,2011-10
13007,United Kingdom,580,1,175.25,1,1,1,3,Lost,True,2010-05-09 10:38:00,2010-05-09 10:38:00,2010-05
13008,United Kingdom,323,3,612.13,2,3,3,8,At Risk,True,2009-12-16 16:07:00,2011-01-20 14:24:00,2009-12
13009,United Kingdom,673,1,234.0,1,1,1,3,Lost,True,2010-02-05 12:22:00,2010-02-05 12:22:00,2010-02
13010,United Kingdom,374,2,330.12,2,2,2,6,Lost,True,2010-03-01 11:28:00,2010-11-30 15:09:00,2010-03
13011,United Kingdom,372,1,50.550000000000004,2,1,1,4,Lost,True,2010-12-02 17:22:00,2010-12-02 17:22:00,2010-12
13012,United Kingdom,9,11,2957.83,5,5,5,15,Champions,False,2010-04-26 14:14:00,2011-11-30 13:05:00,2010-04
13013,United Kingdom,1,29,11097.43,5,5,5,15,Champions,False,2009-12-14 10:34:00,2011-12-08 15:01:00,2009-12
13014,United Kingdom,11,11,5381.08,5,5,5,15,Champions,False,2010-10-03 11:35:00,2011-11-29 12:27:00,2010-10
13015,United Kingdom,53,11,6579.78,4,5,5,14,Champions,False,2010-04-15 16:35:00,2011-10-17 13:19:00,2010-04
13016,United Kingdom,73,3,789.89,3,3,3,9,Potential Loyalists,False,2011-08-08 15:00:00,2011-09-27 14:08:00,2011-08
13017,United Kingdom,7,1,204.0,5,1,1,7,New Customers,False,2011-12-02 15:53:00,2011-12-02 15:53:00,2011-12
13018,United Kingdom,16,35,9763.16,5,5,5,15,Champions,False,2010-03-01 12:34:00,2011-11-23 13:28:00,2010-03
13019,United Kingdom,379,6,1229.95,2,4,4,10,At Risk,True,2009-12-06 15:40:00,2010-11-25 14:56:00,2009-12
13020,United Kingdom,563,2,618.96,1,2,3,6,Lost,True,2010-02-18 10:35:00,2010-05-26 11:12:00,2010-02
13021,United Kingdom,4,17,4887.24,5,5,5,15,Champions,False,2009-12-05 12:02:00,2011-12-05 16:37:00,2009-12
13022,Belgium,430,1,50.3,1,1,1,3,Lost,True,2010-10-06 10:50:00,2010-10-06 10:50:00,2010-10
13023,United Kingdom,64,3,1251.03,3,3,4,10,Potential Loyalists,False,2010-06-29 09:51:00,2011-10-06 16:27:00,2010-06
13024,United Kingdom,471,2,555.87,1,2,2,5,Lost,True,2010-05-06 14:25:00,2010-08-26 09:42:00,2010-05
13025,United Kingdom,732,1,323.39,1,1,2,4,Lost,True,2009-12-08 10:02:00,2009-12-08 10:02:00,2009-12
13026,United Kingdom,1,9,1733.08,5,5,4,14,Champions,False,2009-12-13 11:34:00,2011-12-08 16:58:00,2009-12
13027,United Kingdom,114,19,17239.2,3,5,5,13,Potential Loyalists,True,2010-01-20 10:41:00,2011-08-18 09:39:00,2010-01
13028,United Kingdom,23,2,661.3199999999999,4,2,3,9,New Customers,False,2011-10-25 14:09:00,2011-11-17 11:10:00,2011-10
13029,United Kingdom,31,5,1927.3,4,4,4,12,Champions,False,2010-07-04 13:46:00,2011-11-09 09:13:00,2010-07
13030,United Kingdom,11,2,752.44,5,2,3,10,New Customers,False,2010-12-06 14:31:00,2011-11-28 14:30:00,2010-12
13031,United Kingdom,407,5,3292.84,2,4,5,11,At Risk,True,2010-06-03 14:57:00,2010-10-28 15:34:00,2010-06
13032,United Kingdom,52,9,2815.96,4,5,4,13,Champions,False,2010-09-05 14:01:00,2011-10-18 15:54:00,2010-09
13033,United Kingdom,357,2,220.55,2,2,1,5,Lost,True,2010-10-06 09:37:00,2010-12-17 14:23:00,2010-10
13034,United Kingdom,55,3,756.82,4,3,3,10,Loyal Customers,False,2010-11-03 15:22:00,2011-10-16 12:21:00,2010-11
13035,United Kingdom,74,3,1364.2,3,3,4,10,Potential Loyalists,False,2010-10-04 15:41:00,2011-09-27 08:57:00,2010-10
13036,United Kingdom,685,1,307.1,1,1,2,4,Lost,True,2010-01-24 11:35:00,2010-01-24 11:35:00,2010-01
13037,United Kingdom,138,12,3914.9500000000003,3,5,5,13,Potential Loyalists,True,2009-12-03 17:04:00,2011-07-24 15:46:00,2009-12
13038,United Kingdom,80,3,908.46,3,3,3,9,Potential Loyalists,False,2011-02-22 11:43:00,2011-09-20 14:37:00,2011-02
13039,United Kingdom,584,4,1010.73,1,3,3,7,At Risk,True,2009-12-17 16:43:00,2010-05-04 16:45:00,2009-12
13040,United Kingdom,9,2,676.99,5,2,3,10,New Customers,False,2011-11-06 13:53:00,2011-12-01 10:38:00,2011-11
13041,United Kingdom,451,4,799.13,1,3,3,7,At Risk,True,2010-04-29 08:43:00,2010-09-15 11:44:00,2010-04
13042,United Kingdom,598,3,1488.59,1,3,4,8,At Risk,True,2009-12-07 15:42:00,2010-04-20 13:43:00,2009-12
13043,United Kingdom,273,1,516.42,2,1,2,5,Lost,True,2011-03-11 14:52:00,2011-03-11 14:52:00,2011-03
13044,United Kingdom,291,11,4848.05,2,5,5,12,At Risk,True,2010-01-08 14:46:00,2011-02-21 15:20:00,2010-01
13045,United Kingdom,99,3,808.9200000000001,3,3,3,9,Potential Loyalists,True,2010-08-10 13:02:00,2011-09-01 15:04:00,2010-08
13046,United Kingdom,31,3,949.25,4,3,3,10,Loyal Customers,False,2010-09-09 13:09:00,2011-11-09 08:36:00,2010-09
13047,United Kingdom,57,23,8423.58,4,5,5,14,Champions,False,2009-12-16 11:43:00,2011-10-14 11:15:00,2009-12
13048,United Kingdom,14,9,4049.13,5,5,5,15,Champions,False,2010-01-27 12:55:00,2011-11-25 13:23:00,2010-01
13049,United Kingdom,64,4,1408.24,3,3,4,10,Potential Loyalists,False,2010-11-03 15:39:00,2011-10-06 15:31:00,2010-11
13050,United Kingdom,15,34,11877.29,5,5,5,15,Champions,False,2009-12-15 15:06:00,2011-11-25 09:18:00,2009-12
13051,United Kingdom,579,2,155.8,1,2,1,4,Lost,True,2010-03-30 11:11:00,2010-05-10 09:14:00,2010-03
13052,United Kingdom,212,7,3118.48,2,4,5,11,At Risk,True,2010-02-23 12:31:00,2011-05-11 14:12:00,2010-02
13053,United Kingdom,622,1,127.65,1,1,1,3,Lost,True,2010-03-28 11:28:00,2010-03-28 11:28:00,2010-03
13055,United Kingdom,78,4,2321.11,3,3,4,10,Potential Loyalists,False,2010-10-06 08:17:00,2011-09-22 14:26:00,2010-10
13056,United Kingdom,551,1,209.48,1,1,1,3,Lost,True,2010-06-06 14:10:00,2010-06-06 14:10:00,2010-06
13057,United Kingdom,530,3,709.59,1,3,3,7,At Risk,True,2010-03-18 12:14:00,2010-06-27 15:44:00,2010-03
13058,United Kingdom,25,3,271.40000000000003,4,3,1,8,Loyal Customers,False,2011-07-11 12:01:00,2011-11-15 12:43:00,2011-07
13059,United Kingdom,250,10,2291.77,2,5,4,11,At Risk,True,2010-03-31 12:23:00,2011-04-04 10:40:00,2010-03
13060,United Kingdom,254,1,307.53000000000003,2,1,2,5,Lost,True,2011-03-31 11:37:00,2011-03-31 11:37:00,2011-03
13061,United Kingdom,72,1,248.61,3,1,1,5,Needs Attention,False,2011-09-28 16:04:00,2011-09-28 16:04:00,2011-09
13062,United Kingdom,191,1,346.98,2,1,2,5,Lost,True,2011-06-01 15:12:00,2011-06-01 15:12:00,2011-06
13063,United Kingdom,481,1,188.4,1,1,1,3,Lost,True,2010-08-16 12:27:00,2010-08-16 12:27:00,2010-08
13064,United Kingdom,13,6,1666.84,5,4,4,13,Champions,False,2010-04-27 10:08:00,2011-11-27 12:31:00,2010-04
13065,United Kingdom,373,5,1055.05,2,4,3,9,At Risk,True,2010-06-10 11:44:00,2010-12-01 16:52:00,2010-06
13066,United Kingdom,24,2,470.8,4,2,2,8,New Customers,False,2011-11-07 17:06:00,2011-11-15 12:57:00,2011-11
13067,United Kingdom,82,3,508.51,3,3,2,8,Potential Loyalists,False,2010-09-19 13:43:00,2011-09-18 13:38:00,2010-09
13068,United Kingdom,10,2,344.0,5,2,2,9,New Customers,False,2011-01-24 08:20:00,2011-11-29 15:00:00,2011-01
13069,United Kingdom,1,38,9284.45,5,5,5,15,Champions,False,2010-06-14 14:27:00,2011-12-09 08:39:00,2010-06
13070,United Kingdom,192,4,751.7,2,3,3,8,At Risk,True,2009-12-07 14:44:00,2011-05-31 13:45:00,2009-12
13071,United Kingdom,612,1,129.22,1,1,1,3,Lost,True,2010-04-06 13:37:00,2010-04-06 13:37:00,2010-04
13072,United Kingdom,267,1,177.15,2,1,1,4,Lost,True,2011-03-18 08:12:00,2011-03-18 08:12:00,2011-03
13073,United Kingdom,411,2,418.08,1,2,2,5,Lost,True,2010-09-28 09:27:00,2010-10-24 14:06:00,2010-09
13074,United Kingdom,511,4,1378.74,1,3,4,8,At Risk,True,2009-12-16 11:46:00,2010-07-16 16:53:00,2009-12
13075,United Kingdom,130,1,919.61,3,1,3,7,Needs Attention,True,2011-08-02 10:19:00,2011-08-02 10:19:00,2011-08
13076,United Kingdom,458,1,135.4,1,1,1,3,Lost,True,2010-09-08 10:27:00,2010-09-08 10:27:00,2010-09
13077,United Kingdom,1,11,2740.65,5,5,4,14,Champions,False,2009-12-11 11:17:00,2011-12-08 19:24:00,2009-12
13078,United Kingdom,3,57,29018.06,5,5,5,15,Champions,False,2009-12-01 09:06:00,2011-12-06 15:36:00,2009-12
13079,United Kingdom,4,6,419.18,5,4,2,11,Loyal Customers,False,2010-10-18 14:15:00,2011-12-05 16:53:00,2010-10
13080,United Kingdom,179,4,280.73,3,3,1,7,Potential Loyalists,True,2010-04-09 13:07:00,2011-06-13 14:59:00,2010-04
13081,United Kingdom,12,28,56838.37,5,5,5,15,Champions,False,2009-12-08 13:58:00,2011-11-28 10:54:00,2009-12
13082,United Kingdom,126,21,7335.75,3,5,5,13,Potential Loyalists,True,2009-12-22 15:37:00,2011-08-05 16:16:00,2009-12
13083,United Kingdom,4,3,395.43,5,3,2,10,Loyal Customers,False,2010-10-10 13:38:00,2011-12-05 15:01:00,2010-10
13084,United Kingdom,492,1,122.39999999999999,1,1,1,3,Lost,True,2010-08-05 08:49:00,2010-08-05 08:49:00,2010-08
13085,United Kingdom,158,8,2433.28,3,4,4,11,Potential Loyalists,True,2009-12-01 07:45:00,2011-07-05 12:11:00,2009-12
13086,United Kingdom,383,1,439.33000000000004,2,1,2,5,Lost,True,2010-11-22 10:28:00,2010-11-22 10:28:00,2010-11
13087,United Kingdom,726,1,313.64,1,1,2,4,Lost,True,2009-12-13 15:16:00,2009-12-13 15:16:00,2009-12
13088,United Kingdom,417,1,236.11,1,1,1,3,Lost,True,2010-10-18 15:35:00,2010-10-18 15:35:00,2010-10
13089,United Kingdom,3,203,113416.91,5,5,5,15,Champions,False,2009-12-02 15:44:00,2011-12-07 09:02:00,2009-12
13090,United Kingdom,9,23,13076.74,5,5,5,15,Champions,False,2010-08-02 13:58:00,2011-12-01 12:39:00,2010-08
13091,United Kingdom,28,2,1108.8,4,2,3,9,New Customers,False,2009-12-10 12:44:00,2011-11-11 15:54:00,2009-12
13092,United Kingdom,71,12,2140.28,3,5,4,12,Potential Loyalists,False,2010-02-10 08:44:00,2011-09-30 11:18:00,2010-02
13093,United Kingdom,276,55,54144.25,2,5,5,12,At Risk,True,2009-12-04 10:32:00,2011-03-09 12:14:00,2009-12
13094,United Kingdom,21,13,2209.44,4,5,4,13,Champions,False,2010-11-15 14:15:00,2011-11-18 14:07:00,2010-11
13095,United Kingdom,71,1,74.39999999999999,3,1,1,5,Needs Attention,False,2011-09-30 12:03:00,2011-09-30 12:03:00,2011-09
13096,United Kingdom,394,1,419.7000000000001,2,1,2,5,Lost,True,2010-11-10 14:08:00,2010-11-10 14:08:00,2010-11
13097,United Kingdom,33,27,13015.36,4,5,5,14,Champions,False,2009-12-01 13:31:00,2011-11-07 10:43:00,2009-12
13098,United Kingdom,1,28,28882.44,5,5,5,15,Champions,False,2011-01-26 13:46:00,2011-12-08 14:14:00,2011-01
13099,United Kingdom,99,1,207.36,3,1,1,5,Needs Attention,True,2011-09-01 17:40:00,2011-09-01 17:40:00,2011-09
13101,United Kingdom,234,4,695.4,2,3,3,8,At Risk,True,2010-01-27 15:49:00,2011-04-19 14:37:00,2010-01
13102,United Kingdom,1,37,11380.1,5,5,5,15,Champions,False,2010-05-06 13:12:00,2011-12-08 12:52:00,2010-05
13103,United Kingdom,40,3,709.64,4,3,3,10,Loyal Customers,False,2010-05-11 14:41:00,2011-10-31 09:38:00,2010-05
13104,United Kingdom,3,9,1709.1,5,5,4,14,Champions,False,2010-02-24 15:06:00,2011-12-06 13:10:00,2010-02
13105,United Kingdom,436,1,72.0,1,1,1,3,Lost,True,2010-09-29 13:41:00,2010-09-29 13:41:00,2010-09
13106,United Kingdom,133,2,603.46,3,2,3,8,Needs Attention,True,2010-10-22 13:10:00,2011-07-29 15:12:00,2010-10
13107,United Kingdom,44,9,5253.07,4,5,5,14,Champions,False,2010-02-04 10:50:00,2011-10-26 14:52:00,2010-02
13108,United Kingdom,373,2,748.46,2,2,3,7,Lost,True,2010-09-30 17:09:00,2010-12-02 10:35:00,2010-09
13109,United Kingdom,60,3,1134.03,3,3,3,9,Potential Loyalists,False,2010-06-06 12:59:00,2011-10-11 10:16:00,2010-06
13110,United Kingdom,31,12,2957.4700000000003,4,5,5,14,Champions,False,2009-12-01 14:14:00,2011-11-08 14:30:00,2009-12
13111,United Kingdom,719,1,321.88000000000005,1,1,2,4,Lost,True,2009-12-21 09:00:00,2009-12-21 09:00:00,2009-12
13112,United Kingdom,541,1,20.599999999999998,1,1,1,3,Lost,True,2010-06-16 17:03:00,2010-06-16 17:03:00,2010-06
13113,United Kingdom,1,37,18230.07,5,5,5,15,Champions,False,2010-03-28 16:13:00,2011-12-09 12:49:00,2010-03
13114,United Kingdom,731,1,234.38,1,1,1,3,Lost,True,2009-12-09 09:56:00,2009-12-09 09:56:00,2009-12
13115,United Kingdom,12,10,5494.7,5,5,5,15,Champions,False,2010-04-19 13:29:00,2011-11-28 12:38:00,2010-04
13116,United Kingdom,138,1,501.14,3,1,2,6,Needs Attention,True,2011-07-24 14:33:00,2011-07-24 14:33:00,2011-07
13117,United Kingdom,22,18,2255.66,4,5,4,13,Champions,False,2010-03-26 13:50:00,2011-11-18 12:02:00,2010-03
13118,United Kingdom,20,9,2415.41,4,5,4,13,Champions,False,2010-09-26 15:46:00,2011-11-20 12:46:00,2010-09
13119,United Kingdom,669,1,134.9,1,1,1,3,Lost,True,2010-02-09 08:38:00,2010-02-09 08:38:00,2010-02
13120,United Kingdom,239,1,30.6,2,1,1,4,Lost,True,2011-04-15 10:19:00,2011-04-15 10:19:00,2011-04
13121,United Kingdom,269,1,283.73,2,1,1,4,Lost,True,2011-03-15 16:47:00,2011-03-15 16:47:00,2011-03
13122,United Kingdom,94,2,922.39,3,2,3,8,Needs Attention,True,2011-04-13 14:12:00,2011-09-06 15:53:00,2011-04
13123,United Kingdom,473,2,506.75,1,2,2,5,Lost,True,2010-06-28 12:43:00,2010-08-24 10:18:00,2010-06
13124,United Kingdom,90,4,4641.66,3,3,5,11,Potential Loyalists,False,2010-11-19 15:50:00,2011-09-11 12:45:00,2010-11
13125,United Kingdom,524,1,148.62,1,1,1,3,Lost,True,2010-07-04 11:58:00,2010-07-04 11:58:00,2010-07
13126,United Kingdom,5,13,3774.81,5,5,5,15,Champions,False,2010-03-02 12:24:00,2011-12-05 10:00:00,2010-03
13127,United Kingdom,78,1,259.17,3,1,1,5,Needs Attention,False,2011-09-23 10:26:00,2011-09-23 10:26:00,2011-09
13128,United Kingdom,631,1,263.5,1,1,1,3,Lost,True,2010-03-18 15:08:00,2010-03-18 15:08:00,2010-03
13129,United Kingdom,452,2,233.25,1,2,1,4,Lost,True,2010-06-28 11:54:00,2010-09-13 13:47:00,2010-06
13130,United Kingdom,94,1,64.0,3,1,1,5,Needs Attention,True,2011-09-06 15:30:00,2011-09-06 15:30:00,2011-09
13131,United Kingdom,23,7,3313.77,4,4,5,13,Champions,False,2010-02-09 09:47:00,2011-11-16 13:21:00,2010-02
13132,United Kingdom,262,1,77.3,2,1,1,4,Lost,True,2011-03-23 12:44:00,2011-03-23 12:44:00,2011-03
13133,United Kingdom,274,3,200.45,2,3,1,6,At Risk,True,2010-09-06 15:30:00,2011-03-11 10:31:00,2010-09
13134,United Kingdom,86,6,2475.23,3,4,4,11,Potential Loyalists,False,2010-10-19 13:21:00,2011-09-15 10:35:00,2010-10
13135,United Kingdom,197,2,3371.45,2,2,5,9,Cant Lose Them,True,2010-08-05 17:28:00,2011-05-27 10:52:00,2010-08
13136,United Kingdom,56,13,6274.56,4,5,5,14,Champions,False,2009-12-08 18:30:00,2011-10-14 13:41:00,2009-12
13137,United Kingdom,11,16,7586.94,5,5,5,15,Champions,False,2010-07-25 15:40:00,2011-11-29 12:09:00,2010-07
13138,United Kingdom,22,7,1274.01,4,4,4,12,Champions,False,2010-11-08 11:45:00,2011-11-17 16:51:00,2010-11
13139,United Kingdom,16,8,8202.98,5,4,5,14,Champions,False,2010-09-28 09:12:00,2011-11-23 13:54:00,2010-09
13140,United Kingdom,108,5,1054.92,3,4,3,10,Potential Loyalists,True,2010-08-05 19:05:00,2011-08-23 15:33:00,2010-08
13141,United Kingdom,85,17,7656.08,3,5,5,13,Potential Loyalists,False,2009-12-09 13:34:00,2011-09-16 09:54:00,2009-12
13142,United Kingdom,19,1,307.09000000000003,5,1,2,8,New Customers,False,2011-11-20 16:07:00,2011-11-20 16:07:00,2011-11
13143,United Kingdom,585,1,405.1,1,1,2,4,Lost,True,2010-05-04 12:22:00,2010-05-04 12:22:00,2010-05
13144,United Kingdom,333,2,135.35,2,2,1,5,Lost,True,2010-10-04 14:14:00,2011-01-11 11:15:00,2010-10
13145,United Kingdom,40,7,1128.52,4,4,3,11,Loyal Customers,False,2010-04-19 11:11:00,2011-10-31 12:45:00,2010-04
13146,United Kingdom,26,1,228.91,4,1,1,6,New Customers,False,2011-11-13 15:29:00,2011-11-13 15:29:00,2011-11
13147,United Kingdom,10,4,712.8,5,3,3,11,Loyal Customers,False,2011-09-01 12:28:00,2011-11-29 13:59:00,2011-09
13148,United Kingdom,29,26,8488.32,4,5,5,14,Champions,False,2009-12-07 15:26:00,2011-11-10 15:23:00,2009-12
13149,United Kingdom,14,4,1676.06,5,3,4,12,Loyal Customers,False,2011-02-23 13:57:00,2011-11-25 13:09:00,2011-02
13150,United Kingdom,484,3,449.96999999999997,1,3,2,6,At Risk,True,2010-03-19 09:03:00,2010-08-12 12:59:00,2010-03
13151,United Kingdom,296,3,2454.71,2,3,4,9,At Risk,True,2010-03-22 10:26:00,2011-02-17 12:29:00,2010-03
13152,United Kingdom,417,7,2146.38,1,4,4,9,At Risk,True,2010-01-14 10:01:00,2010-10-18 13:44:00,2010-01
13153,United Kingdom,6,1,486.22,5,1,2,8,New Customers,False,2011-12-04 12:14:00,2011-12-04 12:14:00,2011-12
13154,United Kingdom,399,3,1624.84,2,3,4,9,At Risk,True,2009-12-04 08:46:00,2010-11-05 16:00:00,2009-12
13155,United Kingdom,33,6,1370.48,4,4,4,12,Champions,False,2010-08-05 09:30:00,2011-11-06 15:41:00,2010-08
13156,United Kingdom,385,3,1586.54,2,3,4,9,At Risk,True,2010-02-01 13:45:00,2010-11-19 13:09:00,2010-02
13157,United Kingdom,49,9,5687.36,4,5,5,14,Champions,False,2010-03-08 11:59:00,2011-10-21 13:50:00,2010-03
13158,United Kingdom,95,5,1508.18,3,4,4,11,Potential Loyalists,True,2010-11-16 17:12:00,2011-09-06 11:58:00,2010-11
13159,United Kingdom,9,4,1429.35,5,3,4,12,Loyal Customers,False,2011-08-16 11:44:00,2011-12-01 11:20:00,2011-08
13160,United Kingdom,22,1,91.8,4,1,1,6,New Customers,False,2011-11-17 13:07:00,2011-11-17 13:07:00,2011-11
13161,United Kingdom,313,2,472.13,2,2,2,6,Lost,True,2010-07-27 12:44:00,2011-01-30 14:03:00,2010-07
13162,United Kingdom,122,16,9275.49,3,5,5,13,Potential Loyalists,True,2009-12-04 13:59:00,2011-08-09 15:59:00,2009-12
13163,United Kingdom,610,1,17.65,1,1,1,3,Lost,True,2010-04-08 16:21:00,2010-04-08 16:21:00,2010-04
13164,United Kingdom,569,2,372.2,1,2,2,5,Lost,True,2010-02-10 11:52:00,2010-05-19 13:52:00,2010-02
13165,United Kingdom,46,3,1451.1599999999999,4,3,4,11,Loyal Customers,False,2010-10-22 17:04:00,2011-10-24 15:05:00,2010-10
13166,United Kingdom,283,2,875.93,2,2,3,7,Lost,True,2010-10-21 14:29:00,2011-03-01 15:16:00,2010-10
13167,United Kingdom,19,5,1113.15,5,4,3,12,Loyal Customers,False,2010-11-14 12:58:00,2011-11-21 12:24:00,2010-11
13168,United Kingdom,36,5,1840.73,4,4,4,12,Champions,False,2010-06-15 15:00:00,2011-11-03 12:56:00,2010-06
13169,United Kingdom,64,3,840.08,3,3,3,9,Potential Loyalists,False,2010-05-26 15:58:00,2011-10-07 12:11:00,2010-05
13170,United Kingdom,27,1,108.81,4,1,1,6,New Customers,False,2011-11-13 12:19:00,2011-11-13 12:19:00,2011-11
13171,United Kingdom,22,3,468.41,4,3,2,9,Loyal Customers,False,2011-02-13 14:16:00,2011-11-18 10:27:00,2011-02
13172,United Kingdom,400,1,69.6,2,1,1,4,Lost,True,2010-11-04 15:10:00,2010-11-04 15:10:00,2010-11
13173,United Kingdom,4,11,2389.82,5,5,4,14,Champions,False,2009-12-10 12:52:00,2011-12-05 15:51:00,2009-12
13174,United Kingdom,16,11,7972.46,5,5,5,15,Champions,False,2009-12-04 15:40:00,2011-11-23 14:35:00,2009-12
13175,United Kingdom,582,2,831.45,1,2,3,6,Lost,True,2009-12-04 12:11:00,2010-05-06 13:13:00,2009-12
13176,United Kingdom,46,1,481.49,4,1,2,7,New Customers,False,2011-10-24 15:43:00,2011-10-24 15:43:00,2011-10
13177,United Kingdom,65,2,512.2,3,2,2,7,Needs Attention,False,2010-10-05 10:35:00,2011-10-06 09:56:00,2010-10
13178,United Kingdom,26,21,14059.19,4,5,5,14,Champions,False,2009-12-16 14:00:00,2011-11-13 16:14:00,2009-12
13179,United Kingdom,619,1,572.3100000000001,1,1,2,4,Lost,True,2010-03-31 11:40:00,2010-03-31 11:40:00,2010-03
13180,United Kingdom,607,1,86.10000000000001,1,1,1,3,Lost,True,2010-04-11 13:37:00,2010-04-11 13:37:00,2010-04
13181,United Kingdom,381,1,359.69,2,1,2,5,Lost,True,2010-11-23 15:05:00,2010-11-23 15:05:00,2010-11
13182,United Kingdom,45,1,121.18,4,1,1,6,New Customers,False,2011-10-25 13:46:00,2011-10-25 13:46:00,2011-10
13183,United Kingdom,8,15,7036.18,5,5,5,15,Champions,False,2010-03-14 12:32:00,2011-12-02 10:30:00,2010-03
13184,United Kingdom,15,10,1667.95,5,5,4,14,Champions,False,2011-02-22 17:25:00,2011-11-25 12:02:00,2011-02
13185,United Kingdom,268,1,71.4,2,1,1,4,Lost,True,2011-03-17 11:56:00,2011-03-17 11:56:00,2011-03
13186,United Kingdom,40,3,1575.89,4,3,4,11,Loyal Customers,False,2011-08-03 09:09:00,2011-10-31 11:40:00,2011-08
13187,United Kingdom,337,4,328.36,2,3,2,7,At Risk,True,2010-03-25 17:18:00,2011-01-06 18:57:00,2010-03
13188,United Kingdom,11,1,114.6,5,1,1,7,New Customers,False,2011-11-28 15:28:00,2011-11-28 15:28:00,2011-11
13189,United Kingdom,19,2,260.68,5,2,1,8,New Customers,False,2011-08-16 13:12:00,2011-11-21 10:39:00,2011-08
13190,United Kingdom,544,3,570.66,1,3,2,6,At Risk,True,2009-12-07 12:13:00,2010-06-13 15:47:00,2009-12
13191,United Kingdom,658,1,159.21,1,1,1,3,Lost,True,2010-02-19 17:02:00,2010-02-19 17:02:00,2010-02
13192,United Kingdom,95,6,2558.58,3,4,4,11,Potential Loyalists,True,2010-01-22 08:37:00,2011-09-05 14:13:00,2010-01
13193,United Kingdom,61,1,112.08,3,1,1,5,Needs Attention,False,2011-10-09 14:30:00,2011-10-09 14:30:00,2011-10
13194,United Kingdom,136,2,472.78,3,2,2,7,Needs Attention,True,2010-10-14 11:54:00,2011-07-27 09:01:00,2010-10
13195,United Kingdom,414,1,136.73,1,1,1,3,Lost,True,2010-10-21 13:07:00,2010-10-21 13:07:00,2010-10
13196,United Kingdom,11,7,3068.84,5,4,5,14,Champions,False,2010-04-01 12:54:00,2011-11-28 13:54:00,2010-04
13197,United Kingdom,610,1,373.01000000000005,1,1,2,4,Lost,True,2010-04-09 09:14:00,2010-04-09 09:14:00,2010-04
13198,United Kingdom,10,8,4974.2300000000005,5,4,5,14,Champions,False,2010-10-01 13:27:00,2011-11-29 15:17:00,2010-10
13199,United Kingdom,4,66,15949.210000000001,5,5,5,15,Champions,False,2009-12-05 10:11:00,2011-12-06 12:30:00,2009-12
13200,United Kingdom,19,4,870.09,5,3,3,11,Loyal Customers,False,2011-08-05 14:50:00,2011-11-20 15:35:00,2011-08
13201,United Kingdom,502,4,1233.06,1,3,4,8,At Risk,True,2010-03-07 11:01:00,2010-07-25 14:30:00,2010-03
13202,United Kingdom,394,7,1580.3,2,4,4,10,At Risk,True,2009-12-09 10:48:00,2010-11-10 16:24:00,2009-12
13203,United Kingdom,10,10,2648.25,5,5,4,14,Champions,False,2009-12-17 14:15:00,2011-11-30 10:45:00,2009-12
13204,United Kingdom,731,1,966.6600000000001,1,1,3,5,Lost,True,2009-12-08 14:56:00,2009-12-08 14:56:00,2009-12
13205,United Kingdom,443,1,2803.2,1,1,4,6,Cant Lose Them,True,2010-09-22 16:26:00,2010-09-22 16:26:00,2010-09
13206,United Kingdom,400,13,8308.19,2,5,5,12,At Risk,True,2009-12-07 13:48:00,2010-11-04 16:50:00,2009-12
13207,United Kingdom,15,4,535.86,5,3,2,10,Loyal Customers,False,2010-04-06 16:37:00,2011-11-24 14:52:00,2010-04
13208,United Kingdom,59,8,1951.82,4,4,4,12,Champions,False,2009-12-03 13:25:00,2011-10-11 16:25:00,2009-12
13209,United Kingdom,30,13,8509.51,4,5,5,14,Champions,False,2010-01-24 14:30:00,2011-11-09 13:54:00,2010-01
13210,United Kingdom,94,1,353.48,3,1,2,6,Needs Attention,True,2011-09-07 08:18:00,2011-09-07 08:18:00,2011-09
13211,United Kingdom,10,10,2618.77,5,5,4,14,Champions,False,2009-12-06 15:24:00,2011-11-29 14:43:00,2009-12
13212,United Kingdom,20,3,786.83,4,3,3,10,Loyal Customers,False,2011-10-09 14:48:00,2011-11-20 12:40:00,2011-10
13213,United Kingdom,57,11,3851.52,4,5,5,14,Champions,False,2010-05-20 14:50:00,2011-10-14 11:42:00,2010-05
13214,United Kingdom,418,7,3264.23,1,4,5,10,At Risk,True,2010-03-03 14:10:00,2010-10-18 10:00:00,2010-03
13215,United Kingdom,402,1,81.6,2,1,1,4,Lost,True,2010-11-02 18:26:00,2010-11-02 18:26:00,2010-11
13216,United Kingdom,268,1,333.74,2,1,2,5,Lost,True,2011-03-17 12:18:00,2011-03-17 12:18:00,2011-03
13217,United Kingdom,122,4,666.48,3,3,3,9,Potential Loyalists,True,2010-02-22 12:49:00,2011-08-09 15:32:00,2010-02
13218,United Kingdom,127,1,62.64,3,1,1,5,Needs Attention,True,2011-08-04 16:59:00,2011-08-04 16:59:00,2011-08
13219,United Kingdom,618,1,76.23,1,1,1,3,Lost,True,2010-03-31 14:18:00,2010-03-31 14:18:00,2010-03
13220,United Kingdom,78,5,1336.0900000000001,3,4,4,11,Potential Loyalists,False,2010-05-13 10:35:00,2011-09-22 13:38:00,2010-05
13221,United Kingdom,240,2,844.86,2,2,3,7,Lost,True,2010-12-15 13:24:00,2011-04-13 16:58:00,2010-12
13222,United Kingdom,577,1,88.5,1,1,1,3,Lost,True,2010-05-11 13:54:00,2010-05-11 13:54:00,2010-05
13223,United Kingdom,200,6,969.12,2,4,3,9,At Risk,True,2010-02-12 13:27:00,2011-05-23 13:03:00,2010-02
13224,United Kingdom,60,2,2152.95,3,2,4,9,Needs Attention,False,2011-07-11 14:10:00,2011-10-10 14:55:00,2011-07
13225,United Kingdom,3,16,16260.07,5,5,5,15,Champions,False,2009-12-17 09:09:00,2011-12-06 13:29:00,2009-12
13226,United Kingdom,273,2,312.46,2,2,2,6,Lost,True,2010-11-11 13:46:00,2011-03-11 14:35:00,2010-11
13227,United Kingdom,202,1,257.7,2,1,1,4,Lost,True,2011-05-22 11:47:00,2011-05-22 11:47:00,2011-05
13228,United Kingdom,81,1,358.0,3,1,2,6,Needs Attention,False,2011-09-19 14:28:00,2011-09-19 14:28:00,2011-09
13229,United Kingdom,226,1,160.95,2,1,1,4,Lost,True,2011-04-28 12:07:00,2011-04-28 12:07:00,2011-04
13230,United Kingdom,4,30,6109.51,5,5,5,15,Champions,False,2010-03-18 20:02:00,2011-12-05 16:03:00,2010-03
13232,United Kingdom,13,7,1327.75,5,4,4,13,Champions,False,2011-04-10 13:48:00,2011-11-27 10:39:00,2011-04
13233,United Kingdom,74,4,1176.46,3,3,3,9,Potential Loyalists,False,2010-01-14 14:10:00,2011-09-26 13:25:00,2010-01
13234,United Kingdom,673,2,346.5,1,2,2,5,Lost,True,2009-12-07 12:32:00,2010-02-05 11:41:00,2009-12
13235,United Kingdom,212,1,1031.07,2,1,3,6,Lost,True,2011-05-11 17:13:00,2011-05-11 17:13:00,2011-05
13236,United Kingdom,25,2,744.85,4,2,3,9,New Customers,False,2011-08-25 08:58:00,2011-11-15 12:50:00,2011-08
13237,United Kingdom,388,1,643.0,2,1,3,6,Lost,True,2010-11-17 10:07:00,2010-11-17 10:07:00,2010-11
13238,United Kingdom,17,6,1006.63,5,4,3,12,Loyal Customers,False,2010-04-28 15:02:00,2011-11-22 15:37:00,2010-04
13239,United Kingdom,262,5,1594.69,2,4,4,10,At Risk,True,2010-07-25 13:34:00,2011-03-23 10:25:00,2010-07
13240,United Kingdom,96,8,1455.39,3,4,4,11,Potential Loyalists,True,2010-02-25 13:17:00,2011-09-04 14:08:00,2010-02
13241,United Kingdom,412,1,112.53,1,1,1,3,Lost,True,2010-10-24 11:17:00,2010-10-24 11:17:00,2010-10
13242,United Kingdom,112,7,699.4,3,4,3,10,Potential Loyalists,True,2010-02-09 13:12:00,2011-08-19 12:53:00,2010-02
13243,United Kingdom,203,5,1220.38,2,4,4,10,At Risk,True,2010-03-18 13:10:00,2011-05-20 13:14:00,2010-03
13244,United Kingdom,93,1,121.74000000000001,3,1,1,5,Needs Attention,True,2011-09-08 11:46:00,2011-09-08 11:46:00,2011-09
13245,United Kingdom,51,2,989.22,4,2,3,9,New Customers,False,2010-10-03 14:03:00,2011-10-20 11:40:00,2010-10
13246,United Kingdom,18,11,3351.75,5,5,5,15,Champions,False,2010-07-02 13:36:00,2011-11-21 16:50:00,2010-07
13247,United Kingdom,18,4,501.12,5,3,2,10,Loyal Customers,False,2011-09-18 11:31:00,2011-11-22 10:59:00,2011-09
13248,United Kingdom,125,2,465.68,3,2,2,7,Needs Attention,True,2011-06-03 13:05:00,2011-08-07 12:40:00,2011-06
13249,United Kingdom,92,9,1608.9299999999998,3,5,4,12,Potential Loyalists,True,2010-01-24 12:11:00,2011-09-08 13:26:00,2010-01
13250,United Kingdom,461,2,253.09,1,2,1,4,Lost,True,2010-07-25 14:01:00,2010-09-05 11:33:00,2010-07
13251,United Kingdom,402,1,252.68,2,1,1,4,Lost,True,2010-11-02 13:20:00,2010-11-02 13:20:00,2010-11
13252,United Kingdom,394,2,399.3,2,2,2,6,Lost,True,2010-03-24 10:30:00,2010-11-10 16:00:00,2010-03
13253,United Kingdom,157,4,2951.11,3,3,5,11,Potential Loyalists,True,2010-01-05 12:13:00,2011-07-06 10:09:00,2010-01
13254,United Kingdom,376,1,51.41,2,1,1,4,Lost,True,2010-11-28 15:42:00,2010-11-28 15:42:00,2010-11
13255,United Kingdom,9,3,678.76,5,3,3,11,Loyal Customers,False,2010-07-15 13:20:00,2011-11-30 13:14:00,2010-07
13257,United Kingdom,436,1,149.75,1,1,1,3,Lost,True,2010-09-29 14:58:00,2010-09-29 14:58:00,2010-09
13258,United Kingdom,12,5,1009.43,5,4,3,12,Loyal Customers,False,2010-11-04 12:45:00,2011-11-28 09:31:00,2010-11
13259,United Kingdom,62,9,1398.79,3,5,4,12,Potential Loyalists,False,2010-01-10 10:26:00,2011-10-09 10:48:00,2010-01
13260,United Kingdom,61,1,557.62,3,1,2,6,Needs Attention,False,2011-10-09 13:21:00,2011-10-09 13:21:00,2011-10
13261,United Kingdom,269,2,944.1,2,2,3,7,Lost,True,2011-02-27 10:41:00,2011-03-16 12:22:00,2011-02
13262,United Kingdom,263,3,573.45,2,3,2,7,At Risk,True,2010-04-18 12:14:00,2011-03-21 15:06:00,2010-04
13263,United Kingdom,1,38,8650.98,5,5,5,15,Champions,False,2010-10-22 17:07:00,2011-12-08 13:59:00,2010-10
13264,United Kingdom,443,1,722.5600000000001,1,1,3,5,Lost,True,2010-09-23 12:42:00,2010-09-23 12:42:00,2010-09
13265,United Kingdom,53,5,2092.66,4,4,4,12,Champions,False,2011-03-11 09:54:00,2011-10-17 15:02:00,2011-03
13266,United Kingdom,11,19,6135.04,5,5,5,15,Champions,False,2009-12-17 10:52:00,2011-11-28 14:39:00,2009-12
13267,United Kingdom,3,36,9429.81,5,5,5,15,Champions,False,2009-12-07 16:56:00,2011-12-07 11:12:00,2009-12
13268,United Kingdom,18,10,3152.71,5,5,5,15,Champions,False,2011-03-17 13:20:00,2011-11-22 11:34:00,2011-03
13269,United Kingdom,1,28,8537.32,5,5,5,15,Champions,False,2009-12-02 11:47:00,2011-12-08 14:53:00,2009-12
13270,United Kingdom,366,1,590.0,2,1,2,5,Lost,True,2010-12-08 14:53:00,2010-12-08 14:53:00,2010-12
13271,United Kingdom,37,1,211.49,4,1,1,6,New Customers,False,2011-11-02 14:31:00,2011-11-02 14:31:00,2011-11
13272,United Kingdom,31,2,276.56,4,2,1,7,New Customers,False,2011-09-11 12:06:00,2011-11-08 14:00:00,2011-09
13273,United Kingdom,113,1,138.98,3,1,1,5,Needs Attention,True,2011-08-18 14:02:00,2011-08-18 14:02:00,2011-08
13274,United Kingdom,409,1,360.85,2,1,2,5,Lost,True,2010-10-26 13:48:00,2010-10-26 13:48:00,2010-10
13275,United Kingdom,384,2,238.86,2,2,1,5,Lost,True,2010-03-17 14:05:00,2010-11-21 12:09:00,2010-03
13276,United Kingdom,64,5,1891.91,3,4,4,11,Potential Loyalists,False,2010-03-07 14:05:00,2011-10-07 12:44:00,2010-03
13277,United Kingdom,16,7,523.3,5,4,2,11,Loyal Customers,False,2010-06-18 08:45:00,2011-11-24 09:21:00,2010-06
13278,United Kingdom,41,4,1425.35,4,3,4,11,Loyal Customers,False,2010-04-08 11:59:00,2011-10-30 11:49:00,2010-04
13279,United Kingdom,78,1,137.75,3,1,1,5,Needs Attention,False,2011-09-22 17:24:00,2011-09-22 17:24:00,2011-09
13280,United Kingdom,122,7,2293.33,3,4,4,11,Potential Loyalists,True,2010-03-05 09:07:00,2011-08-09 13:14:00,2010-03
13281,United Kingdom,439,1,350.85,1,1,2,4,Lost,True,2010-09-26 16:03:00,2010-09-26 16:03:00,2010-09
13282,United Kingdom,18,4,1313.19,5,3,4,12,Loyal Customers,False,2010-10-29 14:11:00,2011-11-21 15:33:00,2010-10
13283,United Kingdom,60,4,373.36,3,3,2,8,Potential Loyalists,False,2010-03-09 14:36:00,2011-10-11 09:50:00,2010-03
13284,United Kingdom,331,1,201.19,2,1,1,4,Lost,True,2011-01-13 09:23:00,2011-01-13 09:23:00,2011-01
13285,United Kingdom,23,6,3364.59,4,4,5,13,Champions,False,2010-03-25 14:26:00,2011-11-16 13:19:00,2010-03
13286,United Kingdom,600,1,734.91,1,1,3,5,Lost,True,2010-04-18 15:35:00,2010-04-18 15:35:00,2010-04
13287,United Kingdom,603,3,781.59,1,3,3,7,At Risk,True,2010-01-04 10:43:00,2010-04-15 15:26:00,2010-01
13288,United Kingdom,443,5,927.61,1,4,3,8,At Risk,True,2010-02-11 14:59:00,2010-09-22 16:32:00,2010-02
13289,United Kingdom,724,1,307.95,1,1,2,4,Lost,True,2009-12-16 11:53:00,2009-12-16 11:53:00,2009-12
13291,United Kingdom,156,11,3270.79,3,5,5,13,Potential Loyalists,True,2010-02-11 18:36:00,2011-07-07 10:36:00,2010-02
13292,United Kingdom,39,5,994.51,4,4,3,11,Loyal Customers,False,2010-07-01 14:36:00,2011-11-01 10:04:00,2010-07
13293,United Kingdom,392,6,1192.94,2,4,3,9,At Risk,True,2010-02-09 12:05:00,2010-11-12 13:28:00,2010-02
13294,United Kingdom,190,3,1689.53,2,3,4,9,At Risk,True,2010-03-03 12:54:00,2011-06-03 08:54:00,2010-03
13295,United Kingdom,360,4,1101.97,2,3,3,8,At Risk,True,2010-05-12 09:13:00,2010-12-15 11:21:00,2010-05
13296,United Kingdom,137,6,792.51,3,4,3,10,Potential Loyalists,True,2010-05-11 14:29:00,2011-07-25 13:46:00,2010-05
13297,United Kingdom,8,7,4368.62,5,4,5,14,Champions,False,2010-06-15 12:35:00,2011-12-02 09:32:00,2010-06
13298,United Kingdom,1,1,360.0,5,1,2,8,New Customers,False,2011-12-08 13:11:00,2011-12-08 13:11:00,2011-12
13299,United Kingdom,268,3,1218.7,2,3,4,9,At Risk,True,2010-06-29 11:30:00,2011-03-16 12:55:00,2010-06
13300,United Kingdom,169,3,1285.51,3,3,4,10,Potential Loyalists,True,2010-05-14 15:56:00,2011-06-23 13:09:00,2010-05
13301,United Kingdom,104,4,600.1899999999999,3,3,2,8,Potential Loyalists,True,2011-02-20 13:13:00,2011-08-28 11:25:00,2011-02
13302,United Kingdom,155,2,159.2,3,2,1,6,Needs Attention,True,2010-07-01 12:32:00,2011-07-07 17:56:00,2010-07
13303,United Kingdom,400,1,61.72,2,1,1,4,Lost,True,2010-11-04 14:55:00,2010-11-04 14:55:00,2010-11
13304,United Kingdom,351,4,1217.99,2,3,4,9,At Risk,True,2010-02-08 12:42:00,2010-12-23 14:35:00,2010-02
13305,United Kingdom,4,16,3616.41,5,5,5,15,Champions,False,2010-03-10 14:49:00,2011-12-05 15:15:00,2010-03
13306,United Kingdom,430,1,53.65,1,1,1,3,Lost,True,2010-10-05 14:55:00,2010-10-05 14:55:00,2010-10
13307,United Kingdom,120,3,273.34,3,3,1,7,Potential Loyalists,True,2010-04-26 13:28:00,2011-08-11 17:14:00,2010-04
13308,United Kingdom,23,4,1670.3700000000001,4,3,4,11,Loyal Customers,False,2010-04-22 09:22:00,2011-11-17 09:31:00,2010-04
13309,United Kingdom,7,6,1706.3700000000001,5,4,4,13,Champions,False,2010-11-12 12:10:00,2011-12-02 16:34:00,2010-11
13310,United Kingdom,28,5,1541.2,4,4,4,12,Champions,False,2010-11-02 17:03:00,2011-11-11 17:23:00,2010-11
13311,United Kingdom,4,2,598.57,5,2,2,9,New Customers,False,2011-07-12 14:26:00,2011-12-05 12:55:00,2011-07
13312,United Kingdom,451,1,124.75,1,1,1,3,Lost,True,2010-09-14 14:36:00,2010-09-14 14:36:00,2010-09
13313,United Kingdom,22,12,3445.32,4,5,5,14,Champions,False,2009-12-02 16:18:00,2011-11-17 16:48:00,2009-12
13314,United Kingdom,2,3,775.94,5,3,3,11,Loyal Customers,False,2011-09-27 10:20:00,2011-12-08 12:29:00,2011-09
13315,United Kingdom,689,1,310.26000000000005,1,1,2,4,Lost,True,2010-01-19 15:34:00,2010-01-19 15:34:00,2010-01
13316,United Kingdom,37,10,12940.82,4,5,5,14,Champions,False,2010-03-10 10:01:00,2011-11-02 13:40:00,2010-03
13317,United Kingdom,66,19,6486.09,3,5,5,13,Potential Loyalists,False,2009-12-13 11:11:00,2011-10-04 13:35:00,2009-12
13318,United Kingdom,1,3,640.76,5,3,3,11,Loyal Customers,False,2011-11-02 13:26:00,2011-12-08 18:51:00,2011-11
13319,United Kingdom,5,58,21323.22,5,5,5,15,Champions,False,2009-12-06 14:46:00,2011-12-04 13:34:00,2009-12
13320,United Kingdom,78,6,2211.6,3,4,4,11,Potential Loyalists,False,2010-08-18 10:29:00,2011-09-22 18:07:00,2010-08
13321,United Kingdom,72,2,567.36,3,2,2,7,Needs Attention,False,2011-09-14 15:18:00,2011-09-28 15:24:00,2011-09
13322,United Kingdom,17,1,199.48000000000002,5,1,1,7,New Customers,False,2011-11-22 14:21:00,2011-11-22 14:21:00,2011-11
13323,United Kingdom,3,5,787.85,5,4,3,12,Loyal Customers,False,2011-09-16 13:23:00,2011-12-06 17:12:00,2011-09
13324,United Kingdom,36,18,10513.47,4,5,5,14,Champions,False,2010-05-25 10:23:00,2011-11-03 16:28:00,2010-05
13325,United Kingdom,82,1,675.3,3,1,3,7,Needs Attention,False,2011-09-19 10:36:00,2011-09-19 10:36:00,2011-09
13326,United Kingdom,432,1,281.76,1,1,1,3,Lost,True,2010-10-03 16:00:00,2010-10-03 16:00:00,2010-10
13327,United Kingdom,39,19,9052.87,4,5,5,14,Champions,False,2009-12-18 15:35:00,2011-11-01 10:21:00,2009-12
13328,United Kingdom,316,1,1308.48,2,1,4,7,Cant Lose Them,True,2011-01-27 15:22:00,2011-01-27 15:22:00,2011-01
13329,United Kingdom,32,8,4808.7699999999995,4,4,5,13,Champions,False,2009-12-04 15:41:00,2011-11-08 10:29:00,2009-12
13330,United Kingdom,93,6,2796.1,3,4,4,11,Potential Loyalists,True,2010-02-23 10:12:00,2011-09-08 12:27:00,2010-02
13331,United Kingdom,402,1,262.4,2,1,1,4,Lost,True,2010-11-03 08:04:00,2010-11-03 08:04:00,2010-11
13332,United Kingdom,14,1,350.90000000000003,5,1,2,8,New Customers,False,2011-11-25 13:30:00,2011-11-25 13:30:00,2011-11
13333,United Kingdom,411,3,1015.74,1,3,3,7,At Risk,True,2010-02-19 09:26:00,2010-10-24 13:24:00,2010-02
13334,United Kingdom,82,5,6201.8,3,4,5,12,Potential Loyalists,False,2010-02-25 12:21:00,2011-09-18 15:21:00,2010-02
13336,United Kingdom,77,1,795.12,3,1,3,7,Needs Attention,False,2011-09-23 14:05:00,2011-09-23 14:05:00,2011-09
13337,United Kingdom,546,1,1575.26,1,1,4,6,Cant Lose Them,True,2010-06-11 13:27:00,2010-06-11 13:27:00,2010-06
13338,United Kingdom,158,4,2345.62,3,3,4,10,Potential Loyalists,True,2010-01-05 12:25:00,2011-07-05 09:06:00,2010-01
13339,United Kingdom,201,1,860.12,2,1,3,6,Lost,True,2011-05-23 08:31:00,2011-05-23 08:31:00,2011-05
13340,United Kingdom,45,12,22100.56,4,5,5,14,Champions,False,2010-02-22 14:54:00,2011-10-25 13:15:00,2010-02
13341,United Kingdom,261,1,775.85,2,1,3,6,Lost,True,2011-03-24 09:50:00,2011-03-24 09:50:00,2011-03
13343,United Kingdom,178,1,303.43,3,1,2,6,Needs Attention,True,2011-06-15 12:24:00,2011-06-15 12:24:00,2011-06
13344,United Kingdom,68,3,2511.69,3,3,4,10,Potential Loyalists,False,2011-03-07 10:28:00,2011-10-03 09:45:00,2011-03
13345,United Kingdom,288,1,339.5,2,1,2,5,Lost,True,2011-02-25 09:01:00,2011-02-25 09:01:00,2011-02
13346,United Kingdom,463,6,299.4,1,4,2,7,At Risk,True,2010-04-22 12:34:00,2010-09-03 11:41:00,2010-04
13347,United Kingdom,70,1,291.36,3,1,2,6,Needs Attention,False,2011-09-30 13:28:00,2011-09-30 13:28:00,2011-09
13348,United Kingdom,64,1,233.76000000000002,3,1,1,5,Needs Attention,False,2011-10-06 17:28:00,2011-10-06 17:28:00,2011-10
13349,United Kingdom,11,1,197.32,5,1,1,7,New Customers,False,2011-11-29 08:07:00,2011-11-29 08:07:00,2011-11
13350,United Kingdom,16,2,879.12,5,2,3,10,New Customers,False,2011-09-21 13:33:00,2011-11-23 16:33:00,2011-09
13351,United Kingdom,66,1,323.94,3,1,2,6,Needs Attention,False,2011-10-04 12:55:00,2011-10-04 12:55:00,2011-10
13352,United Kingdom,60,1,347.98,3,1,2,6,Needs Attention,False,2011-10-10 13:55:00,2011-10-10 13:55:00,2011-10
13354,United Kingdom,71,1,743.53,3,1,3,7,Needs Attention,False,2011-09-29 13:17:00,2011-09-29 13:17:00,2011-09
13355,United Kingdom,122,1,674.7,3,1,3,7,Needs Attention,True,2011-08-09 14:48:00,2011-08-09 14:48:00,2011-08
13356,United Kingdom,80,1,768.24,3,1,3,7,Needs Attention,False,2011-09-20 14:33:00,2011-09-20 14:33:00,2011-09
13357,United Kingdom,257,5,3795.01,2,4,5,11,At Risk,True,2010-03-22 14:30:00,2011-03-27 13:56:00,2010-03
13358,United Kingdom,269,1,389.03000000000003,2,1,2,5,Lost,True,2011-03-16 11:52:00,2011-03-16 11:52:00,2011-03
13359,United Kingdom,64,2,943.3100000000001,3,2,3,8,Needs Attention,False,2010-11-01 15:05:00,2011-10-07 09:30:00,2010-11
13360,United Kingdom,432,4,1503.65,1,3,4,8,At Risk,True,2010-01-08 11:16:00,2010-10-04 12:37:00,2010-01
13361,United Kingdom,472,2,1450.5,1,2,4,7,Cant Lose Them,True,2010-04-01 07:49:00,2010-08-24 14:56:00,2010-04
13362,United Kingdom,9,7,5394.07,5,4,5,14,Champions,False,2010-10-10 15:27:00,2011-11-30 14:41:00,2010-10
13363,United Kingdom,18,3,1623.8600000000001,5,3,4,12,Loyal Customers,False,2010-10-26 11:07:00,2011-11-22 12:40:00,2010-10
13364,United Kingdom,71,1,134.96,3,1,1,5,Needs Attention,False,2011-09-29 18:13:00,2011-09-29 18:13:00,2011-09
13365,United Kingdom,34,2,2225.37,4,2,4,10,New Customers,False,2011-05-06 12:00:00,2011-11-06 12:36:00,2011-05
13366,United Kingdom,50,1,56.16,4,1,1,6,New Customers,False,2011-10-20 13:37:00,2011-10-20 13:37:00,2011-10
13367,United Kingdom,432,1,460.2,1,1,2,4,Lost,True,2010-10-04 10:00:00,2010-10-04 10:00:00,2010-10
13368,United Kingdom,257,4,1021.5,2,3,3,8,At Risk,True,2010-10-12 10:43:00,2011-03-28 09:59:00,2010-10
13369,United Kingdom,366,1,258.28000000000003,2,1,1,4,Lost,True,2010-12-09 11:30:00,2010-12-09 11:30:00,2010-12
13370,United Kingdom,372,1,754.87,2,1,3,6,Lost,True,2010-12-03 10:26:00,2010-12-03 10:26:00,2010-12
13371,United Kingdom,505,2,2297.66,1,2,4,7,Cant Lose Them,True,2010-03-17 15:29:00,2010-07-22 17:33:00,2010-03
13372,United Kingdom,90,1,328.64,3,1,2,6,Needs Attention,False,2011-09-11 12:46:00,2011-09-11 12:46:00,2011-09
13373,United Kingdom,61,6,7587.1900000000005,3,4,5,12,Potential Loyalists,False,2009-12-06 12:34:00,2011-10-10 10:51:00,2009-12
13374,United Kingdom,415,2,372.8,1,2,2,5,Lost,True,2010-09-16 10:29:00,2010-10-21 10:04:00,2010-09
13375,United Kingdom,89,2,1792.23,3,2,4,9,Needs Attention,False,2010-09-21 08:12:00,2011-09-12 10:19:00,2010-09
13376,United Kingdom,99,3,869.76,3,3,3,9,Potential Loyalists,True,2011-04-19 13:03:00,2011-09-01 16:16:00,2011-04
13377,United Kingdom,397,2,1452.88,2,2,4,8,Cant Lose Them,True,2010-03-04 10:06:00,2010-11-08 12:20:00,2010-03
13379,United Kingdom,26,3,572.56,4,3,2,9,Loyal Customers,False,2011-07-26 12:26:00,2011-11-13 13:45:00,2011-07
13380,United Kingdom,433,1,62.4,1,1,1,3,Lost,True,2010-10-03 10:18:00,2010-10-03 10:18:00,2010-10
13381,United Kingdom,32,12,8224.37,4,5,5,14,Champions,False,2009-12-01 15:19:00,2011-11-08 11:58:00,2009-12
13382,United Kingdom,281,5,1387.58,2,4,4,10,At Risk,True,2009-12-08 09:56:00,2011-03-04 10:03:00,2009-12
13383,United Kingdom,544,1,305.28000000000003,1,1,2,4,Lost,True,2010-06-14 11:45:00,2010-06-14 11:45:00,2010-06
13384,United Kingdom,31,11,6680.83,4,5,5,14,Champions,False,2010-07-27 12:22:00,2011-11-09 11:04:00,2010-07
13385,United Kingdom,330,1,534.57,2,1,2,5,Lost,True,2011-01-14 09:52:00,2011-01-14 09:52:00,2011-01
13386,United Kingdom,414,2,835.46,1,2,3,6,Lost,True,2010-09-28 13:09:00,2010-10-21 12:52:00,2010-09
13387,United Kingdom,417,1,181.84,1,1,1,3,Lost,True,2010-10-18 14:07:00,2010-10-18 14:07:00,2010-10
13388,United Kingdom,131,3,1185.65,3,3,3,9,Potential Loyalists,True,2010-04-15 10:18:00,2011-07-31 12:52:00,2010-04
13389,United Kingdom,11,3,797.96,5,3,3,11,Loyal Customers,False,2011-04-21 12:12:00,2011-11-28 14:01:00,2011-04
13390,United Kingdom,75,1,544.08,3,1,2,6,Needs Attention,False,2011-09-26 08:38:00,2011-09-26 08:38:00,2011-09
13391,United Kingdom,204,1,59.8,2,1,1,4,Lost,True,2011-05-20 10:50:00,2011-05-20 10:50:00,2011-05
13392,United Kingdom,677,1,91.14,1,1,1,3,Lost,True,2010-01-31 13:34:00,2010-01-31 13:34:00,2010-01
13393,United Kingdom,584,4,1131.45,1,3,3,7,At Risk,True,2009-12-07 18:12:00,2010-05-05 09:34:00,2009-12
13394,United Kingdom,2,19,6621.7,5,5,5,15,Champions,False,2009-12-01 11:58:00,2011-12-08 11:36:00,2009-12
13395,United Kingdom,185,3,1180.23,3,3,3,9,Potential Loyalists,True,2010-10-14 13:00:00,2011-06-07 15:04:00,2010-10
13396,United Kingdom,29,2,1360.99,4,2,4,10,New Customers,False,2011-01-24 13:37:00,2011-11-10 16:59:00,2011-01
13397,United Kingdom,73,10,3191.87,3,5,5,13,Potential Loyalists,False,2010-01-20 09:50:00,2011-09-28 10:56:00,2010-01
13398,United Kingdom,192,2,670.34,2,2,3,7,Lost,True,2010-09-17 09:34:00,2011-05-31 13:17:00,2010-09
13399,United Kingdom,464,3,275.4,1,3,1,5,At Risk,True,2010-07-08 17:47:00,2010-09-01 13:59:00,2010-07
13400,United Kingdom,583,1,310.83,1,1,2,4,Lost,True,2010-05-06 09:00:00,2010-05-06 09:00:00,2010-05
13402,United Kingdom,127,4,1226.8500000000001,3,3,4,10,Potential Loyalists,True,2010-05-24 10:56:00,2011-08-04 15:51:00,2010-05
13403,United Kingdom,18,3,229.5,5,3,1,9,Loyal Customers,False,2009-12-16 13:23:00,2011-11-22 08:28:00,2009-12
13404,United Kingdom,1,2,252.49,5,2,1,8,New Customers,False,2011-05-11 11:57:00,2011-12-08 15:37:00,2011-05
13405,United Kingdom,204,5,1198.81,2,4,3,9,At Risk,True,2009-12-15 14:13:00,2011-05-19 16:31:00,2009-12
13406,United Kingdom,427,2,568.92,1,2,2,5,Lost,True,2010-03-18 07:29:00,2010-10-08 14:44:00,2010-03
13407,United Kingdom,579,3,2244.7,1,3,4,8,At Risk,True,2010-02-16 11:13:00,2010-05-10 12:41:00,2010-02
13408,United Kingdom,2,106,50174.78,5,5,5,15,Champions,False,2009-12-04 09:31:00,2011-12-08 09:05:00,2009-12
13410,United Kingdom,24,9,2201.96,4,5,4,13,Champions,False,2009-12-08 13:43:00,2011-11-15 15:33:00,2009-12
13411,United Kingdom,107,1,213.55,3,1,1,5,Needs Attention,True,2011-08-24 13:57:00,2011-08-24 13:57:00,2011-08
13412,United Kingdom,620,1,487.35,1,1,2,4,Lost,True,2010-03-29 16:28:00,2010-03-29 16:28:00,2010-03
13413,United Kingdom,640,6,429.44,1,4,2,7,At Risk,True,2010-01-21 17:43:00,2010-03-10 12:17:00,2010-01
13414,United Kingdom,134,6,2494.14,3,4,4,11,Potential Loyalists,True,2010-04-15 17:00:00,2011-07-29 11:45:00,2010-04
13415,United Kingdom,473,4,784.17,1,3,3,7,At Risk,True,2009-12-11 14:20:00,2010-08-24 11:38:00,2009-12
13416,United Kingdom,44,3,940.8000000000001,4,3,3,10,Loyal Customers,False,2009-12-03 13:02:00,2011-10-27 08:56:00,2009-12
13417,United Kingdom,5,6,1669.49,5,4,4,13,Champions,False,2010-02-08 12:39:00,2011-12-05 08:49:00,2010-02
13418,United Kingdom,12,31,11559.66,5,5,5,15,Champions,False,2009-12-11 12:51:00,2011-11-28 10:23:00,2009-12
13419,United Kingdom,64,1,221.06,3,1,1,5,Needs Attention,False,2011-10-07 12:49:00,2011-10-07 12:49:00,2011-10
13420,United Kingdom,150,2,159.85,3,2,1,6,Needs Attention,True,2011-06-22 11:35:00,2011-07-13 08:48:00,2011-06
13421,United Kingdom,40,8,4048.25,4,4,5,13,Champions,False,2010-02-14 14:45:00,2011-10-30 14:21:00,2010-02
13422,United Kingdom,64,1,2626.3,3,1,4,8,Needs Attention,False,2011-10-06 13:42:00,2011-10-06 13:42:00,2011-10
13423,United Kingdom,429,1,217.03,1,1,1,3,Lost,True,2010-10-07 09:02:00,2010-10-07 09:02:00,2010-10
13424,United Kingdom,450,1,572.77,1,1,2,4,Lost,True,2010-09-16 10:49:00,2010-09-16 10:49:00,2010-09
13425,United Kingdom,108,5,3390.4300000000003,3,4,5,12,Potential Loyalists,True,2010-05-09 14:35:00,2011-08-23 17:13:00,2010-05
13426,United Kingdom,1,22,8167.38,5,5,5,15,Champions,False,2009-12-09 15:16:00,2011-12-09 08:59:00,2009-12
13427,United Kingdom,19,6,1006.53,5,4,3,12,Loyal Customers,False,2009-12-17 13:44:00,2011-11-20 13:02:00,2009-12
13428,United Kingdom,10,3,478.54,5,3,2,10,Loyal Customers,False,2010-07-13 13:20:00,2011-11-29 14:20:00,2010-07
13429,United Kingdom,11,4,1006.8,5,3,3,11,Loyal Customers,False,2011-09-25 15:59:00,2011-11-29 09:10:00,2011-09
13430,United Kingdom,19,2,679.45,5,2,3,10,New Customers,False,2011-09-14 14:26:00,2011-11-21 08:19:00,2011-09
13431,United Kingdom,67,8,3316.2400000000002,3,4,5,12,Potential Loyalists,False,2010-02-18 11:53:00,2011-10-03 13:49:00,2010-02
13432,United Kingdom,571,2,436.55,1,2,2,5,Lost,True,2010-04-06 14:42:00,2010-05-17 13:18:00,2010-04
13433,United Kingdom,501,4,658.32,1,3,3,7,At Risk,True,2010-01-12 08:59:00,2010-07-26 16:55:00,2010-01
13434,United Kingdom,74,5,1666.8600000000001,3,4,4,11,Potential Loyalists,False,2010-02-22 09:54:00,2011-09-26 14:30:00,2010-02
13435,United Kingdom,5,9,4447.33,5,5,5,15,Champions,False,2010-07-27 16:56:00,2011-12-04 14:45:00,2010-07
13436,United Kingdom,2,1,196.89,5,1,1,7,New Customers,False,2011-12-08 10:33:00,2011-12-08 10:33:00,2011-12
13437,United Kingdom,14,7,3408.06,5,4,5,14,Champions,False,2011-06-02 14:30:00,2011-11-25 14:00:00,2011-06
13438,United Kingdom,547,1,46.5,1,1,1,3,Lost,True,2010-06-10 18:46:00,2010-06-10 18:46:00,2010-06
13439,United Kingdom,255,3,986.61,2,3,3,8,At Risk,True,2010-07-01 14:36:00,2011-03-29 14:20:00,2010-07
13440,United Kingdom,423,7,1295.25,1,4,4,9,At Risk,True,2010-09-14 10:34:00,2010-10-12 13:11:00,2010-09
13441,United Kingdom,92,2,720.9,3,2,3,8,Needs Attention,True,2010-10-04 10:38:00,2011-09-09 09:38:00,2010-10
13442,United Kingdom,667,3,419.87,1,3,2,6,At Risk,True,2009-12-01 14:59:00,2010-02-10 14:03:00,2009-12
13443,United Kingdom,449,6,1269.3700000000001,1,4,4,9,At Risk,True,2010-01-31 13:30:00,2010-09-17 12:31:00,2010-01
13444,United Kingdom,374,2,619.08,2,2,3,7,Lost,True,2010-07-21 14:34:00,2010-11-30 13:02:00,2010-07
13445,United Kingdom,626,1,241.89999999999998,1,1,1,3,Lost,True,2010-03-23 15:34:00,2010-03-23 15:34:00,2010-03
13446,United Kingdom,430,11,3881.89,1,5,5,11,At Risk,True,2010-02-14 11:52:00,2010-10-05 18:51:00,2010-02
13447,United Kingdom,23,3,1129.14,4,3,3,10,Loyal Customers,False,2011-11-04 10:10:00,2011-11-16 13:38:00,2011-11
13448,United Kingdom,17,12,8386.22,5,5,5,15,Champions,False,2009-12-06 12:14:00,2011-11-23 12:33:00,2009-12
13449,United Kingdom,24,1,291.88,4,1,2,7,New Customers,False,2011-11-16 08:28:00,2011-11-16 08:28:00,2011-11
13450,United Kingdom,27,13,4120.04,4,5,5,14,Champions,False,2010-04-15 19:15:00,2011-11-13 11:54:00,2010-04
13451,United Kingdom,26,11,7088.92,4,5,5,14,Champions,False,2010-03-21 16:13:00,2011-11-13 15:58:00,2010-03
13452,United Kingdom,259,3,729.8,2,3,3,8,At Risk,True,2010-08-24 09:53:00,2011-03-25 14:19:00,2010-08
13453,United Kingdom,166,3,781.69,3,3,3,9,Potential Loyalists,True,2010-11-02 13:23:00,2011-06-27 09:34:00,2010-11
13454,United Kingdom,641,1,219.87,1,1,1,3,Lost,True,2010-03-08 14:40:00,2010-03-08 14:40:00,2010-03
13455,United Kingdom,25,6,2212.9900000000002,4,4,4,12,Champions,False,2009-12-09 08:58:00,2011-11-15 11:21:00,2009-12
13456,United Kingdom,18,6,1766.72,5,4,4,13,Champions,False,2011-05-16 15:34:00,2011-11-22 09:18:00,2011-05
13457,United Kingdom,689,2,148.22,1,2,1,4,Lost,True,2009-12-02 12:46:00,2010-01-20 08:48:00,2009-12
13458,United Kingdom,7,16,11959.27,5,5,5,15,Champions,False,2010-11-16 14:01:00,2011-12-02 15:29:00,2010-11
13459,United Kingdom,625,2,1160.41,1,2,3,6,Lost,True,2010-01-26 13:35:00,2010-03-25 10:24:00,2010-01
13460,United Kingdom,29,2,183.44,4,2,1,7,New Customers,False,2011-10-21 09:50:00,2011-11-10 17:17:00,2011-10
13461,United Kingdom,39,6,4160.0,4,4,5,13,Champions,False,2010-04-21 16:01:00,2011-11-01 09:01:00,2010-04
13462,United Kingdom,253,5,1153.8500000000001,2,4,3,9,At Risk,True,2009-12-14 09:48:00,2011-04-01 11:20:00,2009-12
13464,United Kingdom,58,6,3097.64,4,4,5,13,Champions,False,2010-03-31 15:22:00,2011-10-12 15:01:00,2010-03
13465,United Kingdom,446,2,931.12,1,2,3,6,Lost,True,2010-05-02 15:30:00,2010-09-19 15:13:00,2010-05
13466,United Kingdom,184,5,1013.35,3,4,3,10,Potential Loyalists,True,2010-03-21 13:50:00,2011-06-08 16:39:00,2010-03
13467,United Kingdom,11,2,1071.91,5,2,3,10,New Customers,False,2011-11-03 16:56:00,2011-11-29 10:01:00,2011-11
13468,United Kingdom,2,72,12793.28,5,5,5,15,Champions,False,2009-12-03 13:32:00,2011-12-08 10:39:00,2009-12
13469,United Kingdom,653,1,82.4,1,1,1,3,Lost,True,2010-02-24 15:03:00,2010-02-24 15:03:00,2010-02
13470,United Kingdom,99,2,165.0,3,2,1,6,Needs Attention,True,2011-08-16 17:06:00,2011-09-01 14:57:00,2011-08
13471,United Kingdom,1,4,2501.84,5,3,4,12,Loyal Customers,False,2011-10-23 13:10:00,2011-12-08 15:44:00,2011-10
13472,United Kingdom,464,2,592.24,1,2,2,5,Lost,True,2010-06-02 09:48:00,2010-09-02 09:41:00,2010-06
13473,United Kingdom,61,8,2657.76,3,4,4,11,Potential Loyalists,False,2009-12-15 19:02:00,2011-10-10 11:20:00,2009-12
13474,United Kingdom,236,3,646.59,2,3,3,8,At Risk,True,2010-08-01 14:40:00,2011-04-17 13:53:00,2010-08
13475,United Kingdom,191,4,1431.78,2,3,4,9,At Risk,True,2011-02-14 12:36:00,2011-06-01 13:52:00,2011-02
13476,United Kingdom,179,5,2061.4700000000003,3,4,4,11,Potential Loyalists,True,2010-03-05 09:39:00,2011-06-14 12:00:00,2010-03
13477,United Kingdom,38,11,2819.17,4,5,4,13,Champions,False,2010-01-25 11:52:00,2011-11-02 12:04:00,2010-01
13478,United Kingdom,469,5,2215.78,1,4,4,9,At Risk,True,2010-01-31 15:51:00,2010-08-27 13:23:00,2010-01
13479,United Kingdom,201,4,851.37,2,3,3,8,At Risk,True,2010-08-19 16:18:00,2011-05-23 10:45:00,2010-08
13480,United Kingdom,417,2,627.82,1,2,3,6,Lost,True,2010-01-29 12:35:00,2010-10-19 11:53:00,2010-01
13481,United Kingdom,46,11,3830.84,4,5,5,14,Champions,False,2009-12-04 12:37:00,2011-10-25 09:07:00,2009-12
13482,United Kingdom,232,2,336.09,2,2,2,6,Lost,True,2010-03-22 10:31:00,2011-04-21 17:03:00,2010-03
13483,United Kingdom,66,1,140.34,3,1,1,5,Needs Attention,False,2011-10-05 11:53:00,2011-10-05 11:53:00,2011-10
13484,United Kingdom,241,3,790.72,2,3,3,8,At Risk,True,2010-03-10 11:46:00,2011-04-12 16:30:00,2010-03
13485,United Kingdom,233,11,3015.2200000000003,2,5,5,12,At Risk,True,2009-12-03 13:46:00,2011-04-20 13:58:00,2009-12
13486,United Kingdom,78,3,1122.41,3,3,3,9,Potential Loyalists,False,2011-07-07 17:19:00,2011-09-22 13:13:00,2011-07
13487,United Kingdom,58,5,846.87,4,4,3,11,Loyal Customers,False,2009-12-05 10:25:00,2011-10-13 12:07:00,2009-12
13488,United Kingdom,17,23,14205.960000000001,5,5,5,15,Champions,False,2010-01-25 10:13:00,2011-11-22 14:41:00,2010-01
13489,United Kingdom,105,4,449.52,3,3,2,8,Potential Loyalists,True,2011-02-18 10:42:00,2011-08-26 13:16:00,2011-02
13490,United Kingdom,654,1,154.25,1,1,1,3,Lost,True,2010-02-23 14:48:00,2010-02-23 14:48:00,2010-02
13491,United Kingdom,52,27,4467.66,4,5,5,14,Champions,False,2009-12-07 08:24:00,2011-10-19 08:32:00,2009-12
13492,Switzerland,136,3,1269.84,3,3,4,10,Potential Loyalists,True,2011-05-09 10:06:00,2011-07-26 14:25:00,2011-05
13493,Switzerland,275,2,498.63,2,2,2,6,Lost,True,2011-02-25 16:42:00,2011-03-09 15:35:00,2011-02
13494,United Kingdom,312,1,316.26000000000005,2,1,2,5,Lost,True,2011-02-01 11:58:00,2011-02-01 11:58:00,2011-02
13495,United Kingdom,8,10,4863.31,5,5,5,15,Champions,False,2009-12-07 12:12:00,2011-12-02 11:21:00,2009-12
13496,United Kingdom,11,2,653.33,5,2,3,10,New Customers,False,2010-12-15 10:17:00,2011-11-29 10:58:00,2010-12
13497,United Kingdom,283,6,1166.8300000000002,2,4,3,9,At Risk,True,2010-02-08 10:27:00,2011-03-02 09:04:00,2010-02
13498,United Kingdom,730,1,327.38,1,1,2,4,Lost,True,2009-12-09 15:26:00,2009-12-09 15:26:00,2009-12
13499,United Kingdom,18,5,1159.1100000000001,5,4,3,12,Loyal Customers,False,2011-03-15 08:52:00,2011-11-22 11:21:00,2011-03
13500,United Kingdom,23,4,1466.3,4,3,4,11,Loyal Customers,False,2010-11-03 13:16:00,2011-11-16 15:35:00,2010-11
13501,Switzerland,288,3,2885.11,2,3,4,9,At Risk,True,2010-05-18 13:24:00,2011-02-24 18:59:00,2010-05
13502,United Kingdom,17,5,780.5,5,4,3,12,Loyal Customers,False,2010-06-09 10:52:00,2011-11-23 10:39:00,2010-06
13503,United Kingdom,71,5,1778.04,3,4,4,11,Potential Loyalists,False,2010-02-16 13:49:00,2011-09-29 13:23:00,2010-02
13504,United Kingdom,64,1,295.93,3,1,2,6,Needs Attention,False,2011-10-06 13:20:00,2011-10-06 13:20:00,2011-10
13505,Switzerland,73,4,3633.63,3,3,5,11,Potential Loyalists,False,2011-04-21 12:07:00,2011-09-28 11:56:00,2011-04
13506,United Kingdom,316,5,1338.08,2,4,4,10,At Risk,True,2010-09-05 12:33:00,2011-01-27 13:53:00,2010-09
13507,United Kingdom,3,4,2479.16,5,3,4,12,Loyal Customers,False,2011-07-17 11:50:00,2011-12-06 13:13:00,2011-07
13508,United Kingdom,244,2,287.05,2,2,2,6,Lost,True,2010-03-07 11:58:00,2011-04-10 11:58:00,2010-03
13509,United Kingdom,9,7,1099.72,5,4,3,12,Loyal Customers,False,2010-07-20 12:10:00,2011-12-01 10:10:00,2010-07
13510,United Kingdom,1,11,4558.29,5,5,5,15,Champions,False,2009-12-21 11:53:00,2011-12-08 13:46:00,2009-12
13511,United Kingdom,677,1,282.76,1,1,1,3,Lost,True,2010-02-01 12:10:00,2010-02-01 12:10:00,2010-02
13512,United Kingdom,261,4,713.39,2,3,3,8,At Risk,True,2010-05-05 13:22:00,2011-03-24 10:03:00,2010-05
13513,United Kingdom,127,3,824.59,3,3,3,9,Potential Loyalists,True,2010-02-22 16:36:00,2011-08-05 11:50:00,2010-02
13514,United Kingdom,74,4,815.9000000000001,3,3,3,9,Potential Loyalists,False,2010-01-26 15:11:00,2011-09-27 09:39:00,2010-01
13515,United Kingdom,73,6,1265.82,3,4,4,11,Potential Loyalists,False,2010-03-05 11:58:00,2011-09-28 11:26:00,2010-03
13516,United Kingdom,21,4,1685.26,4,3,4,11,Loyal Customers,False,2010-10-18 08:52:00,2011-11-18 13:15:00,2010-10
13517,United Kingdom,60,3,2128.42,3,3,4,10,Potential Loyalists,False,2011-06-13 08:44:00,2011-10-11 11:43:00,2011-06
13518,United Kingdom,86,1,627.16,3,1,3,7,Needs Attention,False,2011-09-15 10:29:00,2011-09-15 10:29:00,2011-09
13519,United Kingdom,78,2,343.21,3,2,2,7,Needs Attention,False,2010-09-23 11:45:00,2011-09-22 18:24:00,2010-09
13520,Switzerland,59,11,5446.0,4,5,5,14,Champions,False,2009-12-17 11:11:00,2011-10-12 10:20:00,2009-12
13521,United Kingdom,1,3,1070.47,5,3,3,11,Loyal Customers,False,2011-11-29 15:09:00,2011-12-08 13:50:00,2011-11
13522,United Kingdom,30,1,125.80000000000001,4,1,1,6,New Customers,False,2011-11-09 15:11:00,2011-11-09 15:11:00,2011-11
13523,United Kingdom,33,6,4534.57,4,4,5,13,Champions,False,2010-11-02 14:55:00,2011-11-06 15:11:00,2010-11
13524,United Kingdom,41,5,680.1800000000001,4,4,3,11,Loyal Customers,False,2011-05-04 12:26:00,2011-10-30 12:34:00,2011-05
13525,United Kingdom,15,2,628.78,5,2,3,10,New Customers,False,2011-04-05 15:36:00,2011-11-25 12:01:00,2011-04
13526,United Kingdom,738,2,1182.0,1,2,3,6,Lost,True,2009-12-01 12:56:00,2009-12-01 13:13:00,2009-12
13527,United Kingdom,34,12,4541.29,4,5,5,14,Champions,False,2010-01-21 12:37:00,2011-11-06 12:04:00,2010-01
13529,United Kingdom,79,2,307.76,3,2,2,7,Needs Attention,False,2011-05-19 11:50:00,2011-09-22 09:15:00,2011-05
13530,United Kingdom,634,1,402.98,1,1,2,4,Lost,True,2010-03-15 14:10:00,2010-03-15 14:10:00,2010-03
13531,United Kingdom,205,6,1433.07,2,4,4,10,At Risk,True,2009-12-03 15:20:00,2011-05-18 16:56:00,2009-12
13532,United Kingdom,34,1,210.31,4,1,1,6,New Customers,False,2011-11-06 12:25:00,2011-11-06 12:25:00,2011-11
13533,United Kingdom,183,3,269.09,3,3,1,7,Potential Loyalists,True,2011-03-17 12:47:00,2011-06-10 11:54:00,2011-03
13534,United Kingdom,2,35,7720.900000000001,5,5,5,15,Champions,False,2010-07-07 15:00:00,2011-12-07 14:52:00,2010-07
13535,United Kingdom,403,1,89.5,2,1,1,4,Lost,True,2010-11-02 11:49:00,2010-11-02 11:49:00,2010-11
13536,United Kingdom,1,7,3444.39,5,4,5,14,Champions,False,2011-09-25 13:30:00,2011-12-08 16:38:00,2011-09
13537,United Kingdom,426,2,717.85,1,2,3,6,Lost,True,2010-09-14 10:41:00,2010-10-10 12:45:00,2010-09
13538,United Kingdom,43,12,3103.13,4,5,5,14,Champions,False,2010-02-02 12:47:00,2011-10-27 16:34:00,2010-02
13539,United Kingdom,86,7,1569.36,3,4,4,11,Potential Loyalists,False,2010-04-28 12:04:00,2011-09-15 10:18:00,2010-04
13540,United Kingdom,467,3,632.39,1,3,3,7,At Risk,True,2010-02-22 09:22:00,2010-08-29 14:20:00,2010-02
13541,United Kingdom,427,2,785.25,1,2,3,6,Lost,True,2010-05-18 16:15:00,2010-10-08 16:37:00,2010-05
13542,United Kingdom,377,17,3959.4900000000002,2,5,5,12,At Risk,True,2009-12-10 19:53:00,2010-11-28 11:24:00,2009-12
13543,United Kingdom,634,2,1439.61,1,2,4,7,Cant Lose Them,True,2010-01-21 14:30:00,2010-03-15 13:34:00,2010-01
13544,United Kingdom,40,6,790.2,4,4,3,11,Loyal Customers,False,2010-03-05 11:31:00,2011-10-31 11:57:00,2010-03
13545,United Kingdom,391,2,364.93,2,2,2,6,Lost,True,2010-06-13 11:49:00,2010-11-14 11:27:00,2010-06
13546,United Kingdom,12,5,1086.24,5,4,3,12,Loyal Customers,False,2010-10-11 17:23:00,2011-11-27 14:50:00,2010-10
13547,United Kingdom,408,1,164.53,2,1,1,4,Lost,True,2010-10-27 14:14:00,2010-10-27 14:14:00,2010-10
13548,United Kingdom,96,3,901.44,3,3,3,9,Potential Loyalists,True,2010-08-25 13:44:00,2011-09-04 14:50:00,2010-08
13549,United Kingdom,26,8,1005.8000000000001,4,4,3,11,Loyal Customers,False,2010-11-17 12:17:00,2011-11-14 09:20:00,2010-11
13550,United Kingdom,383,1,342.55,2,1,2,5,Lost,True,2010-11-21 15:24:00,2010-11-21 15:24:00,2010-11
13551,United Kingdom,319,2,244.2,2,2,1,5,Lost,True,2010-02-11 15:01:00,2011-01-24 14:46:00,2010-02
13552,United Kingdom,66,22,6948.92,3,5,5,13,Potential Loyalists,False,2010-02-19 13:28:00,2011-10-04 15:19:00,2010-02
13553,United Kingdom,675,1,499.6,1,1,2,4,Lost,True,2010-02-03 12:21:00,2010-02-03 12:21:00,2010-02
13554,United Kingdom,380,7,1629.35,2,4,4,10,At Risk,True,2010-09-19 12:39:00,2010-11-24 15:05:00,2010-09
13555,United Kingdom,74,13,8891.84,3,5,5,13,Potential Loyalists,False,2010-01-19 13:20:00,2011-09-27 12:36:00,2010-01
13556,United Kingdom,429,2,200.82,1,2,1,4,Lost,True,2010-09-30 09:01:00,2010-10-06 16:44:00,2010-09
13557,United Kingdom,28,13,3032.26,4,5,5,14,Champions,False,2009-12-08 17:41:00,2011-11-11 15:24:00,2009-12
13558,United Kingdom,6,4,594.52,5,3,2,10,Loyal Customers,False,2011-10-02 13:01:00,2011-12-04 11:24:00,2011-10
13559,United Kingdom,513,2,990.0,1,2,3,6,Lost,True,2010-06-14 11:52:00,2010-07-15 09:52:00,2010-06
13560,United Kingdom,7,1,171.42000000000002,5,1,1,7,New Customers,False,2011-12-02 13:11:00,2011-12-02 13:11:00,2011-12
13561,United Kingdom,216,11,1803.4,2,5,4,11,At Risk,True,2010-02-28 13:42:00,2011-05-08 12:39:00,2010-02
13562,United Kingdom,82,8,4838.18,3,4,5,12,Potential Loyalists,False,2010-01-14 16:33:00,2011-09-19 10:51:00,2010-01
13563,United Kingdom,84,2,777.53,3,2,3,8,Needs Attention,False,2011-07-22 17:21:00,2011-09-16 14:45:00,2011-07
13564,United Kingdom,354,36,15880.22,2,5,5,12,At Risk,True,2009-12-02 11:55:00,2010-12-20 16:50:00,2009-12
13565,United Kingdom,19,3,414.8,5,3,2,10,Loyal Customers,False,2010-10-24 15:51:00,2011-11-20 14:33:00,2010-10
13566,United Kingdom,41,5,1684.75,4,4,4,12,Champions,False,2010-03-10 12:22:00,2011-10-30 11:59:00,2010-03
13567,United Kingdom,428,4,1079.29,1,3,3,7,At Risk,True,2010-06-16 12:48:00,2010-10-07 12:51:00,2010-06
13568,United Kingdom,173,1,187.05,3,1,1,5,Needs Attention,True,2011-06-19 14:42:00,2011-06-19 14:42:00,2011-06
13569,United Kingdom,17,4,725.04,5,3,3,11,Loyal Customers,False,2010-10-07 13:05:00,2011-11-22 13:07:00,2010-10
13570,United Kingdom,243,1,239.49,2,1,1,4,Lost,True,2011-04-10 13:36:00,2011-04-10 13:36:00,2011-04
13571,United Kingdom,13,26,4537.26,5,5,5,15,Champions,False,2009-12-08 13:02:00,2011-11-27 10:47:00,2009-12
13572,United Kingdom,206,1,1384.25,2,1,4,7,Cant Lose Them,True,2011-05-18 11:59:00,2011-05-18 11:59:00,2011-05
13573,United Kingdom,50,6,903.07,4,4,3,11,Loyal Customers,False,2010-03-12 16:06:00,2011-10-20 14:33:00,2010-03
13574,United Kingdom,411,1,404.45,1,1,2,4,Lost,True,2010-10-24 13:28:00,2010-10-24 13:28:00,2010-10
13575,United Kingdom,23,5,732.07,4,4,3,11,Loyal Customers,False,2011-06-16 14:24:00,2011-11-16 13:14:00,2011-06
13576,United Kingdom,10,28,11202.59,5,5,5,15,Champions,False,2009-12-08 15:12:00,2011-11-29 15:34:00,2009-12
13577,United Kingdom,25,11,3484.28,4,5,5,14,Champions,False,2009-12-14 16:10:00,2011-11-14 15:19:00,2009-12
13578,United Kingdom,409,1,147.66,2,1,1,4,Lost,True,2010-10-26 13:44:00,2010-10-26 13:44:00,2010-10
13579,United Kingdom,15,5,1374.3400000000001,5,4,4,13,Champions,False,2010-02-18 13:53:00,2011-11-25 08:41:00,2010-02
13580,United Kingdom,406,1,107.75,2,1,1,4,Lost,True,2010-10-29 15:01:00,2010-10-29 15:01:00,2010-10
13581,United Kingdom,309,2,280.53000000000003,2,2,1,5,Lost,True,2010-10-21 16:30:00,2011-02-03 14:41:00,2010-10
13582,United Kingdom,390,2,241.68,2,2,1,5,Lost,True,2010-04-01 11:38:00,2010-11-15 11:34:00,2010-04
13583,United Kingdom,156,2,1445.03,3,2,4,9,Needs Attention,True,2010-01-29 13:53:00,2011-07-07 10:40:00,2010-01
13584,United Kingdom,307,3,385.7,2,3,2,7,At Risk,True,2010-02-02 08:40:00,2011-02-06 12:49:00,2010-02
13585,United Kingdom,531,3,684.54,1,3,3,7,At Risk,True,2009-12-01 14:56:00,2010-06-27 12:33:00,2009-12
13586,United Kingdom,541,1,127.28,1,1,1,3,Lost,True,2010-06-16 13:47:00,2010-06-16 13:47:00,2010-06
13587,United Kingdom,64,4,1673.5,3,3,4,10,Potential Loyalists,False,2010-02-14 13:17:00,2011-10-07 12:31:00,2010-02
13588,United Kingdom,16,9,2478.95,5,5,4,14,Champions,False,2011-03-29 15:53:00,2011-11-24 10:42:00,2011-03
13589,United Kingdom,15,6,1120.74,5,4,3,12,Loyal Customers,False,2009-12-06 10:26:00,2011-11-25 12:10:00,2009-12
13590,United Kingdom,11,18,6336.04,5,5,5,15,Champions,False,2009-12-01 13:37:00,2011-11-28 12:54:00,2009-12
13591,United Kingdom,65,7,2093.94,3,4,4,11,Potential Loyalists,False,2009-12-14 15:44:00,2011-10-06 12:26:00,2009-12
13592,United Kingdom,36,4,247.95999999999998,4,3,1,8,Loyal Customers,False,2011-03-20 14:01:00,2011-11-04 09:49:00,2011-03
13593,United Kingdom,108,14,5493.29,3,5,5,13,Potential Loyalists,True,2010-03-02 16:36:00,2011-08-23 13:35:00,2010-03
13594,United Kingdom,53,2,533.32,4,2,2,8,New Customers,False,2010-08-11 10:23:00,2011-10-18 10:19:00,2010-08
13595,United Kingdom,517,3,784.48,1,3,3,7,At Risk,True,2010-03-03 14:42:00,2010-07-11 12:36:00,2010-03
13596,United Kingdom,6,2,664.11,5,2,3,10,New Customers,False,2011-11-27 11:57:00,2011-12-04 12:01:00,2011-11
13597,United Kingdom,400,2,396.71,2,2,2,6,Lost,True,2010-11-02 09:30:00,2010-11-04 14:54:00,2010-11
13598,United Kingdom,47,5,761.96,4,4,3,11,Loyal Customers,False,2010-02-26 11:22:00,2011-10-23 14:28:00,2010-02
13599,United Kingdom,1,33,9811.04,5,5,5,15,Champions,False,2009-12-01 12:30:00,2011-12-08 16:10:00,2009-12
13600,United Kingdom,312,2,518.42,2,2,2,6,Lost,True,2010-03-15 17:16:00,2011-01-31 15:27:00,2010-03
13601,United Kingdom,45,4,1159.99,4,3,3,10,Loyal Customers,False,2010-06-11 15:03:00,2011-10-25 17:31:00,2010-06
13602,United Kingdom,65,4,1025.17,3,3,3,9,Potential Loyalists,False,2010-05-28 11:49:00,2011-10-06 11:47:00,2010-05
13603,United Kingdom,26,1,164.34,4,1,1,6,New Customers,False,2011-11-13 15:57:00,2011-11-13 15:57:00,2011-11
13604,United Kingdom,659,1,717.62,1,1,3,5,Lost,True,2010-02-19 12:02:00,2010-02-19 12:02:00,2010-02
13605,United Kingdom,387,2,522.67,2,2,2,6,Lost,True,2010-05-17 15:46:00,2010-11-17 17:16:00,2010-05
13606,United Kingdom,29,3,276.75,4,3,1,8,Loyal Customers,False,2011-02-01 11:42:00,2011-11-10 17:46:00,2011-02
13607,United Kingdom,40,2,1075.81,4,2,3,9,New Customers,False,2010-11-02 11:48:00,2011-10-30 16:17:00,2010-11
13608,United Kingdom,541,1,232.05,1,1,1,3,Lost,True,2010-06-17 12:28:00,2010-06-17 12:28:00,2010-06
13609,United Kingdom,593,1,167.35,1,1,1,3,Lost,True,2010-04-25 13:26:00,2010-04-25 13:26:00,2010-04
13610,United Kingdom,12,14,2102.46,5,5,4,14,Champions,False,2010-01-05 14:12:00,2011-11-27 15:38:00,2010-01
13611,United Kingdom,89,10,3297.9300000000003,3,5,5,13,Potential Loyalists,False,2009-12-03 07:57:00,2011-09-11 14:51:00,2009-12
13612,United Kingdom,633,1,818.29,1,1,3,5,Lost,True,2010-03-17 12:14:00,2010-03-17 12:14:00,2010-03
13613,United Kingdom,453,5,1039.8500000000001,1,4,3,8,At Risk,True,2010-02-17 12:40:00,2010-09-13 12:01:00,2010-02
13614,United Kingdom,24,6,2332.74,4,4,4,12,Champions,False,2010-06-06 13:42:00,2011-11-15 14:47:00,2010-06
13615,United Kingdom,319,8,6272.53,2,4,5,11,At Risk,True,2010-01-28 15:43:00,2011-01-25 08:21:00,2010-01
13616,United Kingdom,568,2,283.85,1,2,1,4,Lost,True,2010-01-17 14:56:00,2010-05-20 12:59:00,2010-01
13617,United Kingdom,40,8,1278.75,4,4,4,12,Champions,False,2010-08-01 15:23:00,2011-10-30 13:50:00,2010-08
13618,United Kingdom,174,1,177.34,3,1,1,5,Needs Attention,True,2011-06-19 11:09:00,2011-06-19 11:09:00,2011-06
13619,United Kingdom,545,2,223.44,1,2,1,4,Lost,True,2010-02-03 14:16:00,2010-06-13 11:39:00,2010-02
13620,United Kingdom,528,1,112.34,1,1,1,3,Lost,True,2010-06-29 15:02:00,2010-06-29 15:02:00,2010-06
13621,United Kingdom,117,1,213.85,3,1,1,5,Needs Attention,True,2011-08-15 08:26:00,2011-08-15 08:26:00,2011-08
13622,United Kingdom,696,1,658.95,1,1,3,5,Lost,True,2010-01-12 13:22:00,2010-01-12 13:22:00,2010-01
13623,United Kingdom,31,10,2533.06,4,5,4,13,Champions,False,2009-12-02 13:57:00,2011-11-09 12:00:00,2009-12
13624,United Kingdom,388,1,462.08,2,1,2,5,Lost,True,2010-11-16 13:43:00,2010-11-16 13:43:00,2010-11
13625,United Kingdom,597,1,301.26,1,1,2,4,Lost,True,2010-04-22 10:50:00,2010-04-22 10:50:00,2010-04
13626,United Kingdom,253,2,707.04,2,2,3,7,Lost,True,2010-11-25 16:12:00,2011-04-01 10:05:00,2010-11
13627,United Kingdom,59,7,2245.9,4,4,4,12,Champions,False,2010-03-09 14:03:00,2011-10-11 14:20:00,2010-03
13628,United Kingdom,676,1,310.14,1,1,2,4,Lost,True,2010-02-01 14:44:00,2010-02-01 14:44:00,2010-02
13629,United Kingdom,23,19,13370.86,4,5,5,14,Champions,False,2010-02-11 17:34:00,2011-11-16 13:21:00,2010-02
13630,United Kingdom,5,7,2031.78,5,4,4,13,Champions,False,2011-02-27 12:49:00,2011-12-04 15:16:00,2011-02
13631,United Kingdom,100,11,3070.42,3,5,5,13,Potential Loyalists,True,2011-03-17 17:13:00,2011-09-01 09:57:00,2011-03
13632,United Kingdom,25,8,3645.81,4,4,5,13,Champions,False,2010-04-07 10:59:00,2011-11-15 10:51:00,2010-04
13634,United Kingdom,33,15,4988.08,4,5,5,14,Champions,False,2010-01-10 14:26:00,2011-11-06 13:40:00,2010-01
13635,United Kingdom,68,4,2999.16,3,3,5,11,Potential Loyalists,False,2009-12-01 09:46:00,2011-10-03 10:55:00,2009-12
13636,United Kingdom,37,5,949.12,4,4,3,11,Loyal Customers,False,2011-02-27 14:29:00,2011-11-03 10:30:00,2011-02
13637,United Kingdom,52,3,803.05,4,3,3,10,Loyal Customers,False,2011-04-27 13:06:00,2011-10-18 13:32:00,2011-04
13638,United Kingdom,16,1,122.64,5,1,1,7,New Customers,False,2011-11-24 10:38:00,2011-11-24 10:38:00,2011-11
13639,United Kingdom,74,2,1346.27,3,2,4,9,Needs Attention,False,2010-09-29 10:05:00,2011-09-26 13:36:00,2010-09
13640,United Kingdom,611,1,405.0,1,1,2,4,Lost,True,2010-04-07 15:33:00,2010-04-07 15:33:00,2010-04
13641,United Kingdom,641,4,942.37,1,3,3,7,At Risk,True,2009-12-05 13:17:00,2010-03-09 07:37:00,2009-12
13642,United Kingdom,216,4,472.2,2,3,2,7,At Risk,True,2010-10-03 12:23:00,2011-05-08 12:34:00,2010-10
13643,United Kingdom,31,10,2156.77,4,5,4,13,Champions,False,2009-12-08 12:48:00,2011-11-08 15:37:00,2009-12
13644,United Kingdom,16,4,2624.26,5,3,4,12,Loyal Customers,False,2011-08-26 11:53:00,2011-11-23 14:07:00,2011-08
13645,United Kingdom,120,1,252.1,3,1,1,5,Needs Attention,True,2011-08-11 16:11:00,2011-08-11 16:11:00,2011-08
13646,United Kingdom,400,2,326.25,2,2,2,6,Lost,True,2010-11-05 12:00:00,2010-11-05 12:13:00,2010-11
13647,United Kingdom,10,8,3041.68,5,4,5,14,Champions,False,2010-04-15 12:55:00,2011-11-30 12:00:00,2010-04
13648,United Kingdom,400,8,1759.0700000000002,2,4,4,10,At Risk,True,2009-12-01 18:13:00,2010-11-04 14:46:00,2009-12
13649,United Kingdom,257,6,1453.68,2,4,4,10,At Risk,True,2010-06-30 16:35:00,2011-03-28 11:51:00,2010-06
13650,United Kingdom,17,10,3288.0,5,5,5,15,Champions,False,2010-01-26 08:44:00,2011-11-23 12:22:00,2010-01
13651,United Kingdom,40,2,211.85,4,2,1,7,New Customers,False,2010-11-23 09:44:00,2011-10-31 12:11:00,2010-11
13652,United Kingdom,46,5,2262.05,4,4,4,12,Champions,False,2010-02-25 17:37:00,2011-10-25 08:51:00,2010-02
13653,United Kingdom,488,1,152.2,1,1,1,3,Lost,True,2010-08-09 08:19:00,2010-08-09 08:19:00,2010-08
13654,United Kingdom,43,11,6308.0,4,5,5,14,Champions,False,2009-12-02 11:43:00,2011-10-27 16:24:00,2009-12
13655,United Kingdom,114,6,2280.51,3,4,4,11,Potential Loyalists,True,2010-04-27 09:59:00,2011-08-17 14:25:00,2010-04
13656,United Kingdom,165,4,1078.85,3,3,3,9,Potential Loyalists,True,2010-04-23 12:50:00,2011-06-28 10:31:00,2010-04
13657,United Kingdom,11,2,382.14,5,2,2,9,New Customers,False,2011-05-22 12:35:00,2011-11-29 12:32:00,2011-05
13658,United Kingdom,10,9,6025.5,5,5,5,15,Champions,False,2010-02-05 13:17:00,2011-11-30 10:13:00,2010-02
13659,United Kingdom,206,12,4884.68,2,5,5,12,At Risk,True,2010-02-17 09:05:00,2011-05-18 12:37:00,2010-02
13660,United Kingdom,400,1,306.64,2,1,2,5,Lost,True,2010-11-04 16:10:00,2010-11-04 16:10:00,2010-11
13661,United Kingdom,603,1,325.24,1,1,2,4,Lost,True,2010-04-15 14:58:00,2010-04-15 14:58:00,2010-04
13662,United Kingdom,86,11,2233.61,3,5,4,12,Potential Loyalists,False,2010-02-19 13:21:00,2011-09-15 12:04:00,2010-02
13663,United Kingdom,179,5,2047.51,3,4,4,11,Potential Loyalists,True,2010-03-03 10:11:00,2011-06-13 15:44:00,2010-03
13665,United Kingdom,386,3,1711.66,2,3,4,9,At Risk,True,2010-07-23 13:29:00,2010-11-18 13:06:00,2010-07
13666,United Kingdom,60,5,127.05,3,4,1,8,Potential Loyalists,False,2009-12-04 10:48:00,2011-10-10 15:39:00,2009-12
13667,United Kingdom,149,1,299.05,3,1,2,6,Needs Attention,True,2011-07-13 15:42:00,2011-07-13 15:42:00,2011-07
13668,United Kingdom,3,35,12948.48,5,5,5,15,Champions,False,2009-12-11 14:28:00,2011-12-07 12:11:00,2009-12
13669,United Kingdom,51,3,413.55,4,3,2,9,Loyal Customers,False,2010-10-28 15:05:00,2011-10-20 09:32:00,2010-10
13670,United Kingdom,75,1,349.7,3,1,2,6,Needs Attention,False,2011-09-25 15:25:00,2011-09-25 15:25:00,2011-09
13671,United Kingdom,395,1,172.6,2,1,1,4,Lost,True,2010-11-10 10:50:00,2010-11-10 10:50:00,2010-11
13672,United Kingdom,301,3,419.92,2,3,2,7,At Risk,True,2009-12-09 11:40:00,2011-02-11 13:53:00,2009-12
13673,United Kingdom,19,2,387.44,5,2,2,9,New Customers,False,2011-11-07 15:40:00,2011-11-21 12:11:00,2011-11
13674,United Kingdom,433,1,240.68,1,1,1,3,Lost,True,2010-10-03 10:41:00,2010-10-03 10:41:00,2010-10
13675,United Kingdom,151,2,486.82000000000005,3,2,2,7,Needs Attention,True,2011-02-28 12:14:00,2011-07-11 12:57:00,2011-02
13676,United Kingdom,539,2,243.9,1,2,1,4,Lost,True,2010-03-30 16:53:00,2010-06-18 17:30:00,2010-03
13677,United Kingdom,405,2,551.24,2,2,2,6,Lost,True,2010-07-07 17:25:00,2010-10-31 11:32:00,2010-07
13678,United Kingdom,152,1,232.6,3,1,1,5,Needs Attention,True,2011-07-11 10:14:00,2011-07-11 10:14:00,2011-07
13679,United Kingdom,494,3,281.26,1,3,1,5,At Risk,True,2009-12-04 16:52:00,2010-08-03 12:13:00,2009-12
13680,United Kingdom,1,12,11419.67,5,5,5,15,Champions,False,2009-12-04 14:14:00,2011-12-08 13:47:00,2009-12
13681,United Kingdom,18,4,827.83,5,3,3,11,Loyal Customers,False,2011-07-07 15:21:00,2011-11-22 11:13:00,2011-07
13682,United Kingdom,187,1,59.5,3,1,1,5,Needs Attention,True,2011-06-05 14:06:00,2011-06-05 14:06:00,2011-06
13683,United Kingdom,458,1,258.6,1,1,1,3,Lost,True,2010-09-08 10:00:00,2010-09-08 10:00:00,2010-09
13684,United Kingdom,286,4,594.88,2,3,2,7,At Risk,True,2010-03-28 14:48:00,2011-02-27 10:13:00,2010-03
13685,United Kingdom,3,7,3119.44,5,4,5,14,Champions,False,2011-10-10 12:59:00,2011-12-07 11:41:00,2011-10
13686,United Kingdom,183,3,409.04,3,3,2,8,Potential Loyalists,True,2010-11-03 13:44:00,2011-06-10 09:10:00,2010-11
13687,United Kingdom,438,1,11880.84,1,1,5,7,Cant Lose Them,True,2010-09-27 16:30:00,2010-09-27 16:30:00,2010-09
13688,United Kingdom,635,1,375.5,1,1,2,4,Lost,True,2010-03-14 14:11:00,2010-03-14 14:11:00,2010-03
13689,United Kingdom,63,2,1259.5,3,2,4,9,Needs Attention,False,2010-09-21 10:27:00,2011-10-07 13:21:00,2010-09
13690,United Kingdom,59,1,172.25,4,1,1,6,New Customers,False,2011-10-11 15:03:00,2011-10-11 15:03:00,2011-10
13691,United Kingdom,396,1,210.78,2,1,1,4,Lost,True,2010-11-08 17:34:00,2010-11-08 17:34:00,2010-11
13692,United Kingdom,25,5,3114.4,4,4,5,13,Champions,False,2010-10-15 13:28:00,2011-11-15 11:17:00,2010-10
13693,United Kingdom,374,9,2011.8200000000002,2,5,4,11,At Risk,True,2009-12-07 11:29:00,2010-11-30 18:21:00,2009-12
13694,United Kingdom,4,143,195640.69,5,5,5,15,Champions,False,2009-12-04 15:26:00,2011-12-06 09:32:00,2009-12
13695,United Kingdom,31,16,2770.73,4,5,4,13,Champions,False,2010-05-11 11:07:00,2011-11-08 14:26:00,2010-05
13696,United Kingdom,422,3,2020.4,1,3,4,8,At Risk,True,2010-02-11 14:17:00,2010-10-14 09:44:00,2010-02
13697,United Kingdom,39,1,151.3,4,1,1,6,New Customers,False,2011-11-01 09:14:00,2011-11-01 09:14:00,2011-11
13698,United Kingdom,597,2,451.73,1,2,2,5,Lost,True,2010-01-27 09:02:00,2010-04-22 11:52:00,2010-01
13699,United Kingdom,155,2,764.15,3,2,3,8,Needs Attention,True,2010-06-07 13:03:00,2011-07-07 16:51:00,2010-06
13700,United Kingdom,26,13,2596.9700000000003,4,5,4,13,Champions,False,2010-02-07 10:53:00,2011-11-13 13:00:00,2010-02
13701,United Kingdom,447,1,161.0,1,1,1,3,Lost,True,2010-09-19 12:39:00,2010-09-19 12:39:00,2010-09
13702,United Kingdom,446,1,135.18,1,1,1,3,Lost,True,2010-09-20 11:40:00,2010-09-20 11:40:00,2010-09
13703,United Kingdom,318,2,425.56,2,2,2,6,Lost,True,2010-10-20 13:11:00,2011-01-25 13:10:00,2010-10
13704,United Kingdom,5,9,2308.06,5,5,4,14,Champions,False,2011-09-12 14:40:00,2011-12-04 15:13:00,2011-09
13705,United Kingdom,8,7,1717.19,5,4,4,13,Champions,False,2010-03-25 17:19:00,2011-12-02 12:32:00,2010-03
13706,United Kingdom,303,2,631.1700000000001,2,2,3,7,Lost,True,2010-03-23 09:18:00,2011-02-10 09:21:00,2010-03
13707,United Kingdom,267,5,3365.86,2,4,5,11,At Risk,True,2010-06-21 11:57:00,2011-03-17 18:03:00,2010-06
13708,United Kingdom,271,1,283.33,2,1,1,4,Lost,True,2011-03-13 13:46:00,2011-03-13 13:46:00,2011-03
13709,United Kingdom,4,18,7571.35,5,5,5,15,Champions,False,2010-01-11 10:40:00,2011-12-06 10:28:00,2010-01
13710,United Kingdom,32,3,509.52,4,3,2,9,Loyal Customers,False,2010-04-06 12:54:00,2011-11-08 08:16:00,2010-04
13711,United Kingdom,219,9,1792.26,2,5,4,11,At Risk,True,2009-12-15 19:04:00,2011-05-05 10:31:00,2009-12
13712,United Kingdom,247,2,766.42,2,2,3,7,Lost,True,2010-04-08 11:16:00,2011-04-07 12:33:00,2010-04
13713,United Kingdom,408,3,740.76,2,3,3,8,At Risk,True,2010-05-05 16:48:00,2010-10-27 16:18:00,2010-05
13714,United Kingdom,465,1,161.35,1,1,1,3,Lost,True,2010-08-31 13:57:00,2010-08-31 13:57:00,2010-08
13715,United Kingdom,281,17,8153.04,2,5,5,12,At Risk,True,2010-03-11 15:33:00,2011-03-03 19:21:00,2010-03
13716,United Kingdom,269,1,138.28,2,1,1,4,Lost,True,2011-03-15 13:49:00,2011-03-15 13:49:00,2011-03
13717,United Kingdom,32,8,1763.3,4,4,4,12,Champions,False,2010-08-11 09:40:00,2011-11-07 14:13:00,2010-08
13718,United Kingdom,246,2,306.55,2,2,2,6,Lost,True,2011-02-17 11:58:00,2011-04-07 13:24:00,2011-02
13719,United Kingdom,15,11,2782.1,5,5,4,14,Champions,False,2010-05-17 14:36:00,2011-11-24 15:26:00,2010-05
13720,United Kingdom,117,4,799.9,3,3,3,9,Potential Loyalists,True,2011-03-30 09:17:00,2011-08-15 12:46:00,2011-03
13721,United Kingdom,36,2,741.54,4,2,3,9,New Customers,False,2010-11-09 17:59:00,2011-11-03 14:05:00,2010-11
13722,United Kingdom,132,10,5635.41,3,5,5,13,Potential Loyalists,True,2010-03-03 14:13:00,2011-07-31 12:44:00,2010-03
13723,United Kingdom,217,6,1194.08,2,4,3,9,At Risk,True,2010-04-07 14:32:00,2011-05-06 17:04:00,2010-04
13724,United Kingdom,637,1,213.01,1,1,1,3,Lost,True,2010-03-12 15:28:00,2010-03-12 15:28:00,2010-03
13725,United Kingdom,50,8,1980.56,4,4,4,12,Champions,False,2011-02-04 12:18:00,2011-10-21 10:03:00,2011-02
13726,United Kingdom,39,2,1079.66,4,2,3,9,New Customers,False,2011-08-31 11:06:00,2011-11-01 10:49:00,2011-08
13727,United Kingdom,29,8,1074.15,4,4,3,11,Loyal Customers,False,2009-12-09 13:25:00,2011-11-11 09:46:00,2009-12
13728,United Kingdom,37,16,2855.17,4,5,4,13,Champions,False,2009-12-09 17:13:00,2011-11-03 10:49:00,2009-12
13729,United Kingdom,436,3,724.73,1,3,3,7,At Risk,True,2010-01-24 14:57:00,2010-09-30 10:44:00,2010-01
13730,United Kingdom,136,2,752.6,3,2,3,8,Needs Attention,True,2011-07-01 12:47:00,2011-07-27 08:35:00,2011-07
13731,United Kingdom,219,2,610.59,2,2,3,7,Lost,True,2011-04-07 10:10:00,2011-05-04 14:33:00,2011-04
13732,United Kingdom,28,1,491.86,4,1,2,7,New Customers,False,2011-11-11 15:49:00,2011-11-11 15:49:00,2011-11
13733,United Kingdom,411,2,487.03000000000003,1,2,2,5,Lost,True,2009-12-04 15:28:00,2010-10-25 12:18:00,2009-12
13734,United Kingdom,509,4,6695.6900000000005,1,3,5,9,At Risk,True,2010-04-16 08:42:00,2010-07-19 12:04:00,2010-04
13735,United Kingdom,25,13,9762.77,4,5,5,14,Champions,False,2009-12-13 13:31:00,2011-11-15 11:14:00,2009-12
13736,United Kingdom,5,7,2752.47,5,4,4,13,Champions,False,2009-12-06 12:07:00,2011-12-04 15:19:00,2009-12
13737,United Kingdom,200,1,339.6,2,1,2,5,Lost,True,2011-05-23 16:32:00,2011-05-23 16:32:00,2011-05
13738,United Kingdom,396,1,434.78000000000003,2,1,2,5,Lost,True,2010-11-08 15:23:00,2010-11-08 15:23:00,2010-11
13739,United Kingdom,18,2,292.2,5,2,2,9,New Customers,False,2010-06-30 10:25:00,2011-11-21 13:35:00,2010-06
13740,United Kingdom,241,5,1582.77,2,4,4,10,At Risk,True,2009-12-02 12:22:00,2011-04-13 10:32:00,2009-12
13741,United Kingdom,72,3,668.4300000000001,3,3,3,9,Potential Loyalists,False,2011-05-06 13:43:00,2011-09-29 09:19:00,2011-05
13742,United Kingdom,17,12,3107.87,5,5,5,15,Champions,False,2011-01-23 14:59:00,2011-11-23 11:07:00,2011-01
13743,United Kingdom,3,7,1341.6,5,4,4,13,Champions,False,2011-03-25 14:46:00,2011-12-07 10:09:00,2011-03
13744,United Kingdom,95,2,1080.52,3,2,3,8,Needs Attention,True,2011-02-20 14:08:00,2011-09-05 15:19:00,2011-02
13745,United Kingdom,162,2,777.36,3,2,3,8,Needs Attention,True,2010-06-11 17:19:00,2011-06-30 16:43:00,2010-06
13746,United Kingdom,414,1,176.69,1,1,1,3,Lost,True,2010-10-22 11:55:00,2010-10-22 11:55:00,2010-10
13747,United Kingdom,374,2,169.8,2,2,1,5,Lost,True,2010-10-11 09:15:00,2010-12-01 10:37:00,2010-10
13748,United Kingdom,96,9,2064.35,3,5,4,12,Potential Loyalists,True,2009-12-01 16:44:00,2011-09-05 09:45:00,2009-12
13750,United Kingdom,54,11,3602.18,4,5,5,14,Champions,False,2010-04-01 14:49:00,2011-10-17 12:16:00,2010-04
13751,United Kingdom,288,1,296.25,2,1,2,5,Lost,True,2011-02-24 15:56:00,2011-02-24 15:56:00,2011-02
13752,United Kingdom,124,7,1579.8300000000002,3,4,4,11,Potential Loyalists,True,2010-06-30 10:23:00,2011-08-07 14:16:00,2010-06
13753,United Kingdom,288,4,2094.57,2,3,4,9,At Risk,True,2009-12-03 10:20:00,2011-02-25 12:48:00,2009-12
13754,United Kingdom,152,3,447.05,3,3,2,8,Potential Loyalists,True,2010-09-28 15:29:00,2011-07-11 11:51:00,2010-09
13755,United Kingdom,4,9,2108.06,5,5,4,14,Champions,False,2011-10-07 15:45:00,2011-12-06 12:26:00,2011-10
13756,United Kingdom,2,23,8655.95,5,5,5,15,Champions,False,2009-12-15 15:18:00,2011-12-07 16:44:00,2009-12
13757,United Kingdom,675,1,195.55,1,1,1,3,Lost,True,2010-02-03 12:37:00,2010-02-03 12:37:00,2010-02
13758,United Kingdom,12,14,8595.29,5,5,5,15,Champions,False,2009-12-01 10:06:00,2011-11-28 11:11:00,2009-12
13759,United Kingdom,33,2,659.4100000000001,4,2,3,9,New Customers,False,2011-09-29 15:40:00,2011-11-06 14:47:00,2011-09
13760,United Kingdom,54,5,1363.6399999999999,4,4,4,12,Champions,False,2010-04-25 13:10:00,2011-10-16 16:13:00,2010-04
13761,United Kingdom,50,6,1952.17,4,4,4,12,Champions,False,2010-02-21 11:08:00,2011-10-20 14:01:00,2010-02
13762,United Kingdom,219,5,2472.48,2,4,4,10,At Risk,True,2010-01-10 12:13:00,2011-05-05 09:15:00,2010-01
13763,United Kingdom,63,3,5217.44,3,3,5,11,Potential Loyalists,False,2010-09-30 17:39:00,2011-10-07 15:13:00,2010-09
13764,United Kingdom,71,6,2908.67,3,4,5,12,Potential Loyalists,False,2010-03-07 12:56:00,2011-09-30 12:03:00,2010-03
13765,United Kingdom,653,1,352.82,1,1,2,4,Lost,True,2010-02-24 13:46:00,2010-02-24 13:46:00,2010-02
13766,United Kingdom,495,1,190.35,1,1,1,3,Lost,True,2010-08-01 14:25:00,2010-08-01 14:25:00,2010-08
13767,United Kingdom,2,73,33903.57,5,5,5,15,Champions,False,2009-12-01 10:52:00,2011-12-07 15:00:00,2009-12
13768,United Kingdom,727,2,875.97,1,2,3,6,Lost,True,2009-12-09 10:25:00,2009-12-13 10:41:00,2009-12
13769,United Kingdom,2,20,5478.12,5,5,5,15,Champions,False,2009-12-16 11:59:00,2011-12-07 15:08:00,2009-12
13770,United Kingdom,422,4,785.37,1,3,3,7,At Risk,True,2009-12-09 14:44:00,2010-10-13 15:10:00,2009-12
13771,United Kingdom,64,9,5728.82,3,5,5,13,Potential Loyalists,False,2010-02-25 12:37:00,2011-10-06 14:18:00,2010-02
13772,United Kingdom,34,8,3100.02,4,4,5,13,Champions,False,2010-02-23 13:55:00,2011-11-06 11:43:00,2010-02
13773,United Kingdom,397,2,301.54,2,2,2,6,Lost,True,2010-02-18 10:27:00,2010-11-08 11:49:00,2010-02
13774,United Kingdom,82,1,345.0,3,1,2,6,Needs Attention,False,2011-09-19 12:06:00,2011-09-19 12:06:00,2011-09
13775,United Kingdom,591,1,1049.66,1,1,3,5,Lost,True,2010-04-28 12:15:00,2010-04-28 12:15:00,2010-04
13777,United Kingdom,1,61,49638.26,5,5,5,15,Champions,False,2009-12-02 09:47:00,2011-12-09 12:25:00,2009-12
13778,United Kingdom,103,4,1124.49,3,3,3,9,Potential Loyalists,True,2010-05-23 13:34:00,2011-08-28 15:25:00,2010-05
13779,United Kingdom,516,1,161.13,1,1,1,3,Lost,True,2010-07-12 11:24:00,2010-07-12 11:24:00,2010-07
13780,United Kingdom,7,3,732.07,5,3,3,11,Loyal Customers,False,2010-10-28 19:51:00,2011-12-02 13:49:00,2010-10
13781,United Kingdom,251,3,778.83,2,3,3,8,At Risk,True,2009-12-18 15:46:00,2011-04-03 12:08:00,2009-12
13782,United Kingdom,13,13,1786.08,5,5,4,14,Champions,False,2009-12-06 12:52:00,2011-11-27 11:54:00,2009-12
13783,United Kingdom,488,4,1542.09,1,3,4,8,At Risk,True,2010-02-04 13:47:00,2010-08-09 09:23:00,2010-02
13784,United Kingdom,10,14,2910.23,5,5,5,15,Champions,False,2010-09-15 12:27:00,2011-11-30 09:33:00,2010-09
13785,United Kingdom,429,4,542.49,1,3,2,6,At Risk,True,2010-09-05 16:01:00,2010-10-07 09:25:00,2010-09
13786,United Kingdom,367,6,3127.9900000000002,2,4,5,11,At Risk,True,2009-12-03 15:32:00,2010-12-07 13:53:00,2009-12
13787,United Kingdom,76,6,1222.5,3,4,4,11,Potential Loyalists,False,2010-01-14 10:13:00,2011-09-25 12:06:00,2010-01
13788,United Kingdom,505,1,3.75,1,1,1,3,Lost,True,2010-07-22 15:50:00,2010-07-22 15:50:00,2010-07
13789,United Kingdom,388,1,239.46,2,1,1,4,Lost,True,2010-11-16 15:31:00,2010-11-16 15:31:00,2010-11
13790,United Kingdom,4,1,348.79999999999995,5,1,2,8,New Customers,False,2011-12-05 15:48:00,2011-12-05 15:48:00,2011-12
13791,United Kingdom,128,2,1516.0,3,2,4,9,Needs Attention,True,2011-06-24 16:38:00,2011-08-04 11:44:00,2011-06
13792,United Kingdom,66,3,383.95,3,3,2,8,Potential Loyalists,False,2010-10-13 11:05:00,2011-10-04 14:31:00,2010-10
13793,United Kingdom,647,1,96.0,1,1,1,3,Lost,True,2010-03-03 08:25:00,2010-03-03 08:25:00,2010-03
13794,United Kingdom,547,1,126.03,1,1,1,3,Lost,True,2010-06-11 12:30:00,2010-06-11 12:30:00,2010-06
13795,United Kingdom,388,4,836.3,2,3,3,8,At Risk,True,2010-03-12 12:44:00,2010-11-16 17:25:00,2010-03
13796,United Kingdom,499,1,289.7,1,1,2,4,Lost,True,2010-07-28 14:45:00,2010-07-28 14:45:00,2010-07
13797,United Kingdom,437,3,1179.45,1,3,3,7,At Risk,True,2010-03-02 12:17:00,2010-09-29 10:34:00,2010-03
13798,United Kingdom,1,110,75428.87,5,5,5,15,Champions,False,2009-12-08 16:21:00,2011-12-08 15:51:00,2009-12
13799,United Kingdom,117,9,2803.57,3,5,4,12,Potential Loyalists,True,2010-03-05 16:39:00,2011-08-15 12:07:00,2010-03
13800,United Kingdom,310,3,1679.56,2,3,4,9,At Risk,True,2009-12-03 10:03:00,2011-02-03 12:27:00,2009-12
13801,United Kingdom,67,1,324.8,3,1,2,6,Needs Attention,False,2011-10-04 10:15:00,2011-10-04 10:15:00,2011-10
13802,United Kingdom,139,19,26259.11,3,5,5,13,Potential Loyalists,True,2010-02-16 10:11:00,2011-07-24 10:54:00,2010-02
13803,United Kingdom,255,3,1338.91,2,3,4,9,At Risk,True,2010-03-31 10:00:00,2011-03-29 12:57:00,2010-03
13804,United Kingdom,31,9,3161.12,4,5,5,14,Champions,False,2010-09-29 10:26:00,2011-11-09 12:32:00,2010-09
13805,United Kingdom,52,2,924.5999999999999,4,2,3,9,New Customers,False,2011-08-02 15:29:00,2011-10-18 14:50:00,2011-08
13806,United Kingdom,64,1,256.38,3,1,1,5,Needs Attention,False,2011-10-07 11:43:00,2011-10-07 11:43:00,2011-10
13807,United Kingdom,367,3,422.2,2,3,2,7,At Risk,True,2009-12-04 12:41:00,2010-12-07 15:48:00,2009-12
13808,United Kingdom,6,5,1747.66,5,4,4,13,Champions,False,2011-09-04 12:07:00,2011-12-04 12:18:00,2011-09
13809,Cyprus,305,3,679.6999999999999,2,3,3,8,At Risk,True,2010-09-05 11:42:00,2011-02-07 13:15:00,2010-09
13810,Germany,29,2,827.51,4,2,3,9,New Customers,False,2011-10-14 12:57:00,2011-11-11 08:33:00,2011-10
13811,Germany,184,2,519.75,3,2,2,7,Needs Attention,True,2011-04-14 18:40:00,2011-06-09 09:54:00,2011-04
13812,Germany,42,3,485.0,4,3,2,9,Loyal Customers,False,2011-08-26 12:54:00,2011-10-28 14:27:00,2011-08
13813,Germany,40,8,2387.4700000000003,4,4,4,12,Champions,False,2009-12-06 10:16:00,2011-10-31 10:38:00,2009-12
13814,Germany,92,3,2257.32,3,3,4,10,Potential Loyalists,True,2010-06-30 14:12:00,2011-09-08 13:48:00,2010-06
13815,Germany,22,8,6737.74,4,4,5,13,Champions,False,2010-02-12 10:26:00,2011-11-17 14:19:00,2010-02
13816,Germany,24,2,499.67,4,2,2,8,New Customers,False,2011-10-06 14:37:00,2011-11-16 08:38:00,2011-10
13817,Germany,29,2,328.98,4,2,2,8,New Customers,False,2010-12-23 11:46:00,2011-11-10 17:49:00,2010-12
13818,United Kingdom,430,1,61.28,1,1,1,3,Lost,True,2010-10-06 12:35:00,2010-10-06 12:35:00,2010-10
13819,United Kingdom,302,6,2642.35,2,4,4,10,At Risk,True,2009-12-01 16:18:00,2011-02-11 10:38:00,2009-12
13820,United Kingdom,418,3,652.75,1,3,3,7,At Risk,True,2010-01-28 12:26:00,2010-10-17 13:46:00,2010-01
13821,United Kingdom,145,6,1379.08,3,4,4,11,Potential Loyalists,True,2010-01-04 13:36:00,2011-07-18 09:49:00,2010-01
13822,United Kingdom,6,2,632.0,5,2,3,10,New Customers,False,2011-10-30 15:55:00,2011-12-04 12:13:00,2011-10
13823,United Kingdom,19,7,3403.4500000000003,5,4,5,14,Champions,False,2009-12-15 14:34:00,2011-11-21 10:22:00,2009-12
13824,United Kingdom,33,12,3314.76,4,5,5,14,Champions,False,2010-03-12 15:17:00,2011-11-07 12:41:00,2010-03
13825,United Kingdom,622,2,255.59,1,2,1,4,Lost,True,2009-12-09 14:30:00,2010-03-28 11:02:00,2009-12
13826,United Kingdom,176,1,189.5,3,1,1,5,Needs Attention,True,2011-06-16 13:48:00,2011-06-16 13:48:00,2011-06
13827,United Kingdom,58,3,409.8,4,3,2,9,Loyal Customers,False,2011-07-19 15:38:00,2011-10-13 12:38:00,2011-07
13828,United Kingdom,22,1,209.49,4,1,1,6,New Customers,False,2011-11-17 16:02:00,2011-11-17 16:02:00,2011-11
13829,United Kingdom,421,1,102.0,1,1,1,3,Lost,True,2010-10-14 18:19:00,2010-10-14 18:19:00,2010-10
13830,United Kingdom,582,1,156.85000000000002,1,1,1,3,Lost,True,2010-05-07 12:24:00,2010-05-07 12:24:00,2010-05
13831,United Kingdom,16,18,6585.54,5,5,5,15,Champions,False,2009-12-10 14:50:00,2011-11-23 15:41:00,2009-12
13832,United Kingdom,19,2,609.89,5,2,3,10,New Customers,False,2010-10-13 14:41:00,2011-11-20 15:36:00,2010-10
13833,United Kingdom,159,2,700.41,3,2,3,8,Needs Attention,True,2010-10-31 14:11:00,2011-07-03 13:27:00,2010-10
13834,United Kingdom,577,2,324.19,1,2,2,5,Lost,True,2010-02-08 12:52:00,2010-05-12 10:27:00,2010-02
13835,United Kingdom,25,7,1095.27,4,4,3,11,Loyal Customers,False,2010-03-04 08:26:00,2011-11-14 15:37:00,2010-03
13836,United Kingdom,399,2,620.37,2,2,3,7,Lost,True,2010-10-21 13:27:00,2010-11-05 13:31:00,2010-10
13837,United Kingdom,212,2,266.59000000000003,2,2,1,5,Lost,True,2011-01-26 12:15:00,2011-05-12 12:10:00,2011-01
13838,United Kingdom,6,10,1690.07,5,5,4,14,Champions,False,2010-05-09 11:40:00,2011-12-04 11:00:00,2010-05
13839,United Kingdom,486,1,139.95000000000002,1,1,1,3,Lost,True,2010-08-10 13:52:00,2010-08-10 13:52:00,2010-08
13840,United Kingdom,416,1,651.4,1,1,3,5,Lost,True,2010-10-19 13:34:00,2010-10-19 13:34:00,2010-10
13841,United Kingdom,253,1,85.0,2,1,1,4,Lost,True,2011-04-01 12:10:00,2011-04-01 12:10:00,2011-04
13842,United Kingdom,59,18,5319.34,4,5,5,14,Champions,False,2010-02-16 15:54:00,2011-10-12 10:51:00,2010-02
13843,United Kingdom,381,1,319.75,2,1,2,5,Lost,True,2010-11-23 17:48:00,2010-11-23 17:48:00,2010-11
13844,United Kingdom,11,1,361.62,5,1,2,8,New Customers,False,2011-11-28 13:21:00,2011-11-28 13:21:00,2011-11
13845,United Kingdom,65,1,312.98,3,1,2,6,Needs Attention,False,2011-10-06 08:25:00,2011-10-06 08:25:00,2011-10
13846,United Kingdom,25,4,1307.79,4,3,4,11,Loyal Customers,False,2010-11-05 09:47:00,2011-11-15 12:07:00,2010-11
13847,United Kingdom,720,1,310.72,1,1,2,4,Lost,True,2009-12-20 10:41:00,2009-12-20 10:41:00,2009-12
13848,United Kingdom,92,8,3015.0,3,4,5,12,Potential Loyalists,True,2009-12-09 16:17:00,2011-09-08 12:58:00,2009-12
13849,United Kingdom,52,5,3469.3,4,4,5,13,Champions,False,2010-03-25 12:03:00,2011-10-19 10:59:00,2010-03
13850,United Kingdom,129,1,1595.48,3,1,4,8,Needs Attention,True,2011-08-02 14:04:00,2011-08-02 14:04:00,2011-08
13851,United Kingdom,96,8,4606.46,3,4,5,12,Potential Loyalists,True,2010-01-29 11:54:00,2011-09-05 12:36:00,2010-01
13852,United Kingdom,611,1,187.35000000000002,1,1,1,3,Lost,True,2010-04-08 09:06:00,2010-04-08 09:06:00,2010-04
13853,United Kingdom,57,1,1090.1399999999999,4,1,3,8,New Customers,False,2011-10-13 14:18:00,2011-10-13 14:18:00,2011-10
13854,United Kingdom,9,39,11944.56,5,5,5,15,Champions,False,2010-01-08 11:28:00,2011-12-01 09:06:00,2010-01
13855,United Kingdom,501,4,1310.3400000000001,1,3,4,8,At Risk,True,2009-12-08 16:56:00,2010-07-27 09:53:00,2009-12
13856,United Kingdom,169,11,1142.03,3,5,3,11,Potential Loyalists,True,2010-03-30 15:40:00,2011-06-24 10:03:00,2010-03
13857,United Kingdom,393,6,1000.91,2,4,3,9,At Risk,True,2010-05-17 14:21:00,2010-11-11 12:54:00,2010-05
13858,United Kingdom,57,1,216.17000000000002,4,1,1,6,New Customers,False,2011-10-13 16:17:00,2011-10-13 16:17:00,2011-10
13859,United Kingdom,326,2,515.86,2,2,2,6,Lost,True,2010-06-28 15:36:00,2011-01-17 16:14:00,2010-06
13860,United Kingdom,1,5,1245.9,5,4,4,13,Champions,False,2011-09-14 09:27:00,2011-12-08 12:57:00,2011-09
13861,United Kingdom,429,2,273.26,1,2,1,4,Lost,True,2010-06-27 11:37:00,2010-10-06 14:20:00,2010-06
13862,United Kingdom,18,9,2556.09,5,5,4,14,Champions,False,2010-11-15 13:43:00,2011-11-21 16:24:00,2010-11
13863,United Kingdom,248,4,1239.55,2,3,4,9,At Risk,True,2010-04-25 13:09:00,2011-04-06 10:20:00,2010-04
13864,United Kingdom,387,1,662.4000000000001,2,1,3,6,Lost,True,2010-11-18 12:50:00,2010-11-18 12:50:00,2010-11
13865,United Kingdom,58,4,501.56,4,3,2,9,Loyal Customers,False,2011-02-23 12:04:00,2011-10-12 13:31:00,2011-02
13866,United Kingdom,74,1,145.67,3,1,1,5,Needs Attention,False,2011-09-26 14:54:00,2011-09-26 14:54:00,2011-09
13867,United Kingdom,31,3,1005.09,4,3,3,10,Loyal Customers,False,2011-05-05 17:28:00,2011-11-08 15:48:00,2011-05
13868,United Kingdom,7,2,3192.54,5,2,5,12,New Customers,False,2011-11-01 12:45:00,2011-12-02 16:32:00,2011-11
13869,United Kingdom,123,10,7996.87,3,5,5,13,Potential Loyalists,True,2010-01-17 14:53:00,2011-08-08 13:53:00,2010-01
13870,United Kingdom,2,15,5712.08,5,5,5,15,Champions,False,2010-02-08 12:08:00,2011-12-07 13:23:00,2010-02
13871,United Kingdom,23,17,7885.85,4,5,5,14,Champions,False,2009-12-20 13:09:00,2011-11-17 10:49:00,2009-12
13872,United Kingdom,527,3,919.57,1,3,3,7,At Risk,True,2009-12-14 09:56:00,2010-06-30 15:35:00,2009-12
13873,United Kingdom,120,8,1038.92,3,4,3,10,Potential Loyalists,True,2010-03-03 12:31:00,2011-08-12 10:08:00,2010-03
13874,United Kingdom,358,7,2049.15,2,4,4,10,At Risk,True,2010-02-04 18:39:00,2010-12-16 18:20:00,2010-02
13875,United Kingdom,54,14,4814.37,4,5,5,14,Champions,False,2009-12-17 10:30:00,2011-10-17 09:36:00,2009-12
13876,United Kingdom,64,1,122.7,3,1,1,5,Needs Attention,False,2011-10-07 10:22:00,2011-10-07 10:22:00,2011-10
13877,United Kingdom,86,3,449.68,3,3,2,8,Potential Loyalists,False,2010-01-19 10:53:00,2011-09-14 15:49:00,2010-01
13878,United Kingdom,55,4,2416.9,4,3,4,11,Loyal Customers,False,2010-04-14 13:50:00,2011-10-16 12:19:00,2010-04
13879,United Kingdom,646,1,395.5,1,1,2,4,Lost,True,2010-03-04 10:49:00,2010-03-04 10:49:00,2010-03
13880,United Kingdom,21,17,4293.86,4,5,5,14,Champions,False,2010-05-26 14:29:00,2011-11-18 13:44:00,2010-05
13881,United Kingdom,4,43,45179.1,5,5,5,15,Champions,False,2010-03-04 14:41:00,2011-12-06 12:50:00,2010-03
13882,United Kingdom,3,5,1191.13,5,4,3,12,Loyal Customers,False,2011-10-06 15:28:00,2011-12-07 11:16:00,2011-10
13883,United Kingdom,11,14,6535.37,5,5,5,15,Champions,False,2010-02-28 12:53:00,2011-11-29 10:45:00,2010-02
13884,United Kingdom,7,10,1825.03,5,5,4,14,Champions,False,2010-08-26 19:57:00,2011-12-02 16:30:00,2010-08
13885,United Kingdom,189,2,506.8,2,2,2,6,Lost,True,2011-05-23 08:52:00,2011-06-03 15:07:00,2011-05
13886,United Kingdom,71,1,243.56,3,1,1,5,Needs Attention,False,2011-09-29 13:17:00,2011-09-29 13:17:00,2011-09
13887,United Kingdom,204,1,349.55,2,1,2,5,Lost,True,2011-05-19 17:22:00,2011-05-19 17:22:00,2011-05
13888,United Kingdom,120,7,2001.5900000000001,3,4,4,11,Potential Loyalists,True,2010-05-13 11:57:00,2011-08-12 10:13:00,2010-05
13889,United Kingdom,93,6,1991.23,3,4,4,11,Potential Loyalists,True,2010-01-22 14:32:00,2011-09-08 09:13:00,2010-01
13890,United Kingdom,1,14,2927.38,5,5,5,15,Champions,False,2009-12-06 15:15:00,2011-12-08 15:36:00,2009-12
13891,United Kingdom,378,3,859.21,2,3,3,8,At Risk,True,2010-05-06 16:02:00,2010-11-26 15:57:00,2010-05
13892,United Kingdom,27,6,1267.65,4,4,4,12,Champions,False,2010-05-13 10:32:00,2011-11-13 11:50:00,2010-05
13893,United Kingdom,298,1,821.1,2,1,3,6,Lost,True,2011-02-15 11:30:00,2011-02-15 11:30:00,2011-02
13894,United Kingdom,24,3,564.62,4,3,2,9,Loyal Customers,False,2011-02-02 12:54:00,2011-11-16 09:44:00,2011-02
13895,United Kingdom,28,6,4008.52,4,4,5,13,Champions,False,2009-12-03 13:09:00,2011-11-11 16:57:00,2009-12
13896,United Kingdom,626,1,388.55,1,1,2,4,Lost,True,2010-03-24 08:55:00,2010-03-24 08:55:00,2010-03
13897,United Kingdom,50,3,1160.72,4,3,3,10,Loyal Customers,False,2010-01-31 13:48:00,2011-10-20 14:30:00,2010-01
13898,United Kingdom,326,2,686.4,2,2,3,7,Lost,True,2010-10-24 15:42:00,2011-01-18 10:28:00,2010-10
13899,United Kingdom,16,2,388.52,5,2,2,9,New Customers,False,2011-03-10 09:30:00,2011-11-23 13:40:00,2011-03
13900,United Kingdom,183,6,1610.5900000000001,3,4,4,11,Potential Loyalists,True,2010-03-25 13:46:00,2011-06-09 19:26:00,2010-03
13901,United Kingdom,72,15,5676.34,3,5,5,13,Potential Loyalists,False,2010-01-05 09:29:00,2011-09-28 14:48:00,2010-01
13902,Denmark,632,5,34023.26,1,4,5,10,At Risk,True,2009-12-15 10:02:00,2010-03-17 13:09:00,2009-12
13903,United Kingdom,400,1,165.45000000000002,2,1,1,4,Lost,True,2010-11-04 17:44:00,2010-11-04 17:44:00,2010-11
13904,United Kingdom,37,2,332.64,4,2,2,8,New Customers,False,2011-02-18 11:18:00,2011-11-02 13:41:00,2011-02
13905,United Kingdom,733,1,312.65,1,1,2,4,Lost,True,2009-12-07 11:41:00,2009-12-07 11:41:00,2009-12
13906,United Kingdom,409,1,42.0,2,1,1,4,Lost,True,2010-10-26 15:00:00,2010-10-26 15:00:00,2010-10
13907,United Kingdom,692,1,136.8,1,1,1,3,Lost,True,2010-01-17 12:22:00,2010-01-17 12:22:00,2010-01
13908,United Kingdom,80,4,2319.55,3,3,4,10,Potential Loyalists,False,2011-03-08 12:04:00,2011-09-21 11:49:00,2011-03
13909,United Kingdom,423,2,282.85,1,2,1,4,Lost,True,2010-07-06 16:52:00,2010-10-12 17:22:00,2010-07
13911,United Kingdom,57,20,4234.99,4,5,5,14,Champions,False,2010-03-01 16:31:00,2011-10-13 15:43:00,2010-03
13912,United Kingdom,424,1,124.95,1,1,1,3,Lost,True,2010-10-12 08:43:00,2010-10-12 08:43:00,2010-10
13913,United Kingdom,507,1,42.22,1,1,1,3,Lost,True,2010-07-21 10:11:00,2010-07-21 10:11:00,2010-07
13914,United Kingdom,12,2,626.45,5,2,3,10,New Customers,False,2011-11-03 16:28:00,2011-11-28 10:35:00,2011-11
13915,United Kingdom,394,1,70.80000000000001,2,1,1,4,Lost,True,2010-11-10 15:17:00,2010-11-10 15:17:00,2010-11
13916,United Kingdom,464,4,1275.81,1,3,4,8,At Risk,True,2010-02-02 10:06:00,2010-09-02 10:04:00,2010-02
13917,United Kingdom,50,2,272.04,4,2,1,7,New Customers,False,2011-06-01 12:46:00,2011-10-21 09:56:00,2011-06
13918,United Kingdom,50,2,1212.8400000000001,4,2,4,10,New Customers,False,2011-03-31 18:05:00,2011-10-21 12:25:00,2011-03
13919,Denmark,59,4,1252.68,4,3,4,11,Loyal Customers,False,2010-06-17 09:30:00,2011-10-11 14:24:00,2010-06
13920,United Kingdom,432,4,1774.68,1,3,4,8,At Risk,True,2010-05-26 15:48:00,2010-10-04 12:37:00,2010-05
13921,United Kingdom,402,4,730.7,2,3,3,8,At Risk,True,2009-12-18 12:19:00,2010-11-02 16:32:00,2009-12
13922,United Kingdom,352,3,865.2,2,3,3,8,At Risk,True,2010-08-29 14:36:00,2010-12-23 10:38:00,2010-08
13923,United Kingdom,54,1,351.13,4,1,2,7,New Customers,False,2011-10-17 12:33:00,2011-10-17 12:33:00,2011-10
13924,United Kingdom,2,6,1838.8500000000001,5,4,4,13,Champions,False,2011-09-28 15:07:00,2011-12-08 09:39:00,2011-09
13925,United Kingdom,93,4,678.25,3,3,3,9,Potential Loyalists,True,2011-07-28 12:09:00,2011-09-08 12:47:00,2011-07
13926,United Kingdom,23,1,223.85000000000002,4,1,1,6,New Customers,False,2011-11-16 13:16:00,2011-11-16 13:16:00,2011-11
13927,United Kingdom,75,2,708.26,3,2,3,8,Needs Attention,False,2010-09-28 16:12:00,2011-09-26 12:00:00,2010-09
13928,United Kingdom,11,4,464.57,5,3,2,10,Loyal Customers,False,2011-07-29 15:59:00,2011-11-29 10:33:00,2011-07
13929,United Kingdom,169,11,3494.1,3,5,5,13,Potential Loyalists,True,2010-01-14 07:25:00,2011-06-23 15:26:00,2010-01
13930,United Kingdom,58,2,337.34,4,2,2,8,New Customers,False,2011-07-26 11:00:00,2011-10-13 09:45:00,2011-07
13931,United Kingdom,96,11,5257.38,3,5,5,13,Potential Loyalists,True,2009-12-03 10:26:00,2011-09-05 10:12:00,2009-12
13932,United Kingdom,295,1,307.4,2,1,2,5,Lost,True,2011-02-18 12:02:00,2011-02-18 12:02:00,2011-02
13933,United Kingdom,109,2,608.79,3,2,3,8,Needs Attention,True,2011-07-14 13:35:00,2011-08-22 14:03:00,2011-07
13934,United Kingdom,264,1,922.1,2,1,3,6,Lost,True,2011-03-21 08:39:00,2011-03-21 08:39:00,2011-03
13935,United Kingdom,597,3,6116.92,1,3,5,9,At Risk,True,2010-02-25 16:01:00,2010-04-22 11:21:00,2010-02
13936,United Kingdom,180,3,939.6600000000001,3,3,3,9,Potential Loyalists,True,2010-10-21 14:21:00,2011-06-13 08:47:00,2010-10
13937,United Kingdom,169,2,880.13,3,2,3,8,Needs Attention,True,2010-11-02 12:37:00,2011-06-23 16:35:00,2010-11
13938,United Kingdom,35,1,71.66,4,1,1,6,New Customers,False,2011-11-04 14:37:00,2011-11-04 14:37:00,2011-11
13939,United Kingdom,23,7,1560.96,4,4,4,12,Champions,False,2010-04-06 12:43:00,2011-11-16 13:33:00,2010-04
13940,United Kingdom,17,4,839.14,5,3,3,11,Loyal Customers,False,2011-07-18 16:05:00,2011-11-22 15:15:00,2011-07
13941,United Kingdom,22,15,10027.18,4,5,5,14,Champions,False,2009-12-16 16:10:00,2011-11-18 09:43:00,2009-12
13942,United Kingdom,535,1,320.0,1,1,2,4,Lost,True,2010-06-23 12:35:00,2010-06-23 12:35:00,2010-06
13943,United Kingdom,578,1,246.54000000000002,1,1,1,3,Lost,True,2010-05-11 11:30:00,2010-05-11 11:30:00,2010-05
13944,United Kingdom,653,1,200.43,1,1,1,3,Lost,True,2010-02-24 15:02:00,2010-02-24 15:02:00,2010-02
13945,United Kingdom,395,2,854.1500000000001,2,2,3,7,Lost,True,2010-08-17 09:59:00,2010-11-10 10:00:00,2010-08
13946,United Kingdom,79,6,1876.23,3,4,4,11,Potential Loyalists,False,2009-12-04 11:07:00,2011-09-21 13:33:00,2009-12
13947,United Kingdom,65,1,90.60000000000001,3,1,1,5,Needs Attention,False,2011-10-05 14:42:00,2011-10-05 14:42:00,2011-10
13948,United Kingdom,361,4,548.76,2,3,2,7,At Risk,True,2009-12-04 12:14:00,2010-12-14 10:18:00,2009-12
13949,United Kingdom,3,6,2427.32,5,4,4,13,Champions,False,2011-09-06 11:55:00,2011-12-07 09:35:00,2011-09
13950,United Kingdom,11,4,745.0600000000001,5,3,3,11,Loyal Customers,False,2011-04-07 11:29:00,2011-11-28 14:44:00,2011-04
13951,United Kingdom,176,3,674.45,3,3,3,9,Potential Loyalists,True,2011-02-18 15:21:00,2011-06-16 16:43:00,2011-02
13952,United Kingdom,218,14,12823.52,2,5,5,12,At Risk,True,2009-12-16 09:41:00,2011-05-06 09:00:00,2009-12
13953,United Kingdom,7,12,6640.68,5,5,5,15,Champions,False,2009-12-11 12:58:00,2011-12-02 16:04:00,2009-12
13954,United Kingdom,2,2,439.92,5,2,2,9,New Customers,False,2011-09-30 10:52:00,2011-12-08 12:50:00,2011-09
13955,United Kingdom,154,3,544.0699999999999,3,3,2,8,Potential Loyalists,True,2010-11-29 17:35:00,2011-07-08 17:19:00,2010-11
13956,United Kingdom,5,5,1019.27,5,4,3,12,Loyal Customers,False,2011-03-13 12:51:00,2011-12-04 13:20:00,2011-03
13957,United Kingdom,418,3,458.25,1,3,2,6,At Risk,True,2010-02-19 10:32:00,2010-10-18 10:02:00,2010-02
13958,United Kingdom,380,8,4709.2300000000005,2,4,5,11,At Risk,True,2009-12-05 13:12:00,2010-11-25 10:11:00,2009-12
13959,United Kingdom,79,6,1064.77,3,4,3,10,Potential Loyalists,False,2010-07-16 15:11:00,2011-09-21 15:06:00,2010-07
13960,United Kingdom,21,2,230.22,4,2,1,7,New Customers,False,2011-09-29 12:39:00,2011-11-18 15:27:00,2011-09
13961,United Kingdom,392,1,538.4,2,1,2,5,Lost,True,2010-11-12 14:40:00,2010-11-12 14:40:00,2010-11
13962,United Kingdom,22,3,362.8,4,3,2,9,Loyal Customers,False,2010-09-30 10:35:00,2011-11-18 08:47:00,2010-09
13963,United Kingdom,308,17,2860.57,2,5,4,11,At Risk,True,2010-04-21 16:20:00,2011-02-04 14:43:00,2010-04
13964,United Kingdom,387,2,438.9,2,2,2,6,Lost,True,2010-10-05 12:38:00,2010-11-17 13:53:00,2010-10
13965,United Kingdom,477,3,996.61,1,3,3,7,At Risk,True,2010-01-05 15:21:00,2010-08-20 10:40:00,2010-01
13966,United Kingdom,435,1,384.26,1,1,2,4,Lost,True,2010-09-30 13:08:00,2010-09-30 13:08:00,2010-09
13967,United Kingdom,146,2,166.3,3,2,1,6,Needs Attention,True,2010-11-08 13:24:00,2011-07-17 12:02:00,2010-11
13968,United Kingdom,423,1,123.66,1,1,1,3,Lost,True,2010-10-12 13:22:00,2010-10-12 13:22:00,2010-10
13969,United Kingdom,7,35,12973.460000000001,5,5,5,15,Champions,False,2010-03-25 13:15:00,2011-12-02 15:11:00,2010-03
13970,United Kingdom,386,2,846.55,2,2,3,7,Lost,True,2010-09-28 11:53:00,2010-11-18 13:21:00,2010-09
13971,United Kingdom,19,14,4667.57,5,5,5,15,Champions,False,2010-01-26 09:51:00,2011-11-21 12:06:00,2010-01
13972,United Kingdom,71,2,190.25,3,2,1,6,Needs Attention,False,2011-05-22 11:34:00,2011-09-30 11:54:00,2011-05
13973,United Kingdom,287,1,264.7,2,1,1,4,Lost,True,2011-02-25 15:21:00,2011-02-25 15:21:00,2011-02
13974,United Kingdom,49,2,677.72,4,2,3,9,New Customers,False,2010-05-06 17:55:00,2011-10-21 14:41:00,2010-05
13975,United Kingdom,31,12,5256.4,4,5,5,14,Champions,False,2010-02-02 13:13:00,2011-11-08 13:19:00,2010-02
13976,United Kingdom,207,4,1192.3600000000001,2,3,3,8,At Risk,True,2010-02-09 13:08:00,2011-05-17 09:13:00,2010-02
13977,United Kingdom,411,1,519.8100000000001,1,1,2,4,Lost,True,2010-10-24 14:08:00,2010-10-24 14:08:00,2010-10
13978,United Kingdom,15,2,196.79,5,2,1,8,New Customers,False,2011-10-25 15:04:00,2011-11-25 11:36:00,2011-10
13979,United Kingdom,73,7,3373.63,3,4,5,12,Potential Loyalists,False,2009-12-03 10:02:00,2011-09-27 13:32:00,2009-12
13980,United Kingdom,60,5,768.8199999999999,3,4,3,10,Potential Loyalists,False,2010-02-21 14:18:00,2011-10-10 13:34:00,2010-02
13981,United Kingdom,416,1,331.14,1,1,2,4,Lost,True,2010-10-20 10:03:00,2010-10-20 10:03:00,2010-10
13982,United Kingdom,39,9,3954.29,4,5,5,14,Champions,False,2010-01-20 14:04:00,2011-10-31 16:24:00,2010-01
13983,United Kingdom,30,21,6753.89,4,5,5,14,Champions,False,2009-12-09 13:53:00,2011-11-10 11:06:00,2009-12
13984,United Kingdom,27,12,1893.8,4,5,4,13,Champions,False,2009-12-07 11:51:00,2011-11-13 12:38:00,2009-12
13985,United Kingdom,4,22,10020.86,5,5,5,15,Champions,False,2010-02-09 13:56:00,2011-12-05 17:06:00,2010-02
13986,United Kingdom,17,1,320.46,5,1,2,8,New Customers,False,2011-11-22 15:00:00,2011-11-22 15:00:00,2011-11
13987,United Kingdom,380,2,682.54,2,2,3,7,Lost,True,2010-11-04 09:54:00,2010-11-25 10:20:00,2010-11
13988,United Kingdom,20,8,4757.8,4,4,5,13,Champions,False,2010-03-24 11:05:00,2011-11-20 10:15:00,2010-03
13989,United Kingdom,66,5,2026.06,3,4,4,11,Potential Loyalists,False,2010-05-25 12:13:00,2011-10-05 09:47:00,2010-05
13990,United Kingdom,213,1,311.3,2,1,2,5,Lost,True,2011-05-10 15:19:00,2011-05-10 15:19:00,2011-05
13991,United Kingdom,12,6,851.88,5,4,3,12,Loyal Customers,False,2011-07-19 12:58:00,2011-11-27 16:18:00,2011-07
13992,United Kingdom,30,3,219.5,4,3,1,8,Loyal Customers,False,2010-09-02 17:04:00,2011-11-09 15:23:00,2010-09
13993,United Kingdom,43,19,6775.71,4,5,5,14,Champions,False,2009-12-03 11:57:00,2011-10-28 09:06:00,2009-12
13994,United Kingdom,4,6,2274.14,5,4,4,13,Champions,False,2011-07-14 18:28:00,2011-12-06 11:05:00,2011-07
13995,United Kingdom,15,14,3902.01,5,5,5,15,Champions,False,2009-12-18 12:43:00,2011-11-24 14:22:00,2009-12
13996,United Kingdom,386,2,845.76,2,2,3,7,Lost,True,2010-11-05 15:07:00,2010-11-18 16:27:00,2010-11
13997,United Kingdom,519,3,376.46,1,3,2,6,At Risk,True,2010-06-07 17:33:00,2010-07-08 18:06:00,2010-06
13998,United Kingdom,447,3,566.7,1,3,2,6,At Risk,True,2010-05-12 13:18:00,2010-09-19 10:20:00,2010-05
13999,United Kingdom,10,29,9502.26,5,5,5,15,Champions,False,2009-12-05 12:42:00,2011-11-29 13:40:00,2009-12
14000,United Kingdom,211,5,2046.34,2,4,4,10,At Risk,True,2009-12-02 09:50:00,2011-05-12 16:50:00,2009-12
14001,United Kingdom,46,9,4228.85,4,5,5,14,Champions,False,2010-08-03 12:49:00,2011-10-25 10:31:00,2010-08
14002,United Kingdom,134,2,529.73,3,2,2,7,Needs Attention,True,2011-07-06 14:59:00,2011-07-28 15:55:00,2011-07
14003,United Kingdom,733,1,209.41,1,1,1,3,Lost,True,2009-12-07 08:53:00,2009-12-07 08:53:00,2009-12
14004,United Kingdom,43,11,6258.45,4,5,5,14,Champions,False,2010-09-30 09:39:00,2011-10-27 14:40:00,2010-09
14005,United Kingdom,10,5,2874.72,5,4,4,13,Champions,False,2011-05-08 10:33:00,2011-11-30 12:41:00,2011-05
14006,United Kingdom,116,7,2196.67,3,4,4,11,Potential Loyalists,True,2010-02-25 09:45:00,2011-08-16 09:39:00,2010-02
14007,United Kingdom,513,1,79.48,1,1,1,3,Lost,True,2010-07-15 09:06:00,2010-07-15 09:06:00,2010-07
14008,United Kingdom,432,1,509.04,1,1,2,4,Lost,True,2010-10-03 13:09:00,2010-10-03 13:09:00,2010-10
14009,United Kingdom,198,3,1099.91,2,3,3,8,At Risk,True,2010-09-03 12:08:00,2011-05-25 15:47:00,2010-09
14010,United Kingdom,565,2,445.15,1,2,2,5,Lost,True,2010-05-23 12:46:00,2010-05-23 13:00:00,2010-05
14011,United Kingdom,480,2,457.82,1,2,2,5,Lost,True,2010-04-11 13:40:00,2010-08-16 15:31:00,2010-04
14012,United Kingdom,278,1,328.8,2,1,2,5,Lost,True,2011-03-07 12:26:00,2011-03-07 12:26:00,2011-03
14013,United Kingdom,110,5,1084.57,3,4,3,10,Potential Loyalists,True,2010-03-26 10:02:00,2011-08-21 15:01:00,2010-03
14014,United Kingdom,77,3,1948.21,3,3,4,10,Potential Loyalists,False,2010-05-12 09:04:00,2011-09-23 13:18:00,2010-05
14015,United Kingdom,53,1,917.34,4,1,3,8,New Customers,False,2011-10-18 10:02:00,2011-10-18 10:02:00,2011-10
14016,EIRE,162,11,11303.41,3,5,5,13,Potential Loyalists,True,2010-01-08 14:12:00,2011-07-01 11:29:00,2010-01
14017,United Kingdom,571,1,229.75,1,1,1,3,Lost,True,2010-05-17 14:52:00,2010-05-17 14:52:00,2010-05
14018,United Kingdom,645,1,367.15,1,1,2,4,Lost,True,2010-03-04 14:23:00,2010-03-04 14:23:00,2010-03
14019,United Kingdom,47,3,1421.6100000000001,4,3,4,11,Loyal Customers,False,2011-07-24 15:39:00,2011-10-24 10:13:00,2011-07
14020,United Kingdom,17,4,1249.01,5,3,4,12,Loyal Customers,False,2010-06-28 15:29:00,2011-11-23 09:22:00,2010-06
14021,United Kingdom,155,7,1716.58,3,4,4,11,Potential Loyalists,True,2010-04-26 11:22:00,2011-07-07 15:46:00,2010-04
14022,United Kingdom,225,2,792.15,2,2,3,7,Lost,True,2010-08-10 09:38:00,2011-04-28 14:39:00,2010-08
14023,United Kingdom,7,2,584.07,5,2,2,9,New Customers,False,2011-04-03 15:50:00,2011-12-02 13:58:00,2011-04
14024,United Kingdom,122,3,645.74,3,3,3,9,Potential Loyalists,True,2010-11-14 10:51:00,2011-08-10 11:30:00,2010-11
14025,United Kingdom,465,8,4057.9,1,4,5,10,At Risk,True,2010-05-05 09:56:00,2010-09-01 10:11:00,2010-05
14026,United Kingdom,471,2,713.11,1,2,3,6,Lost,True,2010-03-24 14:10:00,2010-08-26 10:31:00,2010-03
14027,United Kingdom,61,1,104.82,3,1,1,5,Needs Attention,False,2011-10-10 09:01:00,2011-10-10 09:01:00,2011-10
14028,United Kingdom,550,3,10396.5,1,3,5,9,At Risk,True,2010-06-07 12:02:00,2010-06-07 13:33:00,2010-06
14029,United Kingdom,63,2,467.66,3,2,2,7,Needs Attention,False,2011-07-18 16:57:00,2011-10-07 14:46:00,2011-07
14030,United Kingdom,18,20,7521.8,5,5,5,15,Champions,False,2009-12-10 17:27:00,2011-11-21 16:48:00,2009-12
14031,United Kingdom,7,44,39019.51,5,5,5,15,Champions,False,2009-12-03 15:35:00,2011-12-02 17:13:00,2009-12
14032,United Kingdom,2,16,4546.41,5,5,5,15,Champions,False,2009-12-14 12:02:00,2011-12-07 15:23:00,2009-12
14033,United Kingdom,555,1,109.44,1,1,1,3,Lost,True,2010-06-02 15:10:00,2010-06-02 15:10:00,2010-06
14034,United Kingdom,22,3,648.89,4,3,3,10,Loyal Customers,False,2011-07-05 13:06:00,2011-11-17 14:02:00,2011-07
14035,United Kingdom,29,9,2794.75,4,5,4,13,Champions,False,2010-04-06 12:39:00,2011-11-11 10:03:00,2010-04
14036,United Kingdom,285,1,626.65,2,1,3,6,Lost,True,2011-02-28 09:26:00,2011-02-28 09:26:00,2011-02
14037,United Kingdom,176,6,836.95,3,4,3,10,Potential Loyalists,True,2009-12-07 11:39:00,2011-06-16 13:57:00,2009-12
14038,United Kingdom,78,5,3069.88,3,4,5,12,Potential Loyalists,False,2010-02-04 08:56:00,2011-09-22 13:37:00,2010-02
14039,United Kingdom,33,2,267.28000000000003,4,2,1,7,New Customers,False,2010-05-13 10:15:00,2011-11-06 13:48:00,2010-05
14040,United Kingdom,41,35,12523.81,4,5,5,14,Champions,False,2009-12-01 12:14:00,2011-10-30 12:42:00,2009-12
14041,United Kingdom,266,1,141.41,2,1,1,4,Lost,True,2011-03-18 13:25:00,2011-03-18 13:25:00,2011-03
14042,United Kingdom,725,1,431.98,1,1,2,4,Lost,True,2009-12-14 15:07:00,2009-12-14 15:07:00,2009-12
14043,United Kingdom,491,2,302.59999999999997,1,2,2,5,Lost,True,2009-12-10 15:56:00,2010-08-05 18:18:00,2009-12
14044,United Kingdom,27,10,3073.95,4,5,5,14,Champions,False,2010-01-24 15:14:00,2011-11-13 12:05:00,2010-01
14045,United Kingdom,109,16,10986.63,3,5,5,13,Potential Loyalists,True,2010-01-08 10:08:00,2011-08-22 15:27:00,2010-01
14046,United Kingdom,284,1,151.59,2,1,1,4,Lost,True,2011-02-28 14:48:00,2011-02-28 14:48:00,2011-02
14047,United Kingdom,9,14,3968.11,5,5,5,15,Champions,False,2010-02-01 10:05:00,2011-12-01 11:43:00,2010-02
14048,United Kingdom,305,3,748.69,2,3,3,8,At Risk,True,2010-11-22 14:08:00,2011-02-07 14:53:00,2010-11
14049,United Kingdom,17,13,13023.4,5,5,5,15,Champions,False,2010-04-01 14:52:00,2011-11-23 12:20:00,2010-04
14050,United Kingdom,32,2,746.36,4,2,3,9,New Customers,False,2011-08-25 13:46:00,2011-11-08 10:00:00,2011-08
14051,United Kingdom,1,37,21770.98,5,5,5,15,Champions,False,2009-12-03 11:53:00,2011-12-09 10:20:00,2009-12
14052,United Kingdom,20,2,466.66,4,2,2,8,New Customers,False,2010-11-14 11:37:00,2011-11-20 12:30:00,2010-11
14053,United Kingdom,124,4,572.3,3,3,2,8,Potential Loyalists,True,2010-08-10 11:02:00,2011-08-07 14:27:00,2010-08
14054,United Kingdom,65,1,92.46000000000001,3,1,1,5,Needs Attention,False,2011-10-05 15:49:00,2011-10-05 15:49:00,2011-10
14055,United Kingdom,106,3,1520.96,3,3,4,10,Potential Loyalists,True,2009-12-16 15:11:00,2011-08-25 15:04:00,2009-12
14056,United Kingdom,1,23,8152.71,5,5,5,15,Champions,False,2011-02-28 15:19:00,2011-12-08 13:36:00,2011-02
14057,United Kingdom,24,22,8346.66,4,5,5,14,Champions,False,2009-12-03 13:17:00,2011-11-16 10:32:00,2009-12
14058,United Kingdom,463,2,469.19,1,2,2,5,Lost,True,2010-06-27 11:29:00,2010-09-03 09:31:00,2010-06
14059,United Kingdom,267,1,183.6,2,1,1,4,Lost,True,2011-03-18 10:06:00,2011-03-18 10:06:00,2011-03
14060,United Kingdom,5,30,8898.24,5,5,5,15,Champions,False,2010-03-11 09:47:00,2011-12-05 12:29:00,2010-03
14061,United Kingdom,507,3,917.4300000000001,1,3,3,7,At Risk,True,2009-12-01 18:03:00,2010-07-20 17:22:00,2009-12
14062,United Kingdom,10,24,25585.65,5,5,5,15,Champions,False,2009-12-10 14:28:00,2011-11-30 10:04:00,2009-12
14063,United Kingdom,687,7,9471.5,1,4,5,10,At Risk,True,2009-12-08 13:46:00,2010-01-22 11:28:00,2009-12
14064,United Kingdom,29,15,3260.2400000000002,4,5,5,14,Champions,False,2010-01-21 13:22:00,2011-11-10 13:14:00,2010-01
14065,United Kingdom,389,3,891.02,2,3,3,8,At Risk,True,2010-10-04 12:03:00,2010-11-15 16:13:00,2010-10
14066,United Kingdom,267,1,152.55,2,1,1,4,Lost,True,2011-03-18 12:21:00,2011-03-18 12:21:00,2011-03
14067,United Kingdom,64,2,374.7,3,2,2,7,Needs Attention,False,2011-09-04 12:00:00,2011-10-07 10:21:00,2011-09
14068,United Kingdom,320,4,1516.72,2,3,4,9,At Risk,True,2010-01-31 10:10:00,2011-01-23 16:02:00,2010-01
14069,United Kingdom,515,2,225.81,1,2,1,4,Lost,True,2010-05-27 12:30:00,2010-07-13 12:12:00,2010-05
14070,United Kingdom,685,1,321.6,1,1,2,4,Lost,True,2010-01-24 12:27:00,2010-01-24 12:27:00,2010-01
14071,United Kingdom,4,8,1422.75,5,4,4,13,Champions,False,2011-03-20 11:33:00,2011-12-06 12:27:00,2011-03
14072,United Kingdom,667,1,390.85,1,1,2,4,Lost,True,2010-02-11 12:31:00,2010-02-11 12:31:00,2010-02
14073,United Kingdom,32,1,151.04,4,1,1,6,New Customers,False,2011-11-07 15:49:00,2011-11-07 15:49:00,2011-11
14074,United Kingdom,623,1,219.4,1,1,1,3,Lost,True,2010-03-26 13:55:00,2010-03-26 13:55:00,2010-03
14075,United Kingdom,5,5,1724.87,5,4,4,13,Champions,False,2010-08-26 13:42:00,2011-12-05 08:38:00,2010-08
14076,United Kingdom,129,1,118.67,3,1,1,5,Needs Attention,True,2011-08-02 15:19:00,2011-08-02 15:19:00,2011-08
14077,United Kingdom,41,6,615.08,4,4,3,11,Loyal Customers,False,2010-11-09 16:01:00,2011-10-30 12:35:00,2010-11
14078,United Kingdom,102,9,1551.82,3,5,4,12,Potential Loyalists,True,2010-03-28 15:05:00,2011-08-30 12:16:00,2010-03
14079,United Kingdom,125,1,375.1,3,1,2,6,Needs Attention,True,2011-08-07 12:10:00,2011-08-07 12:10:00,2011-08
14080,United Kingdom,33,5,1115.68,4,4,3,11,Loyal Customers,False,2009-12-02 15:01:00,2011-11-07 11:09:00,2009-12
14081,United Kingdom,302,10,4867.57,2,5,5,12,At Risk,True,2009-12-10 18:27:00,2011-02-10 16:17:00,2009-12
14082,United Kingdom,365,2,413.36,2,2,2,6,Lost,True,2010-11-12 11:47:00,2010-12-10 11:02:00,2010-11
14083,United Kingdom,4,11,1082.19,5,5,3,13,Loyal Customers,False,2009-12-18 11:34:00,2011-12-05 13:14:00,2009-12
14084,United Kingdom,512,1,150.5,1,1,1,3,Lost,True,2010-07-15 14:36:00,2010-07-15 14:36:00,2010-07
14085,United Kingdom,2,32,9705.67,5,5,5,15,Champions,False,2009-12-08 13:41:00,2011-12-07 13:46:00,2009-12
14086,United Kingdom,463,1,39.95,1,1,1,3,Lost,True,2010-09-03 10:52:00,2010-09-03 10:52:00,2010-09
14087,United Kingdom,3,3,829.47,5,3,3,11,Loyal Customers,False,2009-12-04 15:27:00,2011-12-07 12:41:00,2009-12
14088,United Kingdom,10,16,64036.8,5,5,5,15,Champions,False,2010-10-14 19:46:00,2011-11-29 16:16:00,2010-10
14089,United Kingdom,57,1,158.75,4,1,1,6,New Customers,False,2011-10-14 10:38:00,2011-10-14 10:38:00,2011-10
14090,United Kingdom,325,1,76.32000000000001,2,1,1,4,Lost,True,2011-01-19 10:51:00,2011-01-19 10:51:00,2011-01
14091,United Kingdom,654,2,9530.08,1,2,5,8,Cant Lose Them,True,2010-01-10 13:41:00,2010-02-23 15:17:00,2010-01
14092,United Kingdom,8,24,7229.45,5,5,5,15,Champions,False,2009-12-16 16:24:00,2011-12-02 12:13:00,2009-12
14093,United Kingdom,12,1,433.86,5,1,2,8,New Customers,False,2011-11-27 16:27:00,2011-11-27 16:27:00,2011-11
14094,United Kingdom,440,1,311.77,1,1,2,4,Lost,True,2010-09-26 11:58:00,2010-09-26 11:58:00,2010-09
14095,United Kingdom,723,1,2.95,1,1,1,3,Lost,True,2009-12-17 12:49:00,2009-12-17 12:49:00,2009-12
14096,United Kingdom,4,17,53258.43,5,5,5,15,Champions,False,2011-08-30 10:49:00,2011-12-05 17:17:00,2011-08
14097,United Kingdom,481,2,422.86,1,2,2,5,Lost,True,2010-03-04 10:46:00,2010-08-15 14:20:00,2010-03
14098,United Kingdom,37,1,147.35,4,1,1,6,New Customers,False,2011-11-03 10:13:00,2011-11-03 10:13:00,2011-11
14099,United Kingdom,16,20,5750.91,5,5,5,15,Champions,False,2009-12-10 11:55:00,2011-11-23 13:53:00,2009-12
14100,United Kingdom,138,1,191.95,3,1,1,5,Needs Attention,True,2011-07-25 11:01:00,2011-07-25 11:01:00,2011-07
14101,United Kingdom,74,13,9961.93,3,5,5,13,Potential Loyalists,False,2010-03-28 13:36:00,2011-09-27 12:28:00,2010-03
14102,United Kingdom,5,5,1105.8799999999999,5,4,3,12,Loyal Customers,False,2011-10-26 12:46:00,2011-12-04 15:38:00,2011-10
14104,United Kingdom,155,5,740.53,3,4,3,10,Potential Loyalists,True,2010-05-28 16:11:00,2011-07-08 12:50:00,2010-05
14105,United Kingdom,239,5,5988.83,2,4,5,11,At Risk,True,2009-12-18 16:57:00,2011-04-14 17:58:00,2009-12
14106,United Kingdom,737,1,214.8,1,1,1,3,Lost,True,2009-12-02 14:09:00,2009-12-02 14:09:00,2009-12
14107,United Kingdom,52,11,4877.3,4,5,5,14,Champions,False,2009-12-09 14:20:00,2011-10-19 12:12:00,2009-12
14108,United Kingdom,31,4,1044.96,4,3,3,10,Loyal Customers,False,2009-12-01 18:07:00,2011-11-09 10:41:00,2009-12
14109,United Kingdom,73,1,144.2,3,1,1,5,Needs Attention,False,2011-09-28 10:18:00,2011-09-28 10:18:00,2011-09
14110,United Kingdom,4,33,12987.95,5,5,5,15,Champions,False,2009-12-01 09:50:00,2011-12-06 12:26:00,2009-12
14111,United Kingdom,14,4,692.85,5,3,3,11,Loyal Customers,False,2011-04-12 11:36:00,2011-11-25 13:44:00,2011-04
14112,United Kingdom,23,13,5834.59,4,5,5,14,Champions,False,2010-02-23 14:16:00,2011-11-17 12:30:00,2010-02
14113,United Kingdom,4,16,7092.610000000001,5,5,5,15,Champions,False,2009-12-08 07:42:00,2011-12-06 12:18:00,2009-12
14114,United Kingdom,274,7,1364.09,2,4,4,10,At Risk,True,2010-04-12 11:07:00,2011-03-11 09:42:00,2010-04
14115,United Kingdom,502,2,622.67,1,2,3,6,Lost,True,2010-02-11 11:44:00,2010-07-26 12:36:00,2010-02
14116,United Kingdom,20,5,1382.74,4,4,4,12,Champions,False,2011-08-10 12:44:00,2011-11-20 10:29:00,2011-08
14117,United Kingdom,144,1,90.0,3,1,1,5,Needs Attention,True,2011-07-19 09:49:00,2011-07-19 09:49:00,2011-07
14118,United Kingdom,429,1,458.45,1,1,2,4,Lost,True,2010-10-07 11:59:00,2010-10-07 11:59:00,2010-10
14119,United Kingdom,376,2,183.37,2,2,1,5,Lost,True,2009-12-21 14:52:00,2010-11-29 10:33:00,2009-12
14121,United Kingdom,4,4,2780.15,5,3,4,12,Loyal Customers,False,2011-10-11 10:39:00,2011-12-06 12:19:00,2011-10
14122,United Kingdom,406,3,362.42,2,3,2,7,At Risk,True,2009-12-02 14:22:00,2010-10-29 15:11:00,2009-12
14123,United Kingdom,733,1,436.18,1,1,2,4,Lost,True,2009-12-06 15:35:00,2009-12-06 15:35:00,2009-12
14124,United Kingdom,84,1,419.58,3,1,2,6,Needs Attention,False,2011-09-16 13:32:00,2011-09-16 13:32:00,2011-09
14125,United Kingdom,11,3,2720.63,5,3,4,12,Loyal Customers,False,2011-09-22 15:40:00,2011-11-29 12:47:00,2011-09
14126,United Kingdom,8,4,1172.46,5,3,3,11,Loyal Customers,False,2010-09-21 14:51:00,2011-12-02 11:45:00,2010-09
14127,United Kingdom,123,6,1900.0800000000002,3,4,4,11,Potential Loyalists,True,2010-10-10 11:53:00,2011-08-09 10:49:00,2010-10
14128,United Kingdom,61,3,924.21,3,3,3,9,Potential Loyalists,False,2010-06-06 14:05:00,2011-10-10 12:00:00,2010-06
14129,United Kingdom,2,9,2591.34,5,5,4,14,Champions,False,2010-05-09 14:54:00,2011-12-08 11:02:00,2010-05
14130,United Kingdom,319,4,1858.77,2,3,4,9,At Risk,True,2009-12-11 16:33:00,2011-01-24 16:05:00,2009-12
14131,United Kingdom,649,1,168.22,1,1,1,3,Lost,True,2010-03-01 11:59:00,2010-03-01 11:59:00,2010-03
14132,United Kingdom,2,11,3586.03,5,5,5,15,Champions,False,2011-06-09 12:04:00,2011-12-07 13:35:00,2011-06
14133,United Kingdom,130,4,911.14,3,3,3,9,Potential Loyalists,True,2009-12-06 12:10:00,2011-08-02 11:34:00,2009-12
14134,United Kingdom,383,15,11123.35,2,5,5,12,At Risk,True,2009-12-10 09:25:00,2010-11-22 12:26:00,2009-12
14135,United Kingdom,2,24,8839.67,5,5,5,15,Champions,False,2009-12-02 08:58:00,2011-12-08 11:38:00,2009-12
14136,United Kingdom,401,5,1570.81,2,4,4,10,At Risk,True,2009-12-08 09:19:00,2010-11-04 11:53:00,2009-12
14137,United Kingdom,696,1,332.7,1,1,2,4,Lost,True,2010-01-13 12:30:00,2010-01-13 12:30:00,2010-01
14138,United Kingdom,2,2,965.88,5,2,3,10,New Customers,False,2011-10-07 09:38:00,2011-12-08 12:44:00,2011-10
14139,United Kingdom,46,4,1086.8,4,3,3,10,Loyal Customers,False,2010-06-15 09:17:00,2011-10-24 13:34:00,2010-06
14140,United Kingdom,4,2,935.05,5,2,3,10,New Customers,False,2011-11-08 11:20:00,2011-12-06 09:05:00,2011-11
14141,United Kingdom,3,4,915.13,5,3,3,11,Loyal Customers,False,2011-08-26 14:40:00,2011-12-07 09:53:00,2011-08
14142,United Kingdom,373,2,671.34,2,2,3,7,Lost,True,2010-03-03 15:13:00,2010-12-01 16:33:00,2010-03
14143,United Kingdom,134,1,115.8,3,1,1,5,Needs Attention,True,2011-07-29 09:48:00,2011-07-29 09:48:00,2011-07
14144,United Kingdom,486,1,30.6,1,1,1,3,Lost,True,2010-08-10 15:17:00,2010-08-10 15:17:00,2010-08
14145,United Kingdom,47,7,7600.05,4,4,5,13,Champions,False,2010-04-08 09:47:00,2011-10-24 12:10:00,2010-04
14146,United Kingdom,9,12,9450.3,5,5,5,15,Champions,False,2010-01-13 16:04:00,2011-12-01 10:18:00,2010-01
14147,United Kingdom,78,9,2590.2,3,5,4,12,Potential Loyalists,False,2010-03-09 13:43:00,2011-09-22 18:10:00,2010-03
14148,United Kingdom,234,2,466.29,2,2,2,6,Lost,True,2010-10-21 14:08:00,2011-04-20 12:02:00,2010-10
14149,United Kingdom,221,1,446.62,2,1,2,5,Lost,True,2011-05-03 09:44:00,2011-05-03 09:44:00,2011-05
14150,United Kingdom,36,2,658.64,4,2,3,9,New Customers,False,2010-12-15 10:04:00,2011-11-04 10:05:00,2010-12
14151,United Kingdom,673,2,679.45,1,2,3,6,Lost,True,2009-12-23 10:54:00,2010-02-04 15:35:00,2009-12
14152,United Kingdom,75,7,1997.3400000000001,3,4,4,11,Potential Loyalists,False,2010-02-18 13:57:00,2011-09-25 12:54:00,2010-02
14153,United Kingdom,483,1,233.39999999999998,1,1,1,3,Lost,True,2010-08-13 14:35:00,2010-08-13 14:35:00,2010-08
14154,United Kingdom,239,8,6460.7,2,4,5,11,At Risk,True,2010-01-13 12:47:00,2011-04-14 16:26:00,2010-01
14155,United Kingdom,266,1,118.75,2,1,1,4,Lost,True,2011-03-18 14:13:00,2011-03-18 14:13:00,2011-03
14156,EIRE,10,144,303069.88,5,5,5,15,Champions,False,2009-12-01 12:30:00,2011-11-30 10:54:00,2009-12
14157,United Kingdom,20,5,978.69,4,4,3,11,Loyal Customers,False,2010-03-03 16:49:00,2011-11-20 11:32:00,2010-03
14158,United Kingdom,40,1,507.65999999999997,4,1,2,7,New Customers,False,2011-10-30 15:08:00,2011-10-30 15:08:00,2011-10
14159,United Kingdom,20,20,7849.58,4,5,5,14,Champions,False,2009-12-03 12:31:00,2011-11-20 12:36:00,2009-12
14160,United Kingdom,610,7,8421.47,1,4,5,10,At Risk,True,2010-01-10 12:06:00,2010-04-08 14:30:00,2010-01
14161,United Kingdom,216,7,2996.93,2,4,5,11,At Risk,True,2009-12-13 11:46:00,2011-05-08 11:41:00,2009-12
14162,United Kingdom,174,2,289.36,3,2,2,7,Needs Attention,True,2011-02-20 12:32:00,2011-06-19 11:36:00,2011-02
14163,United Kingdom,87,5,2594.62,3,4,4,11,Potential Loyalists,False,2010-09-03 17:15:00,2011-09-13 15:18:00,2010-09
14164,United Kingdom,71,2,1631.77,3,2,4,9,Needs Attention,False,2011-09-20 12:18:00,2011-09-30 12:24:00,2011-09
14165,United Kingdom,276,1,120.44,2,1,1,4,Lost,True,2011-03-09 12:39:00,2011-03-09 12:39:00,2011-03
14166,United Kingdom,505,2,251.15,1,2,1,4,Lost,True,2010-03-23 15:10:00,2010-07-22 19:42:00,2010-03
14167,United Kingdom,39,8,1274.29,4,4,4,12,Champions,False,2010-01-27 16:07:00,2011-10-31 14:29:00,2010-01
14168,United Kingdom,421,2,370.45,1,2,2,5,Lost,True,2010-05-24 12:28:00,2010-10-15 10:49:00,2010-05
14169,United Kingdom,431,2,613.11,1,2,3,6,Lost,True,2010-09-21 13:39:00,2010-10-05 08:45:00,2010-09
14170,United Kingdom,375,3,570.18,2,3,2,7,At Risk,True,2010-11-09 14:06:00,2010-11-29 13:10:00,2010-11
14171,United Kingdom,98,2,498.79,3,2,2,7,Needs Attention,True,2009-12-09 13:50:00,2011-09-02 16:43:00,2009-12
14172,United Kingdom,605,3,369.02,1,3,2,6,At Risk,True,2010-03-07 10:58:00,2010-04-13 13:26:00,2010-03
14173,United Kingdom,11,6,586.0,5,4,2,11,Loyal Customers,False,2009-12-09 12:46:00,2011-11-29 11:54:00,2009-12
14174,United Kingdom,33,1,134.46,4,1,1,6,New Customers,False,2011-11-06 13:17:00,2011-11-06 13:17:00,2011-11
14175,United Kingdom,60,8,7678.88,3,4,5,12,Potential Loyalists,False,2010-03-22 10:43:00,2011-10-11 11:55:00,2010-03
14176,United Kingdom,297,5,756.46,2,4,3,9,At Risk,True,2010-11-23 13:21:00,2011-02-15 13:12:00,2010-11
14177,United Kingdom,86,13,2209.69,3,5,4,12,Potential Loyalists,False,2010-02-26 11:59:00,2011-09-14 15:11:00,2010-02
14178,United Kingdom,9,7,1580.26,5,4,4,13,Champions,False,2011-06-10 12:51:00,2011-12-01 12:01:00,2011-06
14179,United Kingdom,41,2,701.57,4,2,3,9,New Customers,False,2011-10-18 14:00:00,2011-10-30 12:07:00,2011-10
14180,United Kingdom,11,33,6117.5,5,5,5,15,Champions,False,2010-06-09 14:56:00,2011-11-29 10:56:00,2010-06
14181,United Kingdom,411,2,308.35,1,2,2,5,Lost,True,2010-05-26 12:32:00,2010-10-25 08:27:00,2010-05
14182,United Kingdom,444,4,678.77,1,3,3,7,At Risk,True,2010-04-22 15:36:00,2010-09-22 11:45:00,2010-04
14183,United Kingdom,411,2,278.34000000000003,1,2,1,4,Lost,True,2010-08-15 15:36:00,2010-10-24 14:45:00,2010-08
14184,United Kingdom,67,1,452.89,3,1,2,6,Needs Attention,False,2011-10-04 12:43:00,2011-10-04 12:43:00,2011-10
14185,United Kingdom,331,1,197.65,2,1,1,4,Lost,True,2011-01-12 13:52:00,2011-01-12 13:52:00,2011-01
14186,United Kingdom,427,5,1550.63,1,4,4,9,At Risk,True,2010-03-05 11:17:00,2010-10-08 13:30:00,2010-03
14187,United Kingdom,474,1,123.5,1,1,1,3,Lost,True,2010-08-23 12:06:00,2010-08-23 12:06:00,2010-08
14188,United Kingdom,31,6,2054.36,4,4,4,12,Champions,False,2011-02-02 13:46:00,2011-11-09 12:45:00,2011-02
14189,United Kingdom,2,16,5503.150000000001,5,5,5,15,Champions,False,2010-11-16 09:28:00,2011-12-07 15:55:00,2010-11
14190,United Kingdom,666,1,79.9,1,1,1,3,Lost,True,2010-02-11 14:27:00,2010-02-11 14:27:00,2010-02
14191,United Kingdom,2,15,4817.66,5,5,5,15,Champions,False,2009-12-11 10:48:00,2011-12-08 09:23:00,2009-12
14192,United Kingdom,388,1,293.74,2,1,2,5,Lost,True,2010-11-16 17:44:00,2010-11-16 17:44:00,2010-11
14193,United Kingdom,68,3,1210.19,3,3,4,10,Potential Loyalists,False,2010-11-08 12:31:00,2011-10-03 09:34:00,2010-11
14194,United Kingdom,5,36,18670.59,5,5,5,15,Champions,False,2010-01-06 12:16:00,2011-12-05 10:38:00,2010-01
14195,United Kingdom,202,6,2615.6,2,4,4,10,At Risk,True,2010-03-15 17:12:00,2011-05-22 10:29:00,2010-03
14196,United Kingdom,107,1,335.52,3,1,2,6,Needs Attention,True,2011-08-25 10:25:00,2011-08-25 10:25:00,2011-08
14197,United Kingdom,411,1,390.05,1,1,2,4,Lost,True,2010-10-25 10:01:00,2010-10-25 10:01:00,2010-10
14198,United Kingdom,18,9,1569.73,5,5,4,14,Champions,False,2010-01-05 10:07:00,2011-11-21 16:35:00,2010-01
14199,United Kingdom,218,4,1091.7,2,3,3,8,At Risk,True,2010-06-27 12:13:00,2011-05-05 13:44:00,2010-06
14200,United Kingdom,617,1,379.2,1,1,2,4,Lost,True,2010-04-01 13:01:00,2010-04-01 13:01:00,2010-04
14201,United Kingdom,60,10,1193.54,3,5,3,11,Potential Loyalists,False,2010-04-30 13:00:00,2011-10-10 13:27:00,2010-04
14202,United Kingdom,381,3,847.76,2,3,3,8,At Risk,True,2010-03-25 10:36:00,2010-11-23 17:13:00,2010-03
14203,United Kingdom,397,1,339.34,2,1,2,5,Lost,True,2010-11-07 13:35:00,2010-11-07 13:35:00,2010-11
14204,United Kingdom,2,4,1024.83,5,3,3,11,Loyal Customers,False,2009-12-02 13:26:00,2011-12-07 13:38:00,2009-12
14205,United Kingdom,17,9,2414.2,5,5,4,14,Champions,False,2010-03-07 12:20:00,2011-11-23 10:55:00,2010-03
14206,United Kingdom,239,3,1185.01,2,3,3,8,At Risk,True,2010-11-02 11:37:00,2011-04-14 16:38:00,2010-11
14207,United Kingdom,688,1,157.8,1,1,1,3,Lost,True,2010-01-21 09:33:00,2010-01-21 09:33:00,2010-01
14208,United Kingdom,95,2,567.05,3,2,2,7,Needs Attention,True,2010-06-06 13:11:00,2011-09-06 12:48:00,2010-06
14209,United Kingdom,11,15,4993.27,5,5,5,15,Champions,False,2010-01-22 10:28:00,2011-11-29 10:18:00,2010-01
14210,United Kingdom,106,16,5556.570000000001,3,5,5,13,Potential Loyalists,True,2010-01-06 10:17:00,2011-08-26 12:36:00,2010-01
14211,United Kingdom,53,18,4402.29,4,5,5,14,Champions,False,2009-12-09 12:48:00,2011-10-17 13:23:00,2009-12
14212,United Kingdom,90,2,2190.14,3,2,4,9,Needs Attention,False,2010-09-20 11:48:00,2011-09-11 12:45:00,2010-09
14213,United Kingdom,405,1,1192.2,2,1,3,6,Lost,True,2010-10-31 10:37:00,2010-10-31 10:37:00,2010-10
14214,United Kingdom,31,5,1004.38,4,4,3,11,Loyal Customers,False,2011-03-07 12:26:00,2011-11-09 10:31:00,2011-03
14215,United Kingdom,12,9,3250.33,5,5,5,15,Champions,False,2009-12-08 09:35:00,2011-11-28 12:19:00,2009-12
14216,United Kingdom,3,5,2150.04,5,4,4,13,Champions,False,2010-10-21 15:07:00,2011-12-06 14:56:00,2010-10
14217,United Kingdom,2,23,3298.59,5,5,5,15,Champions,False,2010-06-30 12:54:00,2011-12-08 11:53:00,2010-06
14218,United Kingdom,43,1,169.48000000000002,4,1,1,6,New Customers,False,2011-10-28 10:00:00,2011-10-28 10:00:00,2011-10
14219,United Kingdom,4,3,633.83,5,3,3,11,Loyal Customers,False,2010-08-03 14:42:00,2011-12-05 16:23:00,2010-08
14220,United Kingdom,247,4,1515.0,2,3,4,9,At Risk,True,2010-05-19 13:26:00,2011-04-06 13:23:00,2010-05
14221,United Kingdom,42,17,6517.49,4,5,5,14,Champions,False,2010-04-06 14:10:00,2011-10-28 13:42:00,2010-04
14222,United Kingdom,177,1,683.17,3,1,3,7,Needs Attention,True,2011-06-15 16:42:00,2011-06-15 16:42:00,2011-06
14223,United Kingdom,92,3,991.13,3,3,3,9,Potential Loyalists,True,2011-03-20 16:02:00,2011-09-08 13:38:00,2011-03
14224,United Kingdom,110,9,1841.71,3,5,4,12,Potential Loyalists,True,2010-06-13 13:46:00,2011-08-21 13:24:00,2010-06
14225,United Kingdom,435,4,2031.07,1,3,4,8,At Risk,True,2010-01-12 15:02:00,2010-10-01 10:32:00,2010-01
14226,United Kingdom,29,6,2985.13,4,4,5,13,Champions,False,2010-09-24 14:32:00,2011-11-11 11:34:00,2010-09
14227,United Kingdom,26,15,6366.16,4,5,5,14,Champions,False,2010-02-08 09:38:00,2011-11-13 15:48:00,2010-02
14228,United Kingdom,438,3,745.5,1,3,3,7,At Risk,True,2010-06-11 12:29:00,2010-09-28 09:45:00,2010-06
14229,United Kingdom,52,7,2594.04,4,4,4,12,Champions,False,2010-08-25 11:47:00,2011-10-19 10:04:00,2010-08
14230,United Kingdom,436,3,979.8000000000001,1,3,3,7,At Risk,True,2010-06-09 13:56:00,2010-09-30 09:07:00,2010-06
14231,United Kingdom,184,4,1235.6200000000001,3,3,4,10,Potential Loyalists,True,2010-09-15 09:52:00,2011-06-09 11:05:00,2010-09
14232,United Kingdom,43,5,2048.07,4,4,4,12,Champions,False,2011-03-20 12:44:00,2011-10-28 11:09:00,2011-03
14233,United Kingdom,49,7,2904.27,4,4,5,13,Champions,False,2010-03-05 16:35:00,2011-10-21 15:54:00,2010-03
14234,United Kingdom,22,4,754.12,4,3,3,10,Loyal Customers,False,2011-10-13 13:58:00,2011-11-17 17:53:00,2011-10
14235,United Kingdom,75,9,4717.99,3,5,5,13,Potential Loyalists,False,2010-03-30 13:36:00,2011-09-25 14:37:00,2010-03
14236,United Kingdom,81,5,1555.34,3,4,4,11,Potential Loyalists,False,2010-07-22 14:27:00,2011-09-20 09:13:00,2010-07
14237,United Kingdom,373,2,471.14,2,2,2,6,Lost,True,2010-04-28 10:04:00,2010-12-01 13:20:00,2010-04
14238,United Kingdom,326,3,434.23,2,3,2,7,At Risk,True,2009-12-05 10:58:00,2011-01-17 14:40:00,2009-12
14239,United Kingdom,43,21,4263.17,4,5,5,14,Champions,False,2009-12-05 12:36:00,2011-10-27 14:40:00,2009-12
14240,United Kingdom,30,3,1247.49,4,3,4,11,Loyal Customers,False,2010-10-12 12:48:00,2011-11-09 13:45:00,2010-10
14241,United Kingdom,184,2,333.7,3,2,2,7,Needs Attention,True,2010-01-12 15:11:00,2011-06-09 11:46:00,2010-01
14242,United Kingdom,235,2,280.55,2,2,1,5,Lost,True,2011-01-18 08:53:00,2011-04-19 11:46:00,2011-01
14243,United Kingdom,9,17,7217.75,5,5,5,15,Champions,False,2010-08-20 13:41:00,2011-12-01 11:12:00,2010-08
14244,United Kingdom,661,1,366.41999999999996,1,1,2,4,Lost,True,2010-02-17 11:40:00,2010-02-17 11:40:00,2010-02
14245,United Kingdom,220,2,1693.45,2,2,4,8,Cant Lose Them,True,2011-03-21 10:41:00,2011-05-04 08:40:00,2011-03
14246,United Kingdom,111,3,1474.06,3,3,4,10,Potential Loyalists,True,2011-04-08 08:25:00,2011-08-21 11:50:00,2011-04
14247,United Kingdom,278,5,753.56,2,4,3,9,At Risk,True,2010-06-06 15:07:00,2011-03-06 15:21:00,2010-06
14248,United Kingdom,318,3,1032.95,2,3,3,8,At Risk,True,2010-07-12 14:27:00,2011-01-25 14:45:00,2010-07
14249,United Kingdom,411,12,5400.46,1,5,5,11,At Risk,True,2010-01-29 14:21:00,2010-10-25 12:34:00,2010-01
14250,United Kingdom,7,3,1904.05,5,3,4,12,Loyal Customers,False,2011-09-11 13:44:00,2011-12-02 14:30:00,2011-09
14251,United Kingdom,2,5,2879.7000000000003,5,4,4,13,Champions,False,2011-10-13 12:46:00,2011-12-08 08:32:00,2011-10
14252,United Kingdom,381,1,350.99,2,1,2,5,Lost,True,2010-11-23 13:36:00,2010-11-23 13:36:00,2010-11
14253,United Kingdom,493,2,363.40000000000003,1,2,2,5,Lost,True,2010-03-26 15:08:00,2010-08-03 14:55:00,2010-03
14254,United Kingdom,433,1,601.03,1,1,2,4,Lost,True,2010-10-03 11:52:00,2010-10-03 11:52:00,2010-10
14256,United Kingdom,260,5,2460.79,2,4,4,10,At Risk,True,2010-01-14 10:35:00,2011-03-24 13:17:00,2010-01
14257,United Kingdom,64,9,5954.45,3,5,5,13,Potential Loyalists,False,2010-03-01 15:36:00,2011-10-06 16:54:00,2010-03
14258,United Kingdom,9,25,32051.34,5,5,5,15,Champions,False,2009-12-04 08:36:00,2011-11-30 15:27:00,2009-12
14259,United Kingdom,142,1,120.0,3,1,1,5,Needs Attention,True,2011-07-21 10:44:00,2011-07-21 10:44:00,2011-07
14260,United Kingdom,471,3,824.28,1,3,3,7,At Risk,True,2010-06-09 11:23:00,2010-08-25 14:55:00,2010-06
14261,United Kingdom,51,2,1163.45,4,2,3,9,New Customers,False,2011-09-22 10:47:00,2011-10-20 10:04:00,2011-09
14262,United Kingdom,8,8,2618.23,5,4,4,13,Champions,False,2011-04-13 12:23:00,2011-12-01 14:17:00,2011-04
14263,United Kingdom,423,1,322.93,1,1,2,4,Lost,True,2010-10-12 14:09:00,2010-10-12 14:09:00,2010-10
14264,United Kingdom,155,6,1517.3600000000001,3,4,4,11,Potential Loyalists,True,2010-04-07 13:21:00,2011-07-08 10:20:00,2010-04
14265,Unspecified,109,4,1373.35,3,3,4,10,Potential Loyalists,True,2010-04-06 14:39:00,2011-08-22 13:32:00,2010-04
14266,United Kingdom,428,1,40.56,1,1,1,3,Lost,True,2010-10-07 13:32:00,2010-10-07 13:32:00,2010-10
14267,United Kingdom,163,3,1516.24,3,3,4,10,Potential Loyalists,True,2011-03-24 11:38:00,2011-06-30 10:09:00,2011-03
14268,United Kingdom,471,1,354.85,1,1,2,4,Lost,True,2010-08-26 10:45:00,2010-08-26 10:45:00,2010-08
14269,United Kingdom,439,1,295.73,1,1,2,4,Lost,True,2010-09-26 12:53:00,2010-09-26 12:53:00,2010-09
14270,United Kingdom,332,1,492.65000000000003,2,1,2,5,Lost,True,2011-01-12 09:33:00,2011-01-12 09:33:00,2011-01
14271,United Kingdom,226,2,214.18,2,2,1,5,Lost,True,2010-10-26 17:01:00,2011-04-28 12:47:00,2010-10
14272,United Kingdom,74,4,920.81,3,3,3,9,Potential Loyalists,False,2010-05-06 14:01:00,2011-09-27 10:08:00,2010-05
14273,United Kingdom,51,4,559.97,4,3,2,9,Loyal Customers,False,2011-04-11 13:24:00,2011-10-19 13:20:00,2011-04
14274,United Kingdom,686,1,256.6,1,1,1,3,Lost,True,2010-01-22 12:51:00,2010-01-22 12:51:00,2010-01
14275,United Kingdom,396,6,1189.3799999999999,2,4,3,9,At Risk,True,2010-04-11 12:32:00,2010-11-09 09:06:00,2010-04
14276,United Kingdom,99,7,2102.68,3,4,4,11,Potential Loyalists,True,2010-02-17 13:10:00,2011-09-02 09:45:00,2010-02
14277,France,15,8,16789.16,5,4,5,14,Champions,False,2009-12-13 15:43:00,2011-11-24 15:01:00,2009-12
14278,United Kingdom,410,1,205.83,1,1,1,3,Lost,True,2010-10-26 12:07:00,2010-10-26 12:07:00,2010-10
14279,United Kingdom,521,2,191.86,1,2,1,4,Lost,True,2010-01-27 16:34:00,2010-07-07 08:42:00,2010-01
14280,United Kingdom,197,1,134.04,2,1,1,4,Lost,True,2011-05-27 10:37:00,2011-05-27 10:37:00,2011-05
14281,United Kingdom,408,1,245.15,2,1,1,4,Lost,True,2010-10-27 14:45:00,2010-10-27 14:45:00,2010-10
14282,United Kingdom,3,25,7250.76,5,5,5,15,Champions,False,2010-02-15 11:22:00,2011-12-06 17:04:00,2010-02
14283,United Kingdom,463,4,628.44,1,3,3,7,At Risk,True,2010-05-19 12:22:00,2010-09-02 14:46:00,2010-05
14284,United Kingdom,31,3,1299.65,4,3,4,11,Loyal Customers,False,2010-02-24 12:06:00,2011-11-09 08:11:00,2010-02
14285,United Kingdom,21,8,3284.42,4,4,5,13,Champions,False,2009-12-08 14:13:00,2011-11-18 14:50:00,2009-12
14286,United Kingdom,24,7,8479.76,4,4,5,13,Champions,False,2009-12-04 08:40:00,2011-11-16 10:34:00,2009-12
14287,United Kingdom,8,3,176.63,5,3,1,9,Loyal Customers,False,2011-05-25 11:41:00,2011-12-01 13:25:00,2011-05
14288,United Kingdom,213,1,426.6,2,1,2,5,Lost,True,2011-05-10 13:22:00,2011-05-10 13:22:00,2011-05
14289,United Kingdom,9,6,911.26,5,4,3,12,Loyal Customers,False,2011-02-23 12:33:00,2011-12-01 11:44:00,2011-02
14290,United Kingdom,11,8,4516.56,5,4,5,14,Champions,False,2009-12-08 11:44:00,2011-11-28 14:02:00,2009-12
14291,United Kingdom,2,23,7904.1,5,5,5,15,Champions,False,2009-12-09 10:46:00,2011-12-08 10:26:00,2009-12
14292,United Kingdom,8,16,9226.25,5,5,5,15,Champions,False,2010-03-19 11:10:00,2011-12-02 11:50:00,2010-03
14293,United Kingdom,3,9,2903.01,5,5,5,15,Champions,False,2009-12-10 10:57:00,2011-12-06 15:17:00,2009-12
14294,United Kingdom,407,1,375.34000000000003,2,1,2,5,Lost,True,2010-10-28 16:25:00,2010-10-28 16:25:00,2010-10
14295,United Kingdom,40,4,2352.91,4,3,4,11,Loyal Customers,False,2009-12-09 13:06:00,2011-10-30 15:50:00,2009-12
14296,United Kingdom,421,2,456.4,1,2,2,5,Lost,True,2010-05-14 14:34:00,2010-10-14 14:14:00,2010-05
14297,United Kingdom,18,4,1305.33,5,3,4,12,Loyal Customers,False,2011-03-10 08:31:00,2011-11-22 09:06:00,2011-03
14298,United Kingdom,8,82,91194.49,5,5,5,15,Champions,False,2009-12-11 13:49:00,2011-12-01 13:12:00,2009-12
14299,United Kingdom,8,27,14070.25,5,5,5,15,Champions,False,2009-12-02 10:58:00,2011-12-01 16:05:00,2009-12
14300,United Kingdom,19,1,43.2,5,1,1,7,New Customers,False,2011-11-21 08:57:00,2011-11-21 08:57:00,2011-11
14301,United Kingdom,117,4,1992.18,3,3,4,10,Potential Loyalists,True,2010-02-11 13:07:00,2011-08-14 15:33:00,2010-02
14302,United Kingdom,431,3,742.9000000000001,1,3,3,7,At Risk,True,2009-12-02 08:16:00,2010-10-05 08:10:00,2009-12
14303,United Kingdom,407,2,277.94,2,2,1,5,Lost,True,2010-10-01 10:31:00,2010-10-28 15:37:00,2010-10
14304,United Kingdom,223,3,1725.01,2,3,4,9,At Risk,True,2010-05-18 10:50:00,2011-05-01 11:50:00,2010-05
14305,United Kingdom,71,3,1858.96,3,3,4,10,Potential Loyalists,False,2011-07-27 14:14:00,2011-09-29 15:29:00,2011-07
14306,United Kingdom,51,6,3151.4,4,4,5,13,Champions,False,2010-01-31 13:42:00,2011-10-19 13:23:00,2010-01
14307,United Kingdom,89,10,4287.92,3,5,5,13,Potential Loyalists,False,2009-12-07 13:06:00,2011-09-12 09:38:00,2009-12
14309,United Kingdom,8,11,3780.81,5,5,5,15,Champions,False,2010-06-07 10:24:00,2011-12-01 13:33:00,2010-06
14310,United Kingdom,433,1,492.1,1,1,2,4,Lost,True,2010-10-03 12:34:00,2010-10-03 12:34:00,2010-10
14311,United Kingdom,243,2,516.45,2,2,2,6,Lost,True,2010-05-21 10:28:00,2011-04-11 10:14:00,2010-05
14312,United Kingdom,47,11,3090.29,4,5,5,14,Champions,False,2010-07-23 15:05:00,2011-10-24 09:46:00,2010-07
14314,United Kingdom,107,2,229.79999999999998,3,2,1,6,Needs Attention,True,2010-10-05 08:00:00,2011-08-25 10:39:00,2010-10
14315,United Kingdom,45,8,3197.82,4,4,5,13,Champions,False,2010-03-15 12:49:00,2011-10-26 12:06:00,2010-03
14316,United Kingdom,422,5,1370.34,1,4,4,9,At Risk,True,2010-03-19 15:18:00,2010-10-13 16:31:00,2010-03
14317,United Kingdom,65,1,508.58,3,1,2,6,Needs Attention,False,2011-10-06 10:44:00,2011-10-06 10:44:00,2011-10
14318,United Kingdom,460,1,158.02,1,1,1,3,Lost,True,2010-09-05 15:32:00,2010-09-05 15:32:00,2010-09
14319,United Kingdom,424,1,494.85,1,1,2,4,Lost,True,2010-10-11 13:38:00,2010-10-11 13:38:00,2010-10
14320,United Kingdom,207,5,1346.75,2,4,4,10,At Risk,True,2010-01-21 11:44:00,2011-05-17 09:24:00,2010-01
14321,United Kingdom,11,7,2218.06,5,4,4,13,Champions,False,2010-08-23 12:56:00,2011-11-29 09:47:00,2010-08
14322,United Kingdom,429,4,474.1,1,3,2,6,At Risk,True,2010-02-18 08:49:00,2010-10-06 15:17:00,2010-02
14323,United Kingdom,115,2,605.0600000000001,3,2,3,8,Needs Attention,True,2011-04-15 11:44:00,2011-08-17 11:37:00,2011-04
14324,United Kingdom,410,2,701.61,1,2,3,6,Lost,True,2010-01-15 13:31:00,2010-10-26 11:44:00,2010-01
14325,United Kingdom,570,1,245.48000000000002,1,1,1,3,Lost,True,2010-05-19 09:20:00,2010-05-19 09:20:00,2010-05
14326,United Kingdom,242,3,940.98,2,3,3,8,At Risk,True,2010-06-25 12:10:00,2011-04-11 15:04:00,2010-06
14327,United Kingdom,163,6,1894.93,3,4,4,11,Potential Loyalists,True,2010-01-08 14:04:00,2011-06-29 13:58:00,2010-01
14329,United Kingdom,17,15,9887.62,5,5,5,15,Champions,False,2009-12-16 15:31:00,2011-11-22 15:50:00,2009-12
14330,United Kingdom,624,1,200.63,1,1,1,3,Lost,True,2010-03-26 09:10:00,2010-03-26 09:10:00,2010-03
14331,United Kingdom,124,2,462.66,3,2,2,7,Needs Attention,True,2011-07-27 15:14:00,2011-08-07 13:17:00,2011-07
14332,United Kingdom,23,5,1917.41,4,4,4,12,Champions,False,2010-10-19 13:01:00,2011-11-17 11:54:00,2010-10
14333,United Kingdom,68,1,415.2,3,1,2,6,Needs Attention,False,2011-10-03 10:38:00,2011-10-03 10:38:00,2011-10
14334,United Kingdom,17,12,4318.4800000000005,5,5,5,15,Champions,False,2010-05-20 10:04:00,2011-11-23 10:01:00,2010-05
14335,Germany,16,2,454.86,5,2,2,9,New Customers,False,2011-09-04 13:07:00,2011-11-23 13:41:00,2011-09
14336,United Kingdom,17,4,1614.91,5,3,4,12,Loyal Customers,False,2011-03-08 16:48:00,2011-11-23 11:40:00,2011-03
14338,United Kingdom,161,3,928.1,3,3,3,9,Potential Loyalists,True,2010-06-21 10:32:00,2011-07-01 14:08:00,2010-06
14339,United Kingdom,243,2,620.27,2,2,3,7,Lost,True,2010-10-07 08:50:00,2011-04-11 11:06:00,2010-10
14340,United Kingdom,219,1,134.7,2,1,1,4,Lost,True,2011-05-05 09:44:00,2011-05-05 09:44:00,2011-05
14341,United Kingdom,45,18,4452.02,4,5,5,14,Champions,False,2009-12-01 12:20:00,2011-10-25 15:48:00,2009-12
14342,United Kingdom,21,6,918.44,4,4,3,11,Loyal Customers,False,2010-08-24 13:03:00,2011-11-18 13:21:00,2010-08
14343,United Kingdom,421,4,1079.66,1,3,3,7,At Risk,True,2010-01-18 16:47:00,2010-10-14 13:05:00,2010-01
14344,United Kingdom,127,20,2993.05,3,5,5,13,Potential Loyalists,True,2010-03-23 15:47:00,2011-08-04 13:51:00,2010-03
14345,United Kingdom,39,1,108.98,4,1,1,6,New Customers,False,2011-11-01 09:51:00,2011-11-01 09:51:00,2011-11
14346,United Kingdom,121,5,2315.75,3,4,4,11,Potential Loyalists,True,2010-07-30 10:44:00,2011-08-11 09:47:00,2010-07
14347,United Kingdom,737,1,82.60000000000001,1,1,1,3,Lost,True,2009-12-03 10:49:00,2009-12-03 10:49:00,2009-12
14348,United Kingdom,260,1,409.57,2,1,2,5,Lost,True,2011-03-24 16:23:00,2011-03-24 16:23:00,2011-03
14349,United Kingdom,10,1,133.5,5,1,1,7,New Customers,False,2011-11-29 15:39:00,2011-11-29 15:39:00,2011-11
14350,United Kingdom,274,3,972.03,2,3,3,8,At Risk,True,2010-10-05 15:52:00,2011-03-10 14:14:00,2010-10
14351,United Kingdom,165,1,51.0,3,1,1,5,Needs Attention,True,2011-06-28 11:56:00,2011-06-28 11:56:00,2011-06
14352,United Kingdom,157,4,1078.96,3,3,3,9,Potential Loyalists,True,2011-03-11 14:58:00,2011-07-05 15:41:00,2011-03
14353,United Kingdom,215,3,376.5,2,3,2,7,At Risk,True,2010-10-04 12:38:00,2011-05-08 16:06:00,2010-10
14354,United Kingdom,6,2,163.62,5,2,1,8,New Customers,False,2011-11-09 15:36:00,2011-12-04 11:32:00,2011-11
14355,United Kingdom,366,3,840.0500000000001,2,3,3,8,At Risk,True,2010-03-22 15:08:00,2010-12-09 12:16:00,2010-03
14356,United Kingdom,80,2,701.23,3,2,3,8,Needs Attention,False,2011-09-19 14:43:00,2011-09-21 09:18:00,2011-09
14357,United Kingdom,43,1,225.12,4,1,1,6,New Customers,False,2011-10-27 16:23:00,2011-10-27 16:23:00,2011-10
14358,United Kingdom,389,2,400.06,2,2,2,6,Lost,True,2010-10-07 17:26:00,2010-11-15 15:51:00,2010-10
14359,United Kingdom,19,3,912.1800000000001,5,3,3,11,Loyal Customers,False,2011-09-13 09:03:00,2011-11-20 13:17:00,2011-09
14360,United Kingdom,32,4,2118.03,4,3,4,11,Loyal Customers,False,2011-09-06 11:58:00,2011-11-08 09:12:00,2011-09
14361,United Kingdom,579,1,214.71,1,1,1,3,Lost,True,2010-05-10 12:29:00,2010-05-10 12:29:00,2010-05
14362,United Kingdom,22,1,151.5,4,1,1,6,New Customers,False,2011-11-17 15:08:00,2011-11-17 15:08:00,2011-11
14363,United Kingdom,402,2,227.47000000000003,2,2,1,5,Lost,True,2010-09-14 14:39:00,2010-11-02 17:01:00,2010-09
14364,United Kingdom,109,8,3717.35,3,4,5,12,Potential Loyalists,True,2011-05-12 12:56:00,2011-08-23 11:01:00,2011-05
14365,United Kingdom,395,2,634.68,2,2,3,7,Lost,True,2010-01-27 09:44:00,2010-11-10 09:52:00,2010-01
14366,United Kingdom,525,1,136.0,1,1,1,3,Lost,True,2010-07-02 17:23:00,2010-07-02 17:23:00,2010-07
14367,United Kingdom,8,16,9227.82,5,5,5,15,Champions,False,2011-03-08 14:12:00,2011-12-01 13:19:00,2011-03
14368,United Kingdom,320,1,155.0,2,1,1,4,Lost,True,2011-01-24 09:52:00,2011-01-24 09:52:00,2011-01
14369,United Kingdom,642,2,469.13,1,2,2,5,Lost,True,2010-02-16 10:28:00,2010-03-07 15:47:00,2010-02
14370,United Kingdom,451,6,1175.78,1,4,3,8,At Risk,True,2010-02-01 08:35:00,2010-09-15 10:53:00,2010-02
14371,United Kingdom,295,1,100.5,2,1,1,4,Lost,True,2011-02-17 16:35:00,2011-02-17 16:35:00,2011-02
14372,United Kingdom,443,2,860.08,1,2,3,6,Lost,True,2010-04-19 15:57:00,2010-09-22 16:17:00,2010-04
14373,United Kingdom,358,1,76.55,2,1,1,4,Lost,True,2010-12-16 15:40:00,2010-12-16 15:40:00,2010-12
14374,United Kingdom,541,1,108.0,1,1,1,3,Lost,True,2010-06-16 14:25:00,2010-06-16 14:25:00,2010-06
14375,United Kingdom,185,3,1106.82,3,3,3,9,Potential Loyalists,True,2010-06-16 14:34:00,2011-06-07 13:44:00,2010-06
14376,United Kingdom,683,1,215.46,1,1,1,3,Lost,True,2010-01-25 15:36:00,2010-01-25 15:36:00,2010-01
14377,United Kingdom,191,2,617.05,2,2,3,7,Lost,True,2011-03-22 13:38:00,2011-06-01 13:32:00,2011-03
14378,United Kingdom,622,1,131.25,1,1,1,3,Lost,True,2010-03-28 12:22:00,2010-03-28 12:22:00,2010-03
14379,United Kingdom,44,4,1265.16,4,3,4,11,Loyal Customers,False,2010-08-16 15:31:00,2011-10-26 16:43:00,2010-08
14381,United Kingdom,52,2,625.94,4,2,3,9,New Customers,False,2010-09-14 16:15:00,2011-10-18 17:10:00,2010-09
14382,United Kingdom,26,2,1193.6299999999999,4,2,3,9,New Customers,False,2010-11-14 16:32:00,2011-11-13 16:18:00,2010-11
14383,United Kingdom,38,3,1247.69,4,3,4,11,Loyal Customers,False,2011-06-29 10:18:00,2011-11-01 15:53:00,2011-06
14384,United Kingdom,501,1,58.5,1,1,1,3,Lost,True,2010-07-27 09:53:00,2010-07-27 09:53:00,2010-07
14385,United Kingdom,9,3,202.10999999999999,5,3,1,9,Loyal Customers,False,2011-11-16 11:55:00,2011-11-30 15:36:00,2011-11
14386,United Kingdom,297,1,142.4,2,1,1,4,Lost,True,2011-02-16 09:45:00,2011-02-16 09:45:00,2011-02
14387,United Kingdom,33,3,1727.6,4,3,4,11,Loyal Customers,False,2011-08-22 14:13:00,2011-11-07 12:29:00,2011-08
14388,United Kingdom,10,16,6388.2,5,5,5,15,Champions,False,2010-01-20 11:54:00,2011-11-29 13:32:00,2010-01
14389,United Kingdom,65,5,1898.01,3,4,4,11,Potential Loyalists,False,2010-04-28 14:57:00,2011-10-05 15:17:00,2010-04
14390,United Kingdom,10,13,6150.03,5,5,5,15,Champions,False,2010-10-10 14:30:00,2011-11-29 13:49:00,2010-10
14391,United Kingdom,577,1,135.6,1,1,1,3,Lost,True,2010-05-12 09:42:00,2010-05-12 09:42:00,2010-05
14392,United Kingdom,432,1,266.4,1,1,1,3,Lost,True,2010-10-03 12:56:00,2010-10-03 12:56:00,2010-10
14393,United Kingdom,218,1,67.95,2,1,1,4,Lost,True,2011-05-05 18:16:00,2011-05-05 18:16:00,2011-05
14394,United Kingdom,565,1,93.8,1,1,1,3,Lost,True,2010-05-24 10:43:00,2010-05-24 10:43:00,2010-05
14395,United Kingdom,2,20,7801.93,5,5,5,15,Champions,False,2010-04-18 13:12:00,2011-12-07 14:34:00,2010-04
14396,United Kingdom,65,7,1969.38,3,4,4,11,Potential Loyalists,False,2009-12-02 14:21:00,2011-10-05 16:09:00,2009-12
14397,United Kingdom,3,19,2612.96,5,5,4,14,Champions,False,2011-05-10 12:25:00,2011-12-07 09:22:00,2011-05
14398,United Kingdom,401,2,707.79,2,2,3,7,Lost,True,2010-06-30 11:57:00,2010-11-03 13:46:00,2010-06
14399,United Kingdom,394,8,2108.21,2,4,4,10,At Risk,True,2010-02-03 13:09:00,2010-11-10 13:23:00,2010-02
14400,United Kingdom,149,3,1732.47,3,3,4,10,Potential Loyalists,True,2010-03-18 12:11:00,2011-07-13 15:50:00,2010-03
14401,United Kingdom,4,22,6795.9,5,5,5,15,Champions,False,2009-12-14 13:22:00,2011-12-05 13:30:00,2009-12
14402,United Kingdom,652,1,285.6,1,1,2,4,Lost,True,2010-02-25 13:20:00,2010-02-25 13:20:00,2010-02
14403,United Kingdom,130,6,1880.51,3,4,4,11,Potential Loyalists,True,2010-03-10 14:00:00,2011-08-01 12:57:00,2010-03
14404,United Kingdom,34,13,2724.13,4,5,4,13,Champions,False,2009-12-20 14:40:00,2011-11-06 12:30:00,2009-12
14405,United Kingdom,387,1,195.0,2,1,1,4,Lost,True,2010-11-18 11:40:00,2010-11-18 11:40:00,2010-11
14406,United Kingdom,119,1,156.75,3,1,1,5,Needs Attention,True,2011-08-12 16:54:00,2011-08-12 16:54:00,2011-08
14407,United Kingdom,107,5,2142.73,3,4,4,11,Potential Loyalists,True,2011-03-08 11:59:00,2011-08-24 14:02:00,2011-03
14408,United Kingdom,11,11,4102.27,5,5,5,15,Champions,False,2009-12-07 12:18:00,2011-11-29 11:41:00,2009-12
14409,United Kingdom,71,9,3427.29,3,5,5,13,Potential Loyalists,False,2010-05-21 16:45:00,2011-09-29 18:18:00,2010-05
14410,United Kingdom,92,11,2630.9,3,5,4,12,Potential Loyalists,True,2010-09-28 15:46:00,2011-09-08 15:08:00,2010-09
14411,United Kingdom,311,1,1063.0,2,1,3,6,Lost,True,2011-02-02 10:56:00,2011-02-02 10:56:00,2011-02
14412,United Kingdom,43,3,1426.19,4,3,4,11,Loyal Customers,False,2010-10-11 12:33:00,2011-10-28 10:45:00,2010-10
14413,United Kingdom,362,3,421.72,2,3,2,7,At Risk,True,2010-01-19 14:27:00,2010-12-12 13:37:00,2010-01
14414,United Kingdom,92,8,2399.33,3,4,4,11,Potential Loyalists,True,2010-11-30 10:12:00,2011-09-09 12:09:00,2010-11
14415,United Kingdom,1,23,11980.09,5,5,5,15,Champions,False,2009-12-16 14:08:00,2011-12-08 14:38:00,2009-12
14416,United Kingdom,22,2,490.22,4,2,2,8,New Customers,False,2011-10-28 15:10:00,2011-11-17 15:22:00,2011-10
14417,United Kingdom,388,1,524.65,2,1,2,5,Lost,True,2010-11-17 10:55:00,2010-11-17 10:55:00,2010-11
14418,United Kingdom,4,3,1937.25,5,3,4,12,Loyal Customers,False,2011-08-23 17:18:00,2011-12-06 11:39:00,2011-08
14419,United Kingdom,11,7,1254.64,5,4,4,13,Champions,False,2010-11-22 11:09:00,2011-11-29 11:22:00,2010-11
14420,United Kingdom,99,4,1639.17,3,3,4,10,Potential Loyalists,True,2010-01-17 12:41:00,2011-09-01 18:07:00,2010-01
14421,United Kingdom,57,6,2469.37,4,4,4,12,Champions,False,2010-01-17 11:30:00,2011-10-13 13:24:00,2010-01
14422,United Kingdom,1,19,10271.52,5,5,5,15,Champions,False,2009-12-17 12:12:00,2011-12-09 11:26:00,2009-12
14423,United Kingdom,218,3,916.61,2,3,3,8,At Risk,True,2010-01-14 11:49:00,2011-05-05 15:12:00,2010-01
14424,United Kingdom,18,1,322.08,5,1,2,8,New Customers,False,2011-11-22 11:48:00,2011-11-22 11:48:00,2011-11
14425,United Kingdom,435,3,661.39,1,3,3,7,At Risk,True,2009-12-02 11:31:00,2010-10-01 10:24:00,2009-12
14426,United Kingdom,24,17,11727.94,4,5,5,14,Champions,False,2010-03-04 14:36:00,2011-11-16 12:25:00,2010-03
14427,United Kingdom,50,4,1263.52,4,3,4,11,Loyal Customers,False,2010-03-18 09:49:00,2011-10-20 14:23:00,2010-03
14428,United Kingdom,7,5,1224.06,5,4,4,13,Champions,False,2011-01-18 16:39:00,2011-12-02 13:17:00,2011-01
14429,United Kingdom,404,1,516.28,2,1,2,5,Lost,True,2010-11-01 10:08:00,2010-11-01 10:08:00,2010-11
14430,United Kingdom,512,3,1220.9,1,3,4,8,At Risk,True,2010-04-11 15:59:00,2010-07-16 11:35:00,2010-04
14431,United Kingdom,303,4,2614.2,2,3,4,9,At Risk,True,2010-01-21 10:49:00,2011-02-10 10:40:00,2010-01
14432,United Kingdom,10,6,2248.5,5,4,4,13,Champions,False,2011-09-11 14:09:00,2011-11-30 08:04:00,2011-09
14433,United Kingdom,466,1,280.7,1,1,1,3,Lost,True,2010-08-31 12:35:00,2010-08-31 12:35:00,2010-08
14434,United Kingdom,22,6,1372.8,4,4,4,12,Champions,False,2011-09-28 15:31:00,2011-11-18 08:56:00,2011-09
14435,United Kingdom,502,1,90.42,1,1,1,3,Lost,True,2010-07-26 12:33:00,2010-07-26 12:33:00,2010-07
14436,United Kingdom,99,2,271.7,3,2,1,6,Needs Attention,True,2010-06-04 11:32:00,2011-09-02 10:13:00,2010-06
14437,United Kingdom,366,5,873.34,2,4,3,9,At Risk,True,2010-05-05 12:20:00,2010-12-09 09:27:00,2010-05
14438,United Kingdom,306,1,131.9,2,1,1,4,Lost,True,2011-02-06 14:56:00,2011-02-06 14:56:00,2011-02
14439,Greece,320,5,9443.04,2,4,5,11,At Risk,True,2010-01-21 14:01:00,2011-01-24 11:39:00,2010-01
14440,United Kingdom,8,13,5982.03,5,5,5,15,Champions,False,2009-12-02 12:13:00,2011-12-01 15:42:00,2009-12
14441,United Kingdom,1,11,4611.6900000000005,5,5,5,15,Champions,False,2010-01-18 10:40:00,2011-12-09 09:07:00,2010-01
14442,Channel Islands,205,7,5367.02,2,4,5,11,At Risk,True,2010-01-18 12:59:00,2011-05-19 11:36:00,2010-01
14443,United Kingdom,54,5,2082.9700000000003,4,4,4,12,Champions,False,2010-11-25 14:18:00,2011-10-17 10:10:00,2010-11
14444,United Kingdom,456,1,120.44,1,1,1,3,Lost,True,2010-09-09 18:56:00,2010-09-09 18:56:00,2010-09
14445,United Kingdom,456,1,221.65,1,1,1,3,Lost,True,2010-09-10 11:09:00,2010-09-10 11:09:00,2010-09
14446,United Kingdom,1,5,1195.48,5,4,3,12,Loyal Customers,False,2010-11-18 12:08:00,2011-12-09 11:34:00,2010-11
14447,United Kingdom,19,6,1711.73,5,4,4,13,Champions,False,2010-11-04 13:32:00,2011-11-21 08:28:00,2010-11
14448,United Kingdom,9,2,375.35,5,2,2,9,New Customers,False,2010-12-10 17:26:00,2011-11-30 13:50:00,2010-12
14449,United Kingdom,19,8,2230.96,5,4,4,13,Champions,False,2010-09-29 13:15:00,2011-11-21 12:06:00,2010-09
14450,United Kingdom,181,7,1128.44,3,4,3,10,Potential Loyalists,True,2010-04-08 12:09:00,2011-06-12 10:46:00,2010-04
14451,United Kingdom,60,12,3258.68,3,5,5,13,Potential Loyalists,False,2010-01-17 10:35:00,2011-10-10 13:38:00,2010-01
14452,United Kingdom,11,4,658.95,5,3,3,11,Loyal Customers,False,2010-07-06 13:13:00,2011-11-29 12:06:00,2010-07
14453,United Kingdom,190,1,119.93,2,1,1,4,Lost,True,2011-06-02 14:15:00,2011-06-02 14:15:00,2011-06
14454,United Kingdom,376,5,977.3000000000001,2,4,3,9,At Risk,True,2009-12-06 12:56:00,2010-11-28 13:26:00,2009-12
14455,United Kingdom,432,4,617.72,1,3,3,7,At Risk,True,2010-08-01 13:26:00,2010-10-03 15:48:00,2010-08
14456,United Kingdom,5,9,3014.32,5,5,5,15,Champions,False,2011-07-20 13:06:00,2011-12-04 13:59:00,2011-07
14457,United Kingdom,311,1,113.64,2,1,1,4,Lost,True,2011-02-02 09:39:00,2011-02-02 09:39:00,2011-02
14458,United Kingdom,381,1,219.26999999999998,2,1,1,4,Lost,True,2010-11-24 12:43:00,2010-11-24 12:43:00,2010-11
14459,United Kingdom,155,2,5375.74,3,2,5,10,Needs Attention,True,2010-02-26 13:26:00,2011-07-07 13:35:00,2010-02
14460,United Kingdom,110,9,1093.5,3,5,3,11,Potential Loyalists,True,2009-12-15 19:06:00,2011-08-21 14:19:00,2009-12
14461,United Kingdom,148,13,6676.52,3,5,5,13,Potential Loyalists,True,2010-01-18 12:48:00,2011-07-14 17:11:00,2010-01
14462,United Kingdom,66,12,2237.81,3,5,4,12,Potential Loyalists,False,2010-10-03 14:13:00,2011-10-04 15:55:00,2010-10
14463,United Kingdom,98,4,786.5699999999999,3,3,3,9,Potential Loyalists,True,2010-07-28 11:35:00,2011-09-02 15:20:00,2010-07
14464,United Kingdom,568,2,111.0,1,2,1,4,Lost,True,2010-03-22 15:20:00,2010-05-20 18:00:00,2010-03
14465,United Kingdom,247,11,3925.85,2,5,5,12,At Risk,True,2010-01-07 15:03:00,2011-04-07 12:38:00,2010-01
14466,United Kingdom,29,13,4267.15,4,5,5,14,Champions,False,2009-12-13 15:44:00,2011-11-10 14:07:00,2009-12
14467,United Kingdom,18,12,2203.2400000000002,5,5,4,14,Champions,False,2009-12-02 12:44:00,2011-11-22 12:48:00,2009-12
14468,United Kingdom,734,1,204.24,1,1,1,3,Lost,True,2009-12-06 12:21:00,2009-12-06 12:21:00,2009-12
14469,United Kingdom,416,4,2093.46,1,3,4,8,At Risk,True,2010-01-29 11:12:00,2010-10-19 14:30:00,2010-01
14470,United Kingdom,12,3,712.04,5,3,3,11,Loyal Customers,False,2010-10-05 12:39:00,2011-11-28 10:31:00,2010-10
14471,United Kingdom,591,2,400.95,1,2,2,5,Lost,True,2009-12-07 12:26:00,2010-04-27 17:12:00,2009-12
14472,United Kingdom,104,9,2118.72,3,5,4,12,Potential Loyalists,True,2010-01-19 13:09:00,2011-08-28 11:01:00,2010-01
14473,United Kingdom,74,2,234.34,3,2,1,6,Needs Attention,False,2011-03-02 13:56:00,2011-09-26 15:10:00,2011-03
14474,United Kingdom,46,2,1258.89,4,2,4,10,New Customers,False,2010-05-09 12:12:00,2011-10-24 13:26:00,2010-05
14475,United Kingdom,72,4,1151.15,3,3,3,9,Potential Loyalists,False,2010-10-27 09:20:00,2011-09-29 10:46:00,2010-10
14476,United Kingdom,257,1,193.0,2,1,1,4,Lost,True,2011-03-27 15:39:00,2011-03-27 15:39:00,2011-03
14477,United Kingdom,20,7,1969.6,4,4,4,12,Champions,False,2010-01-04 15:41:00,2011-11-20 11:11:00,2010-01
14478,United Kingdom,382,4,1276.66,2,3,4,9,At Risk,True,2009-12-01 13:20:00,2010-11-22 15:29:00,2009-12
14479,United Kingdom,254,4,1124.71,2,3,3,8,At Risk,True,2009-12-06 13:48:00,2011-03-31 09:07:00,2009-12
14480,United Kingdom,11,4,1299.52,5,3,4,12,Loyal Customers,False,2009-12-21 16:32:00,2011-11-28 16:35:00,2009-12
14481,United Kingdom,165,5,2284.69,3,4,4,11,Potential Loyalists,True,2010-01-31 12:43:00,2011-06-28 10:38:00,2010-01
14482,United Kingdom,18,12,4306.72,5,5,5,15,Champions,False,2010-08-26 14:13:00,2011-11-21 13:14:00,2010-08
14483,United Kingdom,282,2,257.1,2,2,1,5,Lost,True,2009-12-03 10:16:00,2011-03-03 10:26:00,2009-12
14484,United Kingdom,50,4,1070.98,4,3,3,10,Loyal Customers,False,2009-12-17 10:57:00,2011-10-20 14:11:00,2009-12
14485,United Kingdom,39,1,162.8,4,1,1,6,New Customers,False,2011-11-01 12:25:00,2011-11-01 12:25:00,2011-11
14486,United Kingdom,512,2,175.5,1,2,1,4,Lost,True,2010-06-04 10:30:00,2010-07-16 09:42:00,2010-06
14487,United Kingdom,27,7,1266.27,4,4,4,12,Champions,False,2010-11-25 13:36:00,2011-11-13 12:17:00,2010-11
14488,United Kingdom,68,1,1064.28,3,1,3,7,Needs Attention,False,2011-10-03 09:30:00,2011-10-03 09:30:00,2011-10
14489,United Kingdom,207,4,1574.93,2,3,4,9,At Risk,True,2010-04-06 09:52:00,2011-05-16 14:51:00,2010-04
14490,United Kingdom,406,2,1273.47,2,2,4,8,Cant Lose Them,True,2010-10-07 11:36:00,2010-10-29 15:04:00,2010-10
14491,United Kingdom,175,2,340.93,3,2,2,7,Needs Attention,True,2010-12-02 12:10:00,2011-06-17 15:22:00,2010-12
14492,United Kingdom,430,7,1921.91,1,4,4,9,At Risk,True,2010-03-30 14:23:00,2010-10-05 13:21:00,2010-03
14493,United Kingdom,7,10,5087.86,5,5,5,15,Champions,False,2010-03-08 08:33:00,2011-12-02 16:14:00,2010-03
14494,United Kingdom,26,3,401.46,4,3,2,9,Loyal Customers,False,2009-12-08 13:25:00,2011-11-14 09:21:00,2009-12
14495,United Kingdom,51,3,174.8,4,3,1,8,Loyal Customers,False,2010-02-18 08:49:00,2011-10-20 12:28:00,2010-02
14496,United Kingdom,312,7,2363.89,2,4,4,10,At Risk,True,2010-03-16 13:15:00,2011-02-01 09:01:00,2010-03
14497,United Kingdom,309,2,697.0600000000001,2,2,3,7,Lost,True,2010-02-04 09:59:00,2011-02-03 17:01:00,2010-02
14498,United Kingdom,43,10,3900.83,4,5,5,14,Champions,False,2010-06-07 16:05:00,2011-10-28 12:09:00,2010-06
14499,United Kingdom,26,7,2101.79,4,4,4,12,Champions,False,2010-08-27 11:57:00,2011-11-13 13:01:00,2010-08
14500,United Kingdom,88,3,356.85,3,3,2,8,Potential Loyalists,False,2011-06-03 10:08:00,2011-09-12 16:45:00,2011-06
14501,United Kingdom,184,2,251.21,3,2,1,6,Needs Attention,True,2011-01-24 10:43:00,2011-06-09 12:02:00,2011-01
14502,United Kingdom,20,11,2426.79,4,5,4,13,Champions,False,2011-01-30 15:52:00,2011-11-20 11:50:00,2011-01
14503,United Kingdom,3,6,3543.26,5,4,5,14,Champions,False,2011-06-14 10:00:00,2011-12-06 13:30:00,2011-06
14504,United Kingdom,47,4,673.26,4,3,3,10,Loyal Customers,False,2011-03-06 14:38:00,2011-10-23 16:00:00,2011-03
14505,United Kingdom,17,19,11873.08,5,5,5,15,Champions,False,2009-12-09 14:48:00,2011-11-22 15:45:00,2009-12
14506,United Kingdom,17,7,2960.25,5,4,5,14,Champions,False,2010-04-19 08:27:00,2011-11-22 13:02:00,2010-04
14507,United Kingdom,24,11,3216.7400000000002,4,5,5,14,Champions,False,2009-12-10 17:04:00,2011-11-16 12:21:00,2009-12
14508,United Kingdom,22,5,822.92,4,4,3,11,Loyal Customers,False,2010-06-17 13:02:00,2011-11-17 19:48:00,2010-06
14509,United Kingdom,534,1,110.95,1,1,1,3,Lost,True,2010-06-23 13:21:00,2010-06-23 13:21:00,2010-06
14510,United Kingdom,376,3,979.85,2,3,3,8,At Risk,True,2010-09-29 13:35:00,2010-11-29 12:46:00,2010-09
14511,United Kingdom,11,5,1314.81,5,4,4,13,Champions,False,2011-07-29 12:13:00,2011-11-28 17:05:00,2011-07
14512,United Kingdom,188,7,1215.97,2,4,4,10,At Risk,True,2009-12-07 13:49:00,2011-06-05 12:39:00,2009-12
14513,United Kingdom,101,6,788.01,3,4,3,10,Potential Loyalists,True,2010-05-20 17:57:00,2011-08-31 11:25:00,2010-05
14514,United Kingdom,61,9,4380.04,3,5,5,13,Potential Loyalists,False,2009-12-13 13:21:00,2011-10-09 16:05:00,2009-12
14515,United Kingdom,18,12,3724.06,5,5,5,15,Champions,False,2010-06-07 12:37:00,2011-11-22 11:37:00,2010-06
14516,United Kingdom,516,1,151.17,1,1,1,3,Lost,True,2010-07-11 14:07:00,2010-07-11 14:07:00,2010-07
14517,United Kingdom,33,2,330.45,4,2,2,8,New Customers,False,2011-07-21 11:42:00,2011-11-06 14:20:00,2011-07
14518,United Kingdom,64,1,174.37,3,1,1,5,Needs Attention,False,2011-10-06 14:43:00,2011-10-06 14:43:00,2011-10
14519,United Kingdom,684,2,203.14,1,2,1,4,Lost,True,2009-12-11 10:40:00,2010-01-25 11:18:00,2009-12
14520,United Kingdom,2,2,270.6,5,2,1,8,New Customers,False,2011-02-22 09:15:00,2011-12-08 09:46:00,2011-02
14521,United Kingdom,491,1,199.45000000000002,1,1,1,3,Lost,True,2010-08-05 16:35:00,2010-08-05 16:35:00,2010-08
14522,United Kingdom,24,8,1748.42,4,4,4,12,Champions,False,2010-01-24 13:55:00,2011-11-15 13:24:00,2010-01
14523,United Kingdom,108,1,241.09,3,1,1,5,Needs Attention,True,2011-08-23 13:13:00,2011-08-23 13:13:00,2011-08
14524,United Kingdom,32,13,2909.86,4,5,5,14,Champions,False,2010-10-19 11:44:00,2011-11-08 12:29:00,2010-10
14525,United Kingdom,20,17,8018.59,4,5,5,14,Champions,False,2009-12-13 14:01:00,2011-11-20 11:37:00,2009-12
14526,United Kingdom,389,1,258.65,2,1,1,4,Lost,True,2010-11-15 13:32:00,2010-11-15 13:32:00,2010-11
14527,United Kingdom,3,121,27191.1,5,5,5,15,Champions,False,2009-12-02 12:06:00,2011-12-07 12:19:00,2009-12
14528,United Kingdom,37,1,364.21999999999997,4,1,2,7,New Customers,False,2011-11-02 17:09:00,2011-11-02 17:09:00,2011-11
14529,United Kingdom,60,3,578.61,3,3,2,8,Potential Loyalists,False,2011-08-21 14:10:00,2011-10-10 15:27:00,2011-08
14530,United Kingdom,26,16,6088.87,4,5,5,14,Champions,False,2010-01-21 11:25:00,2011-11-14 10:38:00,2010-01
14531,United Kingdom,480,1,376.34,1,1,2,4,Lost,True,2010-08-17 10:16:00,2010-08-17 10:16:00,2010-08
14532,United Kingdom,236,11,3845.78,2,5,5,12,At Risk,True,2010-01-10 11:47:00,2011-04-17 13:05:00,2010-01
14533,United Kingdom,25,11,3466.37,4,5,5,14,Champions,False,2010-04-08 12:13:00,2011-11-15 12:05:00,2010-04
14534,United Kingdom,3,26,6183.06,5,5,5,15,Champions,False,2010-03-15 14:16:00,2011-12-07 12:19:00,2010-03
14535,United Kingdom,60,9,5961.89,3,5,5,13,Potential Loyalists,False,2010-02-24 15:03:00,2011-10-10 15:39:00,2010-02
14536,United Kingdom,260,1,170.95,2,1,1,4,Lost,True,2011-03-25 12:21:00,2011-03-25 12:21:00,2011-03
14537,United Kingdom,58,2,641.4,4,2,3,9,New Customers,False,2010-03-26 13:44:00,2011-10-13 10:54:00,2010-03
14538,United Kingdom,65,5,1370.8400000000001,3,4,4,11,Potential Loyalists,False,2010-01-25 15:42:00,2011-10-06 10:31:00,2010-01
14539,United Kingdom,16,2,537.48,5,2,2,9,New Customers,False,2011-10-26 12:03:00,2011-11-24 09:50:00,2011-10
14540,United Kingdom,10,11,3709.64,5,5,5,15,Champions,False,2009-12-07 13:00:00,2011-11-30 10:15:00,2009-12
14541,United Kingdom,59,14,2491.38,4,5,4,13,Champions,False,2010-01-07 11:59:00,2011-10-12 10:08:00,2010-01
14542,United Kingdom,186,1,103.25,3,1,1,5,Needs Attention,True,2011-06-07 08:19:00,2011-06-07 08:19:00,2011-06
14543,United Kingdom,29,39,14548.22,4,5,5,14,Champions,False,2009-12-01 13:47:00,2011-11-11 12:45:00,2009-12
14544,United Kingdom,24,3,2938.53,4,3,5,12,Loyal Customers,False,2010-08-26 16:00:00,2011-11-15 15:06:00,2010-08
14545,United Kingdom,674,1,349.25,1,1,2,4,Lost,True,2010-02-03 15:23:00,2010-02-03 15:23:00,2010-02
14546,United Kingdom,5,11,5184.84,5,5,5,15,Champions,False,2009-12-06 13:10:00,2011-12-04 13:00:00,2009-12
14547,United Kingdom,4,8,3974.75,5,4,5,14,Champions,False,2011-10-16 14:35:00,2011-12-06 11:06:00,2011-10
14548,United Kingdom,151,9,2541.29,3,5,4,12,Potential Loyalists,True,2009-12-06 14:00:00,2011-07-12 12:19:00,2009-12
14549,United Kingdom,311,4,913.6,2,3,3,8,At Risk,True,2009-12-02 14:06:00,2011-02-01 13:47:00,2009-12
14550,United Kingdom,11,4,1345.06,5,3,4,12,Loyal Customers,False,2010-08-13 12:05:00,2011-11-29 12:12:00,2010-08
14551,United Kingdom,18,7,878.09,5,4,3,12,Loyal Customers,False,2010-01-27 12:06:00,2011-11-21 13:36:00,2010-01
14552,United Kingdom,152,3,507.93,3,3,2,8,Potential Loyalists,True,2010-04-26 13:44:00,2011-07-11 12:49:00,2010-04
14553,United Kingdom,19,9,1818.6,5,5,4,14,Champions,False,2010-07-18 12:07:00,2011-11-20 13:20:00,2010-07
14554,United Kingdom,10,4,2279.4900000000002,5,3,4,12,Loyal Customers,False,2011-10-18 13:04:00,2011-11-29 16:44:00,2011-10
14555,United Kingdom,57,6,2304.03,4,4,4,12,Champions,False,2009-12-18 11:39:00,2011-10-13 16:24:00,2009-12
14556,United Kingdom,596,3,815.69,1,3,3,7,At Risk,True,2010-01-20 11:49:00,2010-04-22 14:57:00,2010-01
14557,United Kingdom,85,1,788.38,3,1,3,7,Needs Attention,False,2011-09-15 15:48:00,2011-09-15 15:48:00,2011-09
14558,United Kingdom,654,3,655.5,1,3,3,7,At Risk,True,2009-12-08 10:41:00,2010-02-23 12:51:00,2009-12
14559,United Kingdom,390,1,75.6,2,1,1,4,Lost,True,2010-11-14 16:05:00,2010-11-14 16:05:00,2010-11
14560,United Kingdom,7,44,6114.03,5,5,5,15,Champions,False,2009-12-02 10:15:00,2011-12-02 15:22:00,2009-12
14561,United Kingdom,76,3,1080.76,3,3,3,9,Potential Loyalists,False,2011-06-08 13:26:00,2011-09-25 12:39:00,2011-06
14562,United Kingdom,4,26,6638.150000000001,5,5,5,15,Champions,False,2010-02-07 14:10:00,2011-12-06 11:05:00,2010-02
14563,United Kingdom,510,2,625.42,1,2,3,6,Lost,True,2010-04-26 12:51:00,2010-07-18 12:01:00,2010-04
14564,Channel Islands,435,2,2605.62,1,2,4,7,Cant Lose Them,True,2009-12-04 09:27:00,2010-10-01 09:02:00,2009-12
14565,United Kingdom,96,5,3709.2200000000003,3,4,5,12,Potential Loyalists,True,2010-08-23 09:48:00,2011-09-05 09:07:00,2010-08
14566,Channel Islands,111,4,4092.0,3,3,5,11,Potential Loyalists,True,2010-06-24 10:34:00,2011-08-21 11:05:00,2010-06
14567,United Kingdom,57,2,1530.3600000000001,4,2,4,10,New Customers,False,2011-08-01 13:48:00,2011-10-14 10:21:00,2011-08
14568,Channel Islands,435,1,919.7,1,1,3,5,Lost,True,2010-09-30 17:15:00,2010-09-30 17:15:00,2010-09
14569,United Kingdom,1,4,597.33,5,3,2,10,Loyal Customers,False,2010-04-15 11:49:00,2011-12-08 14:58:00,2010-04
14570,United Kingdom,281,3,512.4,2,3,2,7,At Risk,True,2010-09-22 13:07:00,2011-03-04 10:58:00,2010-09
14571,United Kingdom,425,1,160.0,1,1,1,3,Lost,True,2010-10-10 15:06:00,2010-10-10 15:06:00,2010-10
14572,United Kingdom,3,11,5520.9800000000005,5,5,5,15,Champions,False,2010-03-28 13:47:00,2011-12-06 14:40:00,2010-03
14573,United Kingdom,180,13,2163.12,3,5,4,12,Potential Loyalists,True,2010-01-08 16:34:00,2011-06-13 11:15:00,2010-01
14574,United Kingdom,733,1,143.70000000000002,1,1,1,3,Lost,True,2009-12-07 12:42:00,2009-12-07 12:42:00,2009-12
14575,United Kingdom,488,1,420.22,1,1,2,4,Lost,True,2010-08-08 14:51:00,2010-08-08 14:51:00,2010-08
14576,United Kingdom,372,1,35.400000000000006,2,1,1,4,Lost,True,2010-12-02 17:51:00,2010-12-02 17:51:00,2010-12
14577,United Kingdom,13,7,1364.15,5,4,4,13,Champions,False,2009-12-11 12:09:00,2011-11-27 12:47:00,2009-12
14578,United Kingdom,3,1,168.63,5,1,1,7,New Customers,False,2011-12-06 17:18:00,2011-12-06 17:18:00,2011-12
14579,United Kingdom,432,1,105.56,1,1,1,3,Lost,True,2010-10-03 14:36:00,2010-10-03 14:36:00,2010-10
14580,United Kingdom,518,1,14.85,1,1,1,3,Lost,True,2010-07-09 15:20:00,2010-07-09 15:20:00,2010-07
14581,United Kingdom,17,2,409.65,5,2,2,9,New Customers,False,2010-06-13 15:48:00,2011-11-23 12:39:00,2010-06
14582,United Kingdom,41,1,114.11,4,1,1,6,New Customers,False,2011-10-30 11:56:00,2011-10-30 11:56:00,2011-10
14583,United Kingdom,6,8,1660.29,5,4,4,13,Champions,False,2010-03-28 15:16:00,2011-12-04 12:32:00,2010-03
14584,United Kingdom,169,8,1738.16,3,4,4,11,Potential Loyalists,True,2010-02-17 14:01:00,2011-06-23 18:33:00,2010-02
14585,United Kingdom,50,5,1143.27,4,4,3,11,Loyal Customers,False,2010-10-19 12:17:00,2011-10-20 14:33:00,2010-10
14586,United Kingdom,277,1,237.35999999999999,2,1,1,4,Lost,True,2011-03-08 10:04:00,2011-03-08 10:04:00,2011-03
14587,United Kingdom,19,9,1580.29,5,5,4,14,Champions,False,2011-01-12 13:16:00,2011-11-21 11:34:00,2011-01
14588,United Kingdom,578,1,135.39,1,1,1,3,Lost,True,2010-05-10 15:08:00,2010-05-10 15:08:00,2010-05
14589,United Kingdom,372,1,39.75,2,1,1,4,Lost,True,2010-12-03 11:42:00,2010-12-03 11:42:00,2010-12
14590,United Kingdom,425,20,2993.37,1,5,5,11,At Risk,True,2009-12-07 14:10:00,2010-10-11 12:06:00,2009-12
14591,United Kingdom,15,4,1320.21,5,3,4,12,Loyal Customers,False,2011-05-10 14:09:00,2011-11-24 13:57:00,2011-05
14592,United Kingdom,35,3,557.94,4,3,2,9,Loyal Customers,False,2011-10-06 18:08:00,2011-11-04 16:35:00,2011-10
14593,United Kingdom,22,12,3658.03,4,5,5,14,Champions,False,2009-12-09 12:57:00,2011-11-18 12:48:00,2009-12
14594,United Kingdom,7,2,363.33,5,2,2,9,New Customers,False,2010-12-01 13:54:00,2011-12-02 13:28:00,2010-12
14595,United Kingdom,20,8,2164.45,4,4,4,12,Champions,False,2010-01-20 13:59:00,2011-11-20 12:12:00,2010-01
14596,United Kingdom,627,1,222.22,1,1,1,3,Lost,True,2010-03-23 12:13:00,2010-03-23 12:13:00,2010-03
14597,United Kingdom,11,6,2184.63,5,4,4,13,Champions,False,2010-09-28 13:17:00,2011-11-28 13:13:00,2010-09
14598,United Kingdom,44,2,384.03999999999996,4,2,2,8,New Customers,False,2010-05-19 13:07:00,2011-10-26 13:19:00,2010-05
14599,United Kingdom,390,2,457.89,2,2,2,6,Lost,True,2010-07-18 15:54:00,2010-11-14 14:49:00,2010-07
14600,United Kingdom,306,2,865.17,2,2,3,7,Lost,True,2010-11-11 15:56:00,2011-02-07 09:48:00,2010-11
14601,United Kingdom,11,1,213.96,5,1,1,7,New Customers,False,2011-11-29 09:48:00,2011-11-29 09:48:00,2011-11
14602,United Kingdom,656,1,205.35999999999999,1,1,1,3,Lost,True,2010-02-21 15:47:00,2010-02-21 15:47:00,2010-02
14603,United Kingdom,275,1,660.0,2,1,3,6,Lost,True,2011-03-10 10:27:00,2011-03-10 10:27:00,2011-03
14604,United Kingdom,633,1,136.35999999999999,1,1,1,3,Lost,True,2010-03-16 13:00:00,2010-03-16 13:00:00,2010-03
14605,United Kingdom,374,4,920.71,2,3,3,8,At Risk,True,2009-12-08 13:59:00,2010-11-30 14:07:00,2009-12
14606,United Kingdom,1,184,29648.75,5,5,5,15,Champions,False,2009-12-03 12:40:00,2011-12-08 19:28:00,2009-12
14607,United Kingdom,16,20,22575.13,5,5,5,15,Champions,False,2009-12-15 11:25:00,2011-11-24 10:35:00,2009-12
14608,United Kingdom,4,10,3342.94,5,5,5,15,Champions,False,2009-12-06 12:34:00,2011-12-05 16:52:00,2009-12
14609,United Kingdom,72,10,1486.2,3,5,4,12,Potential Loyalists,False,2010-02-09 09:48:00,2011-09-28 12:54:00,2010-02
14610,United Kingdom,396,2,24.35,2,2,1,5,Lost,True,2010-07-13 16:06:00,2010-11-09 10:58:00,2010-07
14611,United Kingdom,444,2,604.33,1,2,3,6,Lost,True,2010-04-20 10:19:00,2010-09-22 09:19:00,2010-04
14612,United Kingdom,415,1,877.7,1,1,3,5,Lost,True,2010-10-20 16:01:00,2010-10-20 16:01:00,2010-10
14613,United Kingdom,680,1,76.32000000000001,1,1,1,3,Lost,True,2010-01-28 13:02:00,2010-01-28 13:02:00,2010-01
14614,United Kingdom,386,1,295.13,2,1,2,5,Lost,True,2010-11-18 13:04:00,2010-11-18 13:04:00,2010-11
14615,United Kingdom,394,5,951.76,2,4,3,9,At Risk,True,2010-06-09 13:59:00,2010-11-10 13:36:00,2010-06
14616,United Kingdom,243,5,527.78,2,4,2,8,At Risk,True,2010-06-09 09:42:00,2011-04-11 09:54:00,2010-06
14617,United Kingdom,403,2,190.47,2,2,1,5,Lost,True,2010-10-20 10:40:00,2010-11-02 11:41:00,2010-10
14618,United Kingdom,9,7,1342.32,5,4,4,13,Champions,False,2010-06-11 10:11:00,2011-11-30 13:45:00,2010-06
14619,United Kingdom,246,2,1291.24,2,2,4,8,Cant Lose Them,True,2010-06-16 14:41:00,2011-04-08 07:37:00,2010-06
14620,United Kingdom,206,2,412.78000000000003,2,2,2,6,Lost,True,2011-03-01 08:30:00,2011-05-18 11:58:00,2011-03
14621,United Kingdom,1,9,3000.57,5,5,5,15,Champions,False,2010-01-25 09:08:00,2011-12-08 16:22:00,2010-01
14622,United Kingdom,185,1,320.58000000000004,3,1,2,6,Needs Attention,True,2011-06-08 12:42:00,2011-06-08 12:42:00,2011-06
14623,United Kingdom,32,10,2012.3,4,5,4,13,Champions,False,2010-04-16 17:12:00,2011-11-07 13:56:00,2010-04
14624,United Kingdom,57,6,814.07,4,4,3,11,Loyal Customers,False,2010-04-14 10:44:00,2011-10-13 13:44:00,2010-04
14625,United Kingdom,196,11,4497.88,2,5,5,12,At Risk,True,2009-12-16 13:23:00,2011-05-27 15:32:00,2009-12
14626,United Kingdom,24,11,5410.92,4,5,5,14,Champions,False,2009-12-10 14:57:00,2011-11-16 10:37:00,2009-12
14627,United Kingdom,379,1,462.75,2,1,2,5,Lost,True,2010-11-25 16:32:00,2010-11-25 16:32:00,2010-11
14628,United Kingdom,91,5,1998.0,3,4,4,11,Potential Loyalists,True,2010-01-25 14:40:00,2011-09-09 14:58:00,2010-01
14629,United Kingdom,4,2,955.26,5,2,3,10,New Customers,False,2011-10-23 16:13:00,2011-12-05 16:55:00,2011-10
14630,United Kingdom,484,1,338.65,1,1,2,4,Lost,True,2010-08-12 16:38:00,2010-08-12 16:38:00,2010-08
14631,United Kingdom,51,6,2025.69,4,4,4,12,Champions,False,2010-08-09 14:45:00,2011-10-20 11:17:00,2010-08
14632,United Kingdom,263,1,114.56,2,1,1,4,Lost,True,2011-03-22 08:49:00,2011-03-22 08:49:00,2011-03
14633,United Kingdom,266,1,344.90000000000003,2,1,2,5,Lost,True,2011-03-18 17:07:00,2011-03-18 17:07:00,2011-03
14634,United Kingdom,438,4,2124.46,1,3,4,8,At Risk,True,2010-06-16 09:48:00,2010-09-28 10:40:00,2010-06
14635,United Kingdom,454,1,215.22,1,1,1,3,Lost,True,2010-09-12 10:47:00,2010-09-12 10:47:00,2010-09
14636,United Kingdom,36,2,609.85,4,2,3,9,New Customers,False,2011-03-16 09:52:00,2011-11-03 16:12:00,2011-03
14637,United Kingdom,677,1,106.68,1,1,1,3,Lost,True,2010-01-31 15:52:00,2010-01-31 15:52:00,2010-01
14638,United Kingdom,51,1,443.6,4,1,2,7,New Customers,False,2011-10-20 10:10:00,2011-10-20 10:10:00,2011-10
14639,United Kingdom,52,9,4978.96,4,5,5,14,Champions,False,2010-02-16 12:35:00,2011-10-18 15:06:00,2010-02
14640,United Kingdom,24,10,3649.36,4,5,5,14,Champions,False,2010-01-22 15:44:00,2011-11-15 13:07:00,2010-01
14641,United Kingdom,22,1,110.46000000000001,4,1,1,6,New Customers,False,2011-11-18 10:42:00,2011-11-18 10:42:00,2011-11
14642,United Kingdom,59,1,96.12,4,1,1,6,New Customers,False,2011-10-12 11:08:00,2011-10-12 11:08:00,2011-10
14643,United Kingdom,170,5,1679.89,3,4,4,11,Potential Loyalists,True,2009-12-11 11:52:00,2011-06-22 14:41:00,2009-12
14644,United Kingdom,68,7,2247.72,3,4,4,11,Potential Loyalists,False,2009-12-03 16:24:00,2011-10-03 08:30:00,2009-12
14645,United Kingdom,157,3,876.89,3,3,3,9,Potential Loyalists,True,2010-03-15 11:33:00,2011-07-06 09:15:00,2010-03
14646,Netherlands,2,145,526751.52,5,5,5,15,Champions,False,2009-12-02 16:52:00,2011-12-08 12:12:00,2009-12
14647,United Kingdom,201,2,506.04,2,2,2,6,Lost,True,2010-07-04 13:27:00,2011-05-22 13:40:00,2010-07
14648,United Kingdom,416,15,4463.39,1,5,5,11,At Risk,True,2009-12-10 13:59:00,2010-10-19 13:12:00,2009-12
14649,United Kingdom,5,9,3651.19,5,5,5,15,Champions,False,2010-01-20 13:10:00,2011-12-05 12:30:00,2010-01
14650,United Kingdom,589,1,62.5,1,1,1,3,Lost,True,2010-04-29 20:27:00,2010-04-29 20:27:00,2010-04
14651,United Kingdom,67,9,2025.52,3,5,4,12,Potential Loyalists,False,2010-03-18 11:39:00,2011-10-03 15:52:00,2010-03
14652,United Kingdom,77,1,114.18,3,1,1,5,Needs Attention,False,2011-09-23 14:21:00,2011-09-23 14:21:00,2011-09
14653,United Kingdom,1,11,3404.8,5,5,5,15,Champions,False,2009-12-02 11:51:00,2011-12-08 13:45:00,2009-12
14654,United Kingdom,738,1,246.86,1,1,1,3,Lost,True,2009-12-01 12:57:00,2009-12-01 12:57:00,2009-12
14655,United Kingdom,8,7,3878.51,5,4,5,14,Champions,False,2010-04-22 14:29:00,2011-12-01 16:28:00,2010-04
14656,United Kingdom,169,5,790.0,3,4,3,10,Potential Loyalists,True,2010-04-15 12:10:00,2011-06-23 13:51:00,2010-04
14657,United Kingdom,18,6,1450.19,5,4,4,13,Champions,False,2010-09-30 19:57:00,2011-11-22 12:47:00,2010-09
14658,United Kingdom,5,2,247.15,5,2,1,8,New Customers,False,2011-08-14 15:42:00,2011-12-04 15:35:00,2011-08
14659,United Kingdom,9,9,2529.93,5,5,4,14,Champions,False,2011-01-28 12:43:00,2011-12-01 12:17:00,2011-01
14660,United Kingdom,87,2,285.74,3,2,2,7,Needs Attention,False,2011-08-31 10:40:00,2011-09-14 11:34:00,2011-08
14661,United Kingdom,27,1,107.95,4,1,1,6,New Customers,False,2011-11-13 11:51:00,2011-11-13 11:51:00,2011-11
14662,United Kingdom,29,7,1376.43,4,4,4,12,Champions,False,2009-12-03 16:47:00,2011-11-11 12:13:00,2009-12
14663,United Kingdom,430,2,490.6,1,2,2,5,Lost,True,2010-10-05 13:12:00,2010-10-05 13:21:00,2010-10
14664,United Kingdom,20,2,636.24,4,2,3,9,New Customers,False,2011-11-06 14:56:00,2011-11-20 10:59:00,2011-11
14665,United Kingdom,61,7,2749.65,3,4,4,11,Potential Loyalists,False,2010-04-26 11:17:00,2011-10-10 09:14:00,2010-04
14666,United Kingdom,24,1,179.95,4,1,1,6,New Customers,False,2011-11-15 12:57:00,2011-11-15 12:57:00,2011-11
14667,United Kingdom,11,54,20359.59,5,5,5,15,Champions,False,2009-12-02 12:38:00,2011-11-29 11:30:00,2009-12
14668,United Kingdom,445,1,111.63,1,1,1,3,Lost,True,2010-09-20 15:03:00,2010-09-20 15:03:00,2010-09
14669,United Kingdom,242,7,3216.78,2,4,5,11,At Risk,True,2009-12-02 13:06:00,2011-04-12 11:43:00,2009-12
14670,United Kingdom,280,3,583.33,2,3,2,7,At Risk,True,2009-12-07 13:59:00,2011-03-04 14:13:00,2009-12
14671,United Kingdom,549,2,1127.45,1,2,3,6,Lost,True,2010-05-20 18:21:00,2010-06-08 13:39:00,2010-05
14672,United Kingdom,235,4,1113.14,2,3,3,8,At Risk,True,2010-01-28 11:33:00,2011-04-19 10:19:00,2010-01
14673,United Kingdom,3,7,3037.32,5,4,5,14,Champions,False,2010-10-26 10:14:00,2011-12-06 14:31:00,2010-10
14674,United Kingdom,509,1,173.66,1,1,1,3,Lost,True,2010-07-18 14:25:00,2010-07-18 14:25:00,2010-07
14675,United Kingdom,16,2,1015.58,5,2,3,10,New Customers,False,2010-11-16 12:22:00,2011-11-23 12:58:00,2010-11
14676,United Kingdom,31,12,8356.79,4,5,5,14,Champions,False,2010-03-10 09:30:00,2011-11-08 13:29:00,2010-03
14677,United Kingdom,593,1,184.91,1,1,1,3,Lost,True,2010-04-26 09:48:00,2010-04-26 09:48:00,2010-04
14678,United Kingdom,579,1,403.39,1,1,2,4,Lost,True,2010-05-09 14:32:00,2010-05-09 14:32:00,2010-05
14679,United Kingdom,382,3,1289.44,2,3,4,9,At Risk,True,2009-12-08 17:13:00,2010-11-23 11:51:00,2009-12
14680,United Kingdom,25,58,55688.5,4,5,5,14,Champions,False,2009-12-04 12:36:00,2011-11-14 16:59:00,2009-12
14681,United Kingdom,71,6,875.1500000000001,3,4,3,10,Potential Loyalists,False,2010-02-24 08:54:00,2011-09-29 15:52:00,2010-02
14682,United Kingdom,188,6,1514.81,2,4,4,10,At Risk,True,2010-02-05 14:47:00,2011-06-05 12:12:00,2010-02
14683,United Kingdom,588,1,146.56,1,1,1,3,Lost,True,2010-04-30 17:18:00,2010-04-30 17:18:00,2010-04
14684,United Kingdom,26,6,1430.03,4,4,4,12,Champions,False,2010-11-14 14:07:00,2011-11-14 11:33:00,2010-11
14685,United Kingdom,576,8,4536.64,1,4,5,10,At Risk,True,2009-12-13 11:32:00,2010-05-12 13:08:00,2009-12
14686,United Kingdom,414,5,852.53,1,4,3,8,At Risk,True,2010-02-18 18:29:00,2010-10-21 18:31:00,2010-02
14687,United Kingdom,107,3,1402.06,3,3,4,10,Potential Loyalists,True,2010-06-06 10:36:00,2011-08-25 11:59:00,2010-06
14688,United Kingdom,8,28,7190.42,5,5,5,15,Champions,False,2010-09-09 12:35:00,2011-12-02 12:26:00,2010-09
14689,United Kingdom,209,1,112.80000000000001,2,1,1,4,Lost,True,2011-05-15 11:22:00,2011-05-15 11:22:00,2011-05
14690,United Kingdom,44,4,777.6800000000001,4,3,3,10,Loyal Customers,False,2010-10-25 12:20:00,2011-10-26 15:39:00,2010-10
14691,United Kingdom,31,5,2114.33,4,4,4,12,Champions,False,2011-05-11 09:55:00,2011-11-09 12:30:00,2011-05
14692,United Kingdom,137,12,1715.14,3,5,4,12,Potential Loyalists,True,2010-04-01 14:04:00,2011-07-25 15:08:00,2010-04
14693,United Kingdom,265,7,1165.3600000000001,2,4,3,9,At Risk,True,2010-07-02 08:28:00,2011-03-20 12:50:00,2010-07
14694,United Kingdom,617,1,244.31,1,1,1,3,Lost,True,2010-04-01 19:46:00,2010-04-01 19:46:00,2010-04
14695,United Kingdom,519,3,1534.22,1,3,4,8,At Risk,True,2009-12-07 11:05:00,2010-07-08 14:18:00,2009-12
14696,United Kingdom,4,8,2473.28,5,4,4,13,Champions,False,2010-10-14 11:43:00,2011-12-05 13:43:00,2010-10
14697,United Kingdom,218,2,188.61,2,2,1,5,Lost,True,2011-05-05 15:29:00,2011-05-05 15:39:00,2011-05
14698,United Kingdom,2,5,1217.27,5,4,4,13,Champions,False,2011-10-19 12:54:00,2011-12-08 12:26:00,2011-10
14699,United Kingdom,214,4,702.6,2,3,3,8,At Risk,True,2010-07-02 12:04:00,2011-05-09 14:54:00,2010-07
14700,United Kingdom,32,5,3076.06,4,4,5,13,Champions,False,2010-08-11 12:19:00,2011-11-07 14:40:00,2010-08
14701,United Kingdom,11,15,4487.11,5,5,5,15,Champions,False,2010-01-24 12:15:00,2011-11-29 12:38:00,2010-01
14702,United Kingdom,1,29,6356.9800000000005,5,5,5,15,Champions,False,2009-12-10 20:22:00,2011-12-08 19:29:00,2009-12
14703,United Kingdom,15,1,318.17,5,1,2,8,New Customers,False,2011-11-25 09:23:00,2011-11-25 09:23:00,2011-11
14704,United Kingdom,20,9,1720.58,4,5,4,13,Champions,False,2010-03-25 17:21:00,2011-11-20 12:20:00,2010-03
14705,United Kingdom,199,1,179.0,2,1,1,4,Lost,True,2011-05-25 12:39:00,2011-05-25 12:39:00,2011-05
14706,United Kingdom,619,1,367.54,1,1,2,4,Lost,True,2010-03-31 11:09:00,2010-03-31 11:09:00,2010-03
14707,United Kingdom,436,2,139.2,1,2,1,4,Lost,True,2010-05-12 11:07:00,2010-09-30 11:37:00,2010-05
14708,United Kingdom,3,5,1793.22,5,4,4,13,Champions,False,2010-09-10 10:26:00,2011-12-07 08:21:00,2010-09
14709,United Kingdom,15,25,8886.33,5,5,5,15,Champions,False,2009-12-05 15:26:00,2011-11-24 15:41:00,2009-12
14710,United Kingdom,14,13,1899.79,5,5,4,14,Champions,False,2009-12-03 17:12:00,2011-11-25 14:53:00,2009-12
14711,United Kingdom,10,11,2839.62,5,5,4,14,Champions,False,2011-03-22 13:32:00,2011-11-29 14:58:00,2011-03
14712,United Kingdom,29,4,1328.0700000000002,4,3,4,11,Loyal Customers,False,2010-10-17 14:49:00,2011-11-10 12:59:00,2010-10
14713,United Kingdom,9,21,5115.36,5,5,5,15,Champions,False,2009-12-03 19:22:00,2011-11-30 16:26:00,2009-12
14714,United Kingdom,24,4,906.24,4,3,3,10,Loyal Customers,False,2010-01-21 11:51:00,2011-11-15 13:07:00,2010-01
14715,United Kingdom,25,8,1809.55,4,4,4,12,Champions,False,2010-01-19 12:18:00,2011-11-15 12:10:00,2010-01
14716,United Kingdom,43,3,543.28,4,3,2,9,Loyal Customers,False,2010-09-21 12:07:00,2011-10-27 17:29:00,2010-09
14717,United Kingdom,733,1,81.3,1,1,1,3,Lost,True,2009-12-06 13:05:00,2009-12-06 13:05:00,2009-12
14718,United Kingdom,410,1,226.42,1,1,1,3,Lost,True,2010-10-25 13:07:00,2010-10-25 13:07:00,2010-10
14719,United Kingdom,2,5,1581.84,5,4,4,13,Champions,False,2011-04-04 14:17:00,2011-12-08 12:43:00,2011-04
14720,United Kingdom,6,3,663.81,5,3,3,11,Loyal Customers,False,2011-08-05 12:06:00,2011-12-04 12:02:00,2011-08
14721,United Kingdom,379,1,109.07,2,1,1,4,Lost,True,2010-11-25 13:08:00,2010-11-25 13:08:00,2010-11
14722,United Kingdom,147,3,489.52,3,3,2,8,Potential Loyalists,True,2010-08-10 13:28:00,2011-07-15 14:58:00,2010-08
14723,United Kingdom,10,11,1801.36,5,5,4,14,Champions,False,2009-12-04 11:22:00,2011-11-29 15:23:00,2009-12
14724,United Kingdom,590,1,341.9,1,1,2,4,Lost,True,2010-04-28 13:26:00,2010-04-28 13:26:00,2010-04
14725,United Kingdom,25,4,1246.86,4,3,4,11,Loyal Customers,False,2010-06-23 11:34:00,2011-11-15 12:42:00,2010-06
14726,United Kingdom,655,1,116.5,1,1,1,3,Lost,True,2010-02-23 12:35:00,2010-02-23 12:35:00,2010-02
14727,United Kingdom,274,3,461.03000000000003,2,3,2,7,At Risk,True,2010-06-11 13:23:00,2011-03-10 14:45:00,2010-06
14728,United Kingdom,413,1,190.58,1,1,1,3,Lost,True,2010-10-22 15:57:00,2010-10-22 15:57:00,2010-10
14729,United Kingdom,374,3,586.24,2,3,2,7,At Risk,True,2010-03-24 13:30:00,2010-12-01 12:43:00,2010-03
14730,United Kingdom,1,8,1897.57,5,4,4,13,Champions,False,2011-03-08 12:49:00,2011-12-08 14:39:00,2011-03
14731,United Kingdom,47,3,380.02,4,3,2,9,Loyal Customers,False,2011-05-11 13:06:00,2011-10-23 15:54:00,2011-05
14732,United Kingdom,8,19,5517.07,5,5,5,15,Champions,False,2009-12-09 10:48:00,2011-12-01 14:34:00,2009-12
14733,United Kingdom,16,15,14335.15,5,5,5,15,Champions,False,2010-11-02 15:42:00,2011-11-23 15:39:00,2010-11
14734,United Kingdom,426,4,1056.42,1,3,3,7,At Risk,True,2010-06-06 15:15:00,2010-10-10 12:04:00,2010-06
14735,United Kingdom,4,55,12225.16,5,5,5,15,Champions,False,2009-12-04 11:32:00,2011-12-06 12:09:00,2009-12
14736,United Kingdom,485,2,374.05,1,2,2,5,Lost,True,2010-08-11 15:13:00,2010-08-11 15:21:00,2010-08
14737,United Kingdom,4,4,3554.17,5,3,5,13,Loyal Customers,False,2010-11-04 11:29:00,2011-12-06 10:16:00,2010-11
14738,United Kingdom,43,9,1821.9,4,5,4,13,Champions,False,2009-12-07 10:21:00,2011-10-28 08:56:00,2009-12
14739,United Kingdom,4,25,11573.62,5,5,5,15,Champions,False,2009-12-02 13:23:00,2011-12-05 16:54:00,2009-12
14740,United Kingdom,197,11,4161.06,2,5,5,12,At Risk,True,2010-02-25 11:40:00,2011-05-26 18:17:00,2010-02
14741,United Kingdom,12,7,1713.0900000000001,5,4,4,13,Champions,False,2010-10-18 09:33:00,2011-11-28 08:48:00,2010-10
14742,United Kingdom,435,1,579.85,1,1,2,4,Lost,True,2010-09-30 14:07:00,2010-09-30 14:07:00,2010-09
14743,United Kingdom,593,1,50.480000000000004,1,1,1,3,Lost,True,2010-04-26 10:26:00,2010-04-26 10:26:00,2010-04
14744,United Kingdom,16,14,3660.08,5,5,5,15,Champions,False,2010-05-18 14:06:00,2011-11-23 12:51:00,2010-05
14745,United Kingdom,113,12,2551.41,3,5,4,12,Potential Loyalists,True,2010-03-12 10:33:00,2011-08-19 10:05:00,2010-03
14746,United Kingdom,406,4,593.5,2,3,2,7,At Risk,True,2010-10-12 11:06:00,2010-10-29 14:44:00,2010-10
14747,United Kingdom,249,1,328.2,2,1,2,5,Lost,True,2011-04-04 14:09:00,2011-04-04 14:09:00,2011-04
14748,United Kingdom,29,10,2681.9,4,5,4,13,Champions,False,2010-03-04 17:08:00,2011-11-10 18:33:00,2010-03
14749,United Kingdom,480,1,310.15,1,1,2,4,Lost,True,2010-08-17 12:36:00,2010-08-17 12:36:00,2010-08
14750,United Kingdom,736,1,112.03,1,1,1,3,Lost,True,2009-12-03 17:57:00,2009-12-03 17:57:00,2009-12
14751,United Kingdom,684,2,126.45,1,2,1,4,Lost,True,2009-12-13 14:08:00,2010-01-24 13:37:00,2009-12
14752,United Kingdom,44,1,389.64000000000004,4,1,2,7,New Customers,False,2011-10-27 11:55:00,2011-10-27 11:55:00,2011-10
14753,United Kingdom,87,2,869.51,3,2,3,8,Needs Attention,False,2010-09-05 11:04:00,2011-09-13 14:50:00,2010-09
14754,United Kingdom,45,6,1547.93,4,4,4,12,Champions,False,2010-01-18 11:04:00,2011-10-26 12:01:00,2010-01
14755,United Kingdom,10,25,9972.550000000001,5,5,5,15,Champions,False,2009-12-03 16:51:00,2011-11-30 11:24:00,2009-12
14756,United Kingdom,15,3,2603.76,5,3,4,12,Loyal Customers,False,2010-10-11 11:50:00,2011-11-24 18:13:00,2010-10
14757,United Kingdom,75,1,420.5,3,1,2,6,Needs Attention,False,2011-09-25 14:36:00,2011-09-25 14:36:00,2011-09
14758,United Kingdom,145,7,2864.9700000000003,3,4,4,11,Potential Loyalists,True,2010-04-08 08:27:00,2011-07-18 08:21:00,2010-04
14759,United Kingdom,5,3,1625.97,5,3,4,12,Loyal Customers,False,2011-04-21 10:55:00,2011-12-05 12:03:00,2011-04
14760,United Kingdom,297,1,89.2,2,1,1,4,Lost,True,2011-02-15 16:27:00,2011-02-15 16:27:00,2011-02
14761,United Kingdom,59,3,447.92,4,3,2,9,Loyal Customers,False,2010-09-21 14:22:00,2011-10-12 12:10:00,2010-09
14762,United Kingdom,264,2,417.57,2,2,2,6,Lost,True,2010-03-23 15:36:00,2011-03-21 08:20:00,2010-03
14764,United Kingdom,47,1,278.3,4,1,1,6,New Customers,False,2011-10-24 11:54:00,2011-10-24 11:54:00,2011-10
14765,United Kingdom,29,3,254.11,4,3,1,8,Loyal Customers,False,2011-06-16 19:49:00,2011-11-10 19:53:00,2011-06
14766,United Kingdom,8,11,6375.7300000000005,5,5,5,15,Champions,False,2010-06-06 11:11:00,2011-12-01 16:05:00,2010-06
14767,United Kingdom,474,1,382.81,1,1,2,4,Lost,True,2010-08-22 14:54:00,2010-08-22 14:54:00,2010-08
14768,United Kingdom,17,2,192.60000000000002,5,2,1,8,New Customers,False,2011-08-04 13:25:00,2011-11-22 12:54:00,2011-08
14769,United Kingdom,3,17,15512.460000000001,5,5,5,15,Champions,False,2009-12-16 09:17:00,2011-12-07 10:24:00,2009-12
14770,United Kingdom,232,8,3637.6400000000003,2,4,5,11,At Risk,True,2010-02-25 18:58:00,2011-04-21 14:21:00,2010-02
14771,United Kingdom,621,2,594.62,1,2,2,5,Lost,True,2009-12-03 09:44:00,2010-03-28 12:52:00,2009-12
14772,United Kingdom,112,1,139.26,3,1,1,5,Needs Attention,True,2011-08-19 15:04:00,2011-08-19 15:04:00,2011-08
14773,United Kingdom,593,1,140.55,1,1,1,3,Lost,True,2010-04-26 10:29:00,2010-04-26 10:29:00,2010-04
14774,United Kingdom,529,1,241.45000000000002,1,1,1,3,Lost,True,2010-06-29 12:26:00,2010-06-29 12:26:00,2010-06
14775,United Kingdom,58,3,1011.9,4,3,3,10,Loyal Customers,False,2010-12-02 16:38:00,2011-10-12 15:27:00,2010-12
14776,United Kingdom,51,15,3708.2999999999997,4,5,5,14,Champions,False,2010-09-19 14:12:00,2011-10-19 15:34:00,2010-09
14777,United Kingdom,404,1,307.56,2,1,2,5,Lost,True,2010-11-01 12:50:00,2010-11-01 12:50:00,2010-11
14778,United Kingdom,127,2,730.86,3,2,3,8,Needs Attention,True,2011-02-04 11:43:00,2011-08-04 15:23:00,2011-02
14779,United Kingdom,281,3,386.15,2,3,2,7,At Risk,True,2011-01-20 12:04:00,2011-03-04 12:42:00,2011-01
14780,United Kingdom,55,2,447.68,4,2,2,8,New Customers,False,2011-09-21 15:15:00,2011-10-16 12:46:00,2011-09
14782,United Kingdom,320,1,200.10000000000002,2,1,1,4,Lost,True,2011-01-24 11:12:00,2011-01-24 11:12:00,2011-01
14783,United Kingdom,659,1,307.3,1,1,2,4,Lost,True,2010-02-18 16:16:00,2010-02-18 16:16:00,2010-02
14784,United Kingdom,26,3,449.93,4,3,2,9,Loyal Customers,False,2010-11-15 09:49:00,2011-11-13 13:30:00,2010-11
14785,United Kingdom,10,2,77.4,5,2,1,8,New Customers,False,2011-11-24 13:40:00,2011-11-29 13:21:00,2011-11
14786,United Kingdom,550,1,90.96,1,1,1,3,Lost,True,2010-06-07 13:42:00,2010-06-07 13:42:00,2010-06
14787,United Kingdom,471,1,110.65,1,1,1,3,Lost,True,2010-08-25 14:38:00,2010-08-25 14:38:00,2010-08
14788,United Kingdom,7,3,1156.32,5,3,3,11,Loyal Customers,False,2010-04-22 18:16:00,2011-12-02 17:06:00,2010-04
14789,United Kingdom,29,1,197.64,4,1,1,6,New Customers,False,2011-11-11 08:59:00,2011-11-11 08:59:00,2011-11
14790,United Kingdom,17,10,2526.62,5,5,4,14,Champions,False,2009-12-11 14:37:00,2011-11-23 09:28:00,2009-12
14791,United Kingdom,607,1,303.63,1,1,2,4,Lost,True,2010-04-12 10:24:00,2010-04-12 10:24:00,2010-04
14792,United Kingdom,64,1,6.2,3,1,1,5,Needs Attention,False,2011-10-07 09:19:00,2011-10-07 09:19:00,2011-10
14793,United Kingdom,21,2,625.9,4,2,3,9,New Customers,False,2010-06-22 16:54:00,2011-11-18 14:50:00,2010-06
14794,United Kingdom,3,10,1953.9,5,5,4,14,Champions,False,2010-08-09 15:44:00,2011-12-07 10:11:00,2010-08
14795,United Kingdom,166,1,131.45000000000002,3,1,1,5,Needs Attention,True,2011-06-26 13:04:00,2011-06-26 13:04:00,2011-06
14796,United Kingdom,1,27,10167.77,5,5,5,15,Champions,False,2009-12-14 15:06:00,2011-12-08 15:31:00,2009-12
14797,United Kingdom,507,1,300.31,1,1,2,4,Lost,True,2010-07-20 14:07:00,2010-07-20 14:07:00,2010-07
14798,United Kingdom,53,8,724.31,4,4,3,11,Loyal Customers,False,2010-03-01 08:38:00,2011-10-18 10:58:00,2010-03
14799,United Kingdom,51,2,338.15000000000003,4,2,2,8,New Customers,False,2009-12-02 11:18:00,2011-10-19 16:16:00,2009-12
14800,United Kingdom,48,17,7180.08,4,5,5,14,Champions,False,2010-09-30 14:38:00,2011-10-23 12:46:00,2010-09
14801,United Kingdom,61,1,189.34,3,1,1,5,Needs Attention,False,2011-10-09 15:24:00,2011-10-09 15:24:00,2011-10
14803,United Kingdom,162,3,845.5500000000001,3,3,3,9,Potential Loyalists,True,2011-02-20 13:21:00,2011-06-30 13:58:00,2011-02
14804,United Kingdom,9,1,353.27,5,1,2,8,New Customers,False,2011-12-01 11:20:00,2011-12-01 11:20:00,2011-12
14805,United Kingdom,15,7,1082.55,5,4,3,12,Loyal Customers,False,2010-03-28 12:34:00,2011-11-24 16:20:00,2010-03
14806,United Kingdom,75,2,303.43,3,2,2,7,Needs Attention,False,2010-09-26 15:50:00,2011-09-25 15:32:00,2010-09
14807,United Kingdom,391,2,504.14,2,2,2,6,Lost,True,2010-02-28 11:33:00,2010-11-14 12:47:00,2010-02
14808,United Kingdom,40,8,2718.6,4,4,4,12,Champions,False,2011-06-20 12:53:00,2011-10-31 12:21:00,2011-06
14809,United Kingdom,621,2,686.76,1,2,3,6,Lost,True,2010-03-28 15:42:00,2010-03-28 15:44:00,2010-03
14810,United Kingdom,41,13,2354.03,4,5,4,13,Champions,False,2010-10-06 13:12:00,2011-10-30 11:19:00,2010-10
14811,United Kingdom,387,1,170.5,2,1,1,4,Lost,True,2010-11-17 13:09:00,2010-11-17 13:09:00,2010-11
14812,United Kingdom,599,1,178.85,1,1,1,3,Lost,True,2010-04-20 12:13:00,2010-04-20 12:13:00,2010-04
14813,United Kingdom,370,4,888.91,2,3,3,8,At Risk,True,2010-04-08 11:49:00,2010-12-05 11:57:00,2010-04
14814,United Kingdom,581,1,152.96,1,1,1,3,Lost,True,2010-05-07 14:10:00,2010-05-07 14:10:00,2010-05
14815,United Kingdom,37,2,778.5,4,2,3,9,New Customers,False,2011-10-03 11:36:00,2011-11-03 11:36:00,2011-10
14816,United Kingdom,197,1,271.85,2,1,1,4,Lost,True,2011-05-26 13:16:00,2011-05-26 13:16:00,2011-05
14817,United Kingdom,200,7,3609.86,2,4,5,11,At Risk,True,2010-03-22 12:10:00,2011-05-23 13:35:00,2010-03
14818,United Kingdom,74,6,1153.56,3,4,3,10,Potential Loyalists,False,2010-03-02 12:48:00,2011-09-27 11:01:00,2010-03
14819,United Kingdom,64,4,456.41,3,3,2,8,Potential Loyalists,False,2009-12-21 15:54:00,2011-10-06 13:41:00,2009-12
14820,United Kingdom,21,9,1274.76,4,5,4,13,Champions,False,2010-01-31 12:49:00,2011-11-18 15:41:00,2010-01
14821,United Kingdom,367,7,1230.15,2,4,4,10,At Risk,True,2010-02-01 13:33:00,2010-12-08 08:43:00,2010-02
14822,United Kingdom,485,1,157.7,1,1,1,3,Lost,True,2010-08-11 12:52:00,2010-08-11 12:52:00,2010-08
14823,United Kingdom,180,3,321.43,3,3,2,8,Potential Loyalists,True,2011-05-29 12:48:00,2011-06-12 13:12:00,2011-05
14824,United Kingdom,10,10,4022.9100000000003,5,5,5,15,Champions,False,2010-03-12 13:07:00,2011-11-29 14:20:00,2010-03
14825,United Kingdom,4,24,4735.08,5,5,5,15,Champions,False,2010-04-06 14:14:00,2011-12-06 11:38:00,2010-04
14826,United Kingdom,582,2,385.2,1,2,2,5,Lost,True,2010-01-13 13:08:00,2010-05-07 09:00:00,2010-01
14828,United Kingdom,197,13,9839.460000000001,2,5,5,12,At Risk,True,2009-12-07 11:19:00,2011-05-27 10:16:00,2009-12
14829,United Kingdom,29,7,1455.8700000000001,4,4,4,12,Champions,False,2010-09-29 13:14:00,2011-11-10 16:16:00,2010-09
14830,United Kingdom,53,1,188.03,4,1,1,6,New Customers,False,2011-10-17 14:29:00,2011-10-17 14:29:00,2011-10
14831,United Kingdom,680,3,1676.57,1,3,4,8,At Risk,True,2009-12-02 09:21:00,2010-01-28 14:31:00,2009-12
14833,United Kingdom,499,1,94.8,1,1,1,3,Lost,True,2010-07-29 10:06:00,2010-07-29 10:06:00,2010-07
14834,United Kingdom,18,7,2206.16,5,4,4,13,Champions,False,2010-10-28 17:37:00,2011-11-22 10:30:00,2010-10
14835,United Kingdom,529,2,297.0,1,2,2,5,Lost,True,2010-04-01 19:34:00,2010-06-29 10:08:00,2010-04
14836,United Kingdom,10,3,102.45,5,3,1,9,Loyal Customers,False,2011-11-09 13:26:00,2011-11-29 16:45:00,2011-11
14837,United Kingdom,90,9,3460.32,3,5,5,13,Potential Loyalists,False,2010-01-24 10:20:00,2011-09-11 10:58:00,2010-01
14838,United Kingdom,423,2,769.9200000000001,1,2,3,6,Lost,True,2009-12-03 09:52:00,2010-10-12 15:46:00,2009-12
14839,United Kingdom,418,3,915.28,1,3,3,7,At Risk,True,2010-01-04 16:29:00,2010-10-17 13:01:00,2010-01
14840,United Kingdom,268,2,362.71000000000004,2,2,2,6,Lost,True,2010-06-18 15:42:00,2011-03-17 12:00:00,2010-06
14841,United Kingdom,53,14,7163.0,4,5,5,14,Champions,False,2009-12-02 16:49:00,2011-10-17 15:03:00,2009-12
14842,United Kingdom,44,4,2824.69,4,3,4,11,Loyal Customers,False,2011-02-04 15:32:00,2011-10-27 12:37:00,2011-02
14843,United Kingdom,437,1,211.8,1,1,1,3,Lost,True,2010-09-29 12:39:00,2010-09-29 12:39:00,2010-09
14844,United Kingdom,64,10,6702.43,3,5,5,13,Potential Loyalists,False,2010-04-12 12:50:00,2011-10-07 10:41:00,2010-04
14845,United Kingdom,600,1,150.0,1,1,1,3,Lost,True,2010-04-19 10:19:00,2010-04-19 10:19:00,2010-04
14846,United Kingdom,427,1,437.4,1,1,2,4,Lost,True,2010-10-08 17:07:00,2010-10-08 17:07:00,2010-10
14847,United Kingdom,149,3,1348.95,3,3,4,10,Potential Loyalists,True,2010-05-24 12:29:00,2011-07-14 10:52:00,2010-05
14848,United Kingdom,405,1,310.56,2,1,2,5,Lost,True,2010-10-31 12:22:00,2010-10-31 12:22:00,2010-10
14849,United Kingdom,22,43,15407.61,4,5,5,14,Champions,False,2010-01-10 11:40:00,2011-11-18 10:58:00,2010-01
14850,United Kingdom,312,7,1770.96,2,4,4,10,At Risk,True,2010-05-20 13:28:00,2011-02-01 11:21:00,2010-05
14851,United Kingdom,23,3,829.41,4,3,3,10,Loyal Customers,False,2010-03-19 11:52:00,2011-11-16 14:20:00,2010-03
14852,United Kingdom,58,18,6132.43,4,5,5,14,Champions,False,2010-03-05 14:51:00,2011-10-12 13:20:00,2010-03
14853,United Kingdom,24,5,1376.87,4,4,4,12,Champions,False,2010-04-13 09:26:00,2011-11-15 16:56:00,2010-04
14854,United Kingdom,78,11,4303.06,3,5,5,13,Potential Loyalists,False,2010-01-22 09:48:00,2011-09-22 17:00:00,2010-01
14855,United Kingdom,119,7,6520.3,3,4,5,12,Potential Loyalists,True,2010-04-08 10:30:00,2011-08-12 14:02:00,2010-04
14856,United Kingdom,36,3,1290.53,4,3,4,11,Loyal Customers,False,2011-10-14 09:35:00,2011-11-03 14:53:00,2011-10
14857,United Kingdom,60,7,3651.85,3,4,5,12,Potential Loyalists,False,2010-03-15 11:00:00,2011-10-11 09:23:00,2010-03
14858,United Kingdom,506,1,180.75,1,1,1,3,Lost,True,2010-07-22 10:51:00,2010-07-22 10:51:00,2010-07
14859,United Kingdom,13,5,1705.64,5,4,4,13,Champions,False,2010-06-03 10:26:00,2011-11-27 11:18:00,2010-06
14860,United Kingdom,19,1,170.32,5,1,1,7,New Customers,False,2011-11-20 14:17:00,2011-11-20 14:17:00,2011-11
14861,United Kingdom,52,10,1380.73,4,5,4,13,Champions,False,2009-12-08 12:12:00,2011-10-18 12:54:00,2009-12
14862,United Kingdom,26,2,841.2,4,2,3,9,New Customers,False,2011-07-14 11:20:00,2011-11-14 10:01:00,2011-07
14863,United Kingdom,29,1,266.76,4,1,1,6,New Customers,False,2011-11-10 15:04:00,2011-11-10 15:04:00,2011-11
14865,United Kingdom,7,4,92.52,5,3,1,9,Loyal Customers,False,2009-12-01 16:05:00,2011-12-02 16:25:00,2009-12
14866,United Kingdom,11,17,20700.04,5,5,5,15,Champions,False,2010-09-21 15:14:00,2011-11-29 11:45:00,2010-09
14867,United Kingdom,186,16,2952.06,3,5,5,13,Potential Loyalists,True,2009-12-05 15:47:00,2011-06-07 11:39:00,2009-12
14868,United Kingdom,3,12,4184.01,5,5,5,15,Champions,False,2010-10-15 14:52:00,2011-12-06 14:49:00,2010-10
14869,United Kingdom,9,6,2778.14,5,4,4,13,Champions,False,2009-12-16 11:43:00,2011-12-01 12:36:00,2009-12
14870,United Kingdom,262,6,1838.95,2,4,4,10,At Risk,True,2010-01-25 09:05:00,2011-03-23 10:51:00,2010-01
14871,United Kingdom,3,9,1228.17,5,5,4,14,Champions,False,2009-12-01 11:57:00,2011-12-06 13:42:00,2009-12
14872,United Kingdom,484,3,816.6,1,3,3,7,At Risk,True,2010-03-16 14:41:00,2010-08-13 12:34:00,2010-03
14873,United Kingdom,210,2,854.13,2,2,3,7,Lost,True,2010-03-16 10:51:00,2011-05-13 13:52:00,2010-03
14874,United Kingdom,535,1,116.18,1,1,1,3,Lost,True,2010-06-22 14:58:00,2010-06-22 14:58:00,2010-06
14875,United Kingdom,108,3,2862.4,3,3,4,10,Potential Loyalists,True,2010-09-24 10:28:00,2011-08-24 12:20:00,2010-09
14876,United Kingdom,521,2,256.7,1,2,1,4,Lost,True,2010-05-27 13:49:00,2010-07-06 14:57:00,2010-05
14877,United Kingdom,418,2,425.85,1,2,2,5,Lost,True,2010-03-07 12:25:00,2010-10-17 13:09:00,2010-03
14878,United Kingdom,13,25,4076.5,5,5,5,15,Champions,False,2010-02-21 11:14:00,2011-11-27 11:15:00,2010-02
14879,United Kingdom,685,1,185.06,1,1,1,3,Lost,True,2010-01-24 11:35:00,2010-01-24 11:35:00,2010-01
14880,United Kingdom,77,3,690.59,3,3,3,9,Potential Loyalists,False,2011-02-24 12:27:00,2011-09-23 13:42:00,2011-02
14881,United Kingdom,20,1,255.4,4,1,1,6,New Customers,False,2011-11-20 11:06:00,2011-11-20 11:06:00,2011-11
14882,United Kingdom,27,14,3546.65,4,5,5,14,Champions,False,2010-03-30 15:02:00,2011-11-13 12:47:00,2010-03
14883,United Kingdom,19,6,761.59,5,4,3,12,Loyal Customers,False,2011-05-12 09:49:00,2011-11-21 10:23:00,2011-05
14884,United Kingdom,669,1,120.6,1,1,1,3,Lost,True,2010-02-08 12:56:00,2010-02-08 12:56:00,2010-02
14885,United Kingdom,132,3,1598.12,3,3,4,10,Potential Loyalists,True,2010-08-31 10:11:00,2011-07-31 12:05:00,2010-08
14886,United Kingdom,253,1,364.8,2,1,2,5,Lost,True,2011-04-01 08:56:00,2011-04-01 08:56:00,2011-04
14887,United Kingdom,79,1,1862.0,3,1,4,8,Needs Attention,False,2011-09-21 15:32:00,2011-09-21 15:32:00,2011-09
14888,United Kingdom,207,1,369.2,2,1,2,5,Lost,True,2011-05-16 14:58:00,2011-05-16 14:58:00,2011-05
14889,United Kingdom,336,1,135.9,2,1,1,4,Lost,True,2011-01-07 15:19:00,2011-01-07 15:19:00,2011-01
14890,United Kingdom,254,3,817.25,2,3,3,8,At Risk,True,2010-02-18 09:00:00,2011-03-31 11:57:00,2010-02
14891,United Kingdom,148,4,1106.73,3,3,3,9,Potential Loyalists,True,2010-09-29 12:41:00,2011-07-14 18:08:00,2010-09
14892,United Kingdom,691,1,202.35000000000002,1,1,1,3,Lost,True,2010-01-18 08:58:00,2010-01-18 08:58:00,2010-01
14893,United Kingdom,10,3,1809.6100000000001,5,3,4,12,Loyal Customers,False,2010-04-01 09:03:00,2011-11-30 12:31:00,2010-04
14894,United Kingdom,85,3,1492.81,3,3,4,10,Potential Loyalists,False,2009-12-02 10:42:00,2011-09-15 13:51:00,2009-12
14895,United Kingdom,8,38,25119.54,5,5,5,15,Champions,False,2009-12-10 14:22:00,2011-12-02 09:23:00,2009-12
14896,United Kingdom,205,8,1826.0,2,4,4,10,At Risk,True,2009-12-06 12:42:00,2011-05-19 10:20:00,2009-12
14897,United Kingdom,8,8,3140.54,5,4,5,14,Champions,False,2009-12-15 17:05:00,2011-12-02 10:32:00,2009-12
14898,United Kingdom,23,14,3365.95,4,5,5,14,Champions,False,2009-12-03 16:40:00,2011-11-16 14:54:00,2009-12
14899,United Kingdom,395,1,1331.38,2,1,4,7,Cant Lose Them,True,2010-11-09 15:20:00,2010-11-09 15:20:00,2010-11
14900,United Kingdom,522,1,13.919999999999998,1,1,1,3,Lost,True,2010-07-05 15:09:00,2010-07-05 15:09:00,2010-07
14901,United Kingdom,11,12,1919.0,5,5,4,14,Champions,False,2010-07-29 11:11:00,2011-11-28 17:09:00,2010-07
14902,United Kingdom,26,3,1035.6200000000001,4,3,3,10,Loyal Customers,False,2010-06-04 12:35:00,2011-11-14 10:34:00,2010-06
14903,United Kingdom,21,5,2795.33,4,4,4,12,Champions,False,2011-03-06 11:50:00,2011-11-18 16:07:00,2011-03
14904,United Kingdom,2,4,1630.49,5,3,4,12,Loyal Customers,False,2010-10-08 12:48:00,2011-12-07 12:55:00,2010-10
14905,United Kingdom,158,8,1971.39,3,4,4,11,Potential Loyalists,True,2009-12-03 14:36:00,2011-07-05 12:41:00,2009-12
14907,United Kingdom,3,16,5547.72,5,5,5,15,Champions,False,2010-04-16 13:40:00,2011-12-06 14:14:00,2010-04
14908,United Kingdom,74,2,381.9,3,2,2,7,Needs Attention,False,2010-09-02 16:39:00,2011-09-26 12:56:00,2010-09
14909,United Kingdom,437,3,1404.68,1,3,4,8,At Risk,True,2010-02-14 15:47:00,2010-09-28 16:56:00,2010-02
14910,United Kingdom,3,4,434.35,5,3,2,10,Loyal Customers,False,2011-10-16 11:06:00,2011-12-07 10:06:00,2011-10
14911,EIRE,1,373,272252.79,5,5,5,15,Champions,False,2009-12-01 11:41:00,2011-12-08 15:54:00,2009-12
14912,Italy,17,5,1849.58,5,4,4,13,Champions,False,2010-04-28 09:41:00,2011-11-23 09:20:00,2010-04
14913,United Kingdom,36,8,4073.13,4,4,5,13,Champions,False,2010-08-11 08:40:00,2011-11-04 08:29:00,2010-08
14915,United Kingdom,91,11,1811.25,3,5,4,12,Potential Loyalists,True,2009-12-03 10:17:00,2011-09-09 13:34:00,2009-12
14916,United Kingdom,71,8,3042.95,3,4,5,12,Potential Loyalists,False,2010-04-01 10:57:00,2011-09-30 09:20:00,2010-04
14917,United Kingdom,597,2,1123.75,1,2,3,6,Lost,True,2010-04-22 09:44:00,2010-04-22 11:28:00,2010-04
14918,United Kingdom,116,9,5955.81,3,5,5,13,Potential Loyalists,True,2010-04-08 11:18:00,2011-08-16 11:50:00,2010-04
14919,United Kingdom,539,1,359.35,1,1,2,4,Lost,True,2010-06-18 13:06:00,2010-06-18 13:06:00,2010-06
14920,United Kingdom,213,3,1607.17,2,3,4,9,At Risk,True,2010-05-23 15:25:00,2011-05-11 10:32:00,2010-05
14921,United Kingdom,30,2,1316.07,4,2,4,10,New Customers,False,2011-05-22 12:51:00,2011-11-09 13:17:00,2011-05
14922,United Kingdom,394,2,843.74,2,2,3,7,Lost,True,2010-07-20 09:45:00,2010-11-11 11:14:00,2010-07
14923,United Kingdom,51,1,749.1,4,1,3,8,New Customers,False,2011-10-20 11:51:00,2011-10-20 11:51:00,2011-10
14924,United Kingdom,246,3,931.01,2,3,3,8,At Risk,True,2010-03-10 12:51:00,2011-04-08 09:25:00,2010-03
14926,United Kingdom,382,2,359.4,2,2,2,6,Lost,True,2010-04-20 09:59:00,2010-11-23 07:13:00,2010-04
14927,United Kingdom,397,1,308.2,2,1,2,5,Lost,True,2010-11-08 12:30:00,2010-11-08 12:30:00,2010-11
14928,United Kingdom,628,1,223.91000000000003,1,1,1,3,Lost,True,2010-03-22 09:14:00,2010-03-22 09:14:00,2010-03
14929,United Kingdom,32,2,836.69,4,2,3,9,New Customers,False,2010-10-14 12:22:00,2011-11-07 17:21:00,2010-10
14930,Channel Islands,109,6,5236.7300000000005,3,4,5,12,Potential Loyalists,True,2010-04-12 11:22:00,2011-08-23 10:31:00,2010-04
14931,Channel Islands,5,4,864.6800000000001,5,3,3,11,Loyal Customers,False,2011-04-13 09:32:00,2011-12-05 10:19:00,2011-04
14932,Channel Islands,366,2,566.13,2,2,2,6,Lost,True,2010-11-19 09:16:00,2010-12-09 11:48:00,2010-11
14933,Channel Islands,444,4,1770.0,1,3,4,8,At Risk,True,2010-09-21 17:29:00,2010-09-22 10:47:00,2010-09
14934,Channel Islands,82,5,3403.5,3,4,5,12,Potential Loyalists,False,2010-09-24 12:08:00,2011-09-19 10:10:00,2010-09
14935,Channel Islands,297,2,2849.83,2,2,4,8,Cant Lose Them,True,2010-03-30 11:48:00,2011-02-15 14:44:00,2010-03
14936,Channel Islands,34,12,12410.81,4,5,5,14,Champions,False,2010-05-05 12:26:00,2011-11-06 10:30:00,2010-05
14937,Channel Islands,57,3,1621.88,4,3,4,11,Loyal Customers,False,2011-08-01 14:16:00,2011-10-14 12:29:00,2011-08
14938,Channel Islands,562,2,2322.43,1,2,4,7,Cant Lose Them,True,2010-05-26 13:35:00,2010-05-26 13:38:00,2010-05
14940,United Kingdom,418,2,531.49,1,2,2,5,Lost,True,2009-12-06 15:46:00,2010-10-18 10:47:00,2009-12
14941,United Kingdom,579,1,182.1,1,1,1,3,Lost,True,2010-05-10 11:30:00,2010-05-10 11:30:00,2010-05
14942,United Kingdom,402,4,746.56,2,3,3,8,At Risk,True,2009-12-10 10:32:00,2010-11-03 10:51:00,2009-12
14943,United Kingdom,663,1,107.62,1,1,1,3,Lost,True,2010-02-14 16:04:00,2010-02-14 16:04:00,2010-02
14944,United Kingdom,30,19,9684.67,4,5,5,14,Champions,False,2010-02-17 08:47:00,2011-11-10 09:10:00,2010-02
14945,United Kingdom,414,1,179.4,1,1,1,3,Lost,True,2010-10-22 11:26:00,2010-10-22 11:26:00,2010-10
14946,United Kingdom,14,1,100.9,5,1,1,7,New Customers,False,2011-11-25 13:33:00,2011-11-25 13:33:00,2011-11
14947,United Kingdom,72,6,1049.79,3,4,3,10,Potential Loyalists,False,2010-03-25 11:29:00,2011-09-28 15:48:00,2010-03
14948,United Kingdom,23,6,1101.97,4,4,3,11,Loyal Customers,False,2011-05-04 14:52:00,2011-11-16 17:16:00,2011-05
14949,United Kingdom,469,4,515.0,1,3,2,6,At Risk,True,2009-12-18 15:28:00,2010-08-27 15:38:00,2009-12
14950,United Kingdom,19,1,371.2,5,1,2,8,New Customers,False,2011-11-20 13:48:00,2011-11-20 13:48:00,2011-11
14951,United Kingdom,79,1,311.69,3,1,2,6,Needs Attention,False,2011-09-21 15:15:00,2011-09-21 15:15:00,2011-09
14952,United Kingdom,60,32,17629.35,3,5,5,13,Potential Loyalists,False,2009-12-03 15:34:00,2011-10-11 10:33:00,2009-12
14953,United Kingdom,25,4,968.82,4,3,3,10,Loyal Customers,False,2010-09-30 12:16:00,2011-11-14 14:59:00,2010-09
14954,United Kingdom,12,2,462.12,5,2,2,9,New Customers,False,2010-01-05 16:38:00,2011-11-27 14:30:00,2010-01
14955,United Kingdom,733,1,163.77,1,1,1,3,Lost,True,2009-12-07 11:35:00,2009-12-07 11:35:00,2009-12
14956,United Kingdom,421,1,1325.0,1,1,4,6,Cant Lose Them,True,2010-10-14 16:40:00,2010-10-14 16:40:00,2010-10
14957,United Kingdom,253,2,261.69,2,2,1,5,Lost,True,2010-03-05 10:50:00,2011-03-31 17:59:00,2010-03
14958,United Kingdom,147,6,941.99,3,4,3,10,Potential Loyalists,True,2009-12-03 16:02:00,2011-07-15 14:20:00,2009-12
14959,United Kingdom,64,4,695.42,3,3,3,9,Potential Loyalists,False,2011-02-16 13:00:00,2011-10-06 18:23:00,2011-02
14960,United Kingdom,8,2,221.27,5,2,1,8,New Customers,False,2011-06-21 13:38:00,2011-12-01 12:54:00,2011-06
14961,United Kingdom,11,22,16410.15,5,5,5,15,Champions,False,2009-12-04 11:32:00,2011-11-29 09:42:00,2009-12
14962,United Kingdom,271,4,366.91,2,3,2,7,At Risk,True,2010-05-04 14:57:00,2011-03-14 09:42:00,2010-05
14963,United Kingdom,10,12,3123.57,5,5,5,15,Champions,False,2010-07-02 12:43:00,2011-11-30 12:16:00,2010-07
14964,United Kingdom,247,1,206.21,2,1,1,4,Lost,True,2011-04-06 14:13:00,2011-04-06 14:13:00,2011-04
14965,United Kingdom,96,2,596.09,3,2,2,7,Needs Attention,True,2011-09-04 13:15:00,2011-09-04 13:20:00,2011-09
14966,United Kingdom,15,6,1064.26,5,4,3,12,Loyal Customers,False,2009-12-15 13:48:00,2011-11-25 12:20:00,2009-12
14967,United Kingdom,50,6,1982.6100000000001,4,4,4,12,Champions,False,2009-12-03 14:07:00,2011-10-21 11:06:00,2009-12
14968,United Kingdom,30,2,497.49,4,2,2,8,New Customers,False,2010-09-07 13:28:00,2011-11-09 13:58:00,2010-09
14969,United Kingdom,704,1,906.23,1,1,3,5,Lost,True,2010-01-05 12:43:00,2010-01-05 12:43:00,2010-01
14970,United Kingdom,68,12,4919.35,3,5,5,13,Potential Loyalists,False,2010-02-14 13:37:00,2011-10-02 13:44:00,2010-02
14971,United Kingdom,35,3,1097.98,4,3,3,10,Loyal Customers,False,2011-10-27 13:33:00,2011-11-04 17:07:00,2011-10
14972,United Kingdom,128,2,145.07,3,2,1,6,Needs Attention,True,2010-11-23 16:17:00,2011-08-03 14:54:00,2010-11
14973,United Kingdom,107,3,1314.45,3,3,4,10,Potential Loyalists,True,2011-04-28 12:22:00,2011-08-24 15:51:00,2011-04
14974,United Kingdom,37,1,89.94,4,1,1,6,New Customers,False,2011-11-02 13:01:00,2011-11-02 13:01:00,2011-11
14975,United Kingdom,57,2,472.39,4,2,2,8,New Customers,False,2010-10-14 14:11:00,2011-10-13 14:08:00,2010-10
14976,United Kingdom,57,6,774.86,4,4,3,11,Loyal Customers,False,2011-01-17 11:09:00,2011-10-13 16:33:00,2011-01
14977,United Kingdom,726,1,31.93,1,1,1,3,Lost,True,2009-12-14 10:37:00,2009-12-14 10:37:00,2009-12
14978,United Kingdom,72,10,3112.19,3,5,5,13,Potential Loyalists,False,2010-04-28 10:50:00,2011-09-28 13:07:00,2010-04
14979,United Kingdom,735,1,429.66,1,1,2,4,Lost,True,2009-12-04 12:54:00,2009-12-04 12:54:00,2009-12
14980,United Kingdom,737,1,150.68,1,1,1,3,Lost,True,2009-12-02 14:09:00,2009-12-02 14:09:00,2009-12
14981,United Kingdom,246,2,372.92,2,2,2,6,Lost,True,2010-10-12 11:04:00,2011-04-07 13:45:00,2010-10
14982,United Kingdom,572,1,234.88,1,1,1,3,Lost,True,2010-05-16 15:52:00,2010-05-16 15:52:00,2010-05
14983,United Kingdom,689,1,183.20000000000002,1,1,1,3,Lost,True,2010-01-19 17:32:00,2010-01-19 17:32:00,2010-01
14984,United Kingdom,19,6,1260.51,5,4,4,13,Champions,False,2010-01-11 13:22:00,2011-11-20 14:28:00,2010-01
14985,United Kingdom,198,2,292.01,2,2,2,6,Lost,True,2010-12-16 19:51:00,2011-05-25 14:29:00,2010-12
14986,United Kingdom,376,2,563.1,2,2,2,6,Lost,True,2010-01-24 15:54:00,2010-11-28 15:25:00,2010-01
14987,United Kingdom,16,8,1550.6499999999999,5,4,4,13,Champions,False,2009-12-02 14:56:00,2011-11-24 09:59:00,2009-12
14988,United Kingdom,212,7,2038.65,2,4,4,10,At Risk,True,2010-04-16 13:34:00,2011-05-12 12:05:00,2010-04
14989,United Kingdom,662,1,342.4,1,1,2,4,Lost,True,2010-02-16 10:40:00,2010-02-16 10:40:00,2010-02
14990,United Kingdom,612,2,304.17,1,2,2,5,Lost,True,2009-12-09 13:31:00,2010-04-06 13:54:00,2009-12
14991,United Kingdom,430,1,314.67,1,1,2,4,Lost,True,2010-10-05 13:01:00,2010-10-05 13:01:00,2010-10
14992,United Kingdom,442,1,210.5,1,1,1,3,Lost,True,2010-09-23 17:48:00,2010-09-23 17:48:00,2010-09
14993,United Kingdom,564,1,36.13,1,1,1,3,Lost,True,2010-05-25 12:47:00,2010-05-25 12:47:00,2010-05
14994,United Kingdom,382,5,942.77,2,4,3,9,At Risk,True,2010-03-26 14:16:00,2010-11-22 12:59:00,2010-03
14995,United Kingdom,39,2,231.98000000000002,4,2,1,7,New Customers,False,2011-03-04 13:14:00,2011-11-01 11:39:00,2011-03
14996,United Kingdom,481,2,442.28999999999996,1,2,2,5,Lost,True,2010-08-15 13:41:00,2010-08-15 13:44:00,2010-08
14997,United Kingdom,46,4,776.6,4,3,3,10,Loyal Customers,False,2010-02-22 12:11:00,2011-10-24 13:28:00,2010-02
14998,United Kingdom,170,4,753.18,3,3,3,9,Potential Loyalists,True,2010-04-13 16:07:00,2011-06-22 17:30:00,2010-04
14999,United Kingdom,593,1,129.48000000000002,1,1,1,3,Lost,True,2010-04-26 10:47:00,2010-04-26 10:47:00,2010-04
15000,United Kingdom,48,1,490.52,4,1,2,7,New Customers,False,2011-10-23 11:42:00,2011-10-23 11:42:00,2011-10
15001,United Kingdom,394,2,197.10999999999999,2,2,1,5,Lost,True,2010-11-10 13:31:00,2010-11-10 13:51:00,2010-11
15002,United Kingdom,116,9,4138.08,3,5,5,13,Potential Loyalists,True,2010-01-12 11:40:00,2011-08-16 10:44:00,2010-01
15003,United Kingdom,473,6,1027.03,1,4,3,8,At Risk,True,2010-01-26 13:04:00,2010-08-23 15:44:00,2010-01
15004,United Kingdom,147,1,1220.38,3,1,4,8,Needs Attention,True,2011-07-15 14:05:00,2011-07-15 14:05:00,2011-07
15005,United Kingdom,16,56,13752.58,5,5,5,15,Champions,False,2009-12-01 14:19:00,2011-11-24 12:25:00,2009-12
15006,United Kingdom,51,2,752.83,4,2,3,9,New Customers,False,2010-09-12 13:03:00,2011-10-19 15:08:00,2010-09
15007,United Kingdom,159,1,156.91,3,1,1,5,Needs Attention,True,2011-07-03 16:00:00,2011-07-03 16:00:00,2011-07
15008,United Kingdom,480,2,360.0,1,2,2,5,Lost,True,2010-03-12 11:13:00,2010-08-16 13:09:00,2010-03
15009,United Kingdom,12,3,1259.43,5,3,4,12,Loyal Customers,False,2011-11-14 17:40:00,2011-11-27 13:35:00,2011-11
15010,United Kingdom,36,1,308.94,4,1,2,7,New Customers,False,2011-11-04 12:42:00,2011-11-04 12:42:00,2011-11
15011,United Kingdom,396,2,416.6,2,2,2,6,Lost,True,2010-10-19 12:05:00,2010-11-09 11:10:00,2010-10
15012,United Kingdom,54,3,646.26,4,3,3,10,Loyal Customers,False,2010-05-12 11:49:00,2011-10-17 12:22:00,2010-05
15013,United Kingdom,488,10,1610.82,1,5,4,10,At Risk,True,2010-01-31 12:15:00,2010-08-09 12:05:00,2010-01
15014,United Kingdom,43,2,257.67,4,2,1,7,New Customers,False,2011-06-16 19:40:00,2011-10-27 20:07:00,2011-06
15015,United Kingdom,501,13,2344.47,1,5,4,10,At Risk,True,2009-12-14 14:46:00,2010-07-26 13:50:00,2009-12
15016,United Kingdom,173,5,620.89,3,4,3,10,Potential Loyalists,True,2010-06-14 13:06:00,2011-06-20 12:06:00,2010-06
15017,United Kingdom,34,1,125.58,4,1,1,6,New Customers,False,2011-11-06 10:33:00,2011-11-06 10:33:00,2011-11
15018,United Kingdom,39,3,496.21,4,3,2,9,Loyal Customers,False,2010-12-07 10:47:00,2011-11-01 12:47:00,2010-12
15019,United Kingdom,267,1,252.81,2,1,1,4,Lost,True,2011-03-18 12:35:00,2011-03-18 12:35:00,2011-03
15020,United Kingdom,379,1,198.47,2,1,1,4,Lost,True,2010-11-25 13:29:00,2010-11-25 13:29:00,2010-11
15021,United Kingdom,9,12,2500.59,5,5,4,14,Champions,False,2010-07-29 16:35:00,2011-12-01 11:53:00,2010-07
15022,United Kingdom,12,5,1133.44,5,4,3,12,Loyal Customers,False,2010-01-31 16:02:00,2011-11-28 12:35:00,2010-01
15023,United Kingdom,3,20,11555.5,5,5,5,15,Champions,False,2010-02-03 15:45:00,2011-12-06 17:23:00,2010-02
15024,United Kingdom,10,16,3559.39,5,5,5,15,Champions,False,2010-10-11 16:14:00,2011-11-30 12:06:00,2010-10
15025,United Kingdom,33,2,971.84,4,2,3,9,New Customers,False,2010-05-20 13:28:00,2011-11-06 15:20:00,2010-05
15026,United Kingdom,80,5,1044.09,3,4,3,10,Potential Loyalists,False,2010-09-17 13:52:00,2011-09-20 13:52:00,2010-09
15027,United Kingdom,31,10,3195.6,4,5,5,14,Champions,False,2010-03-25 14:39:00,2011-11-09 10:16:00,2010-03
15028,United Kingdom,8,6,962.9399999999999,5,4,3,12,Loyal Customers,False,2010-11-10 14:32:00,2011-12-01 14:06:00,2010-11
15029,United Kingdom,620,1,365.1,1,1,2,4,Lost,True,2010-03-30 12:16:00,2010-03-30 12:16:00,2010-03
15030,United Kingdom,72,8,1979.91,3,4,4,11,Potential Loyalists,False,2010-03-04 17:10:00,2011-09-29 10:50:00,2010-03
15031,United Kingdom,4,14,3102.94,5,5,5,15,Champions,False,2009-12-08 13:38:00,2011-12-05 14:19:00,2009-12
15032,United Kingdom,256,8,11010.05,2,4,5,11,At Risk,True,2009-12-10 15:27:00,2011-03-28 15:03:00,2009-12
15033,United Kingdom,5,10,2553.88,5,5,4,14,Champions,False,2011-01-14 13:28:00,2011-12-05 12:40:00,2011-01
15034,United Kingdom,16,14,8231.2,5,5,5,15,Champions,False,2010-05-11 13:30:00,2011-11-24 12:11:00,2010-05
15035,United Kingdom,90,1,252.73000000000002,3,1,1,5,Needs Attention,False,2011-09-11 11:08:00,2011-09-11 11:08:00,2011-09
15036,United Kingdom,72,3,429.56,3,3,2,8,Potential Loyalists,False,2011-06-13 12:19:00,2011-09-28 15:42:00,2011-06
15037,United Kingdom,376,2,397.76,2,2,2,6,Lost,True,2010-11-28 12:14:00,2010-11-28 13:05:00,2010-11
15038,United Kingdom,59,9,1146.53,4,5,3,12,Loyal Customers,False,2010-10-10 14:35:00,2011-10-12 11:33:00,2010-10
15039,United Kingdom,10,93,39141.48,5,5,5,15,Champions,False,2009-12-10 11:39:00,2011-11-30 11:31:00,2009-12
15040,United Kingdom,542,1,7.49,1,1,1,3,Lost,True,2010-06-16 11:40:00,2010-06-16 11:40:00,2010-06
15041,United Kingdom,170,2,288.98,3,2,2,7,Needs Attention,True,2010-09-21 13:16:00,2011-06-22 16:16:00,2010-09
15042,United Kingdom,199,2,315.45,2,2,2,6,Lost,True,2010-04-23 14:01:00,2011-05-24 16:25:00,2010-04
15043,United Kingdom,31,6,2855.3199999999997,4,4,4,12,Champions,False,2010-06-24 15:50:00,2011-11-08 14:26:00,2010-06
15044,United Kingdom,19,32,15769.01,5,5,5,15,Champions,False,2009-12-16 15:13:00,2011-11-20 13:20:00,2009-12
15045,United Kingdom,152,2,735.66,3,2,3,8,Needs Attention,True,2011-03-27 11:44:00,2011-07-11 11:33:00,2011-03
15046,United Kingdom,9,25,7604.84,5,5,5,15,Champions,False,2010-01-14 14:29:00,2011-11-30 15:50:00,2010-01
15047,United Kingdom,270,1,343.62,2,1,2,5,Lost,True,2011-03-15 10:49:00,2011-03-15 10:49:00,2011-03
15048,United Kingdom,65,4,381.0,3,3,2,8,Potential Loyalists,False,2010-12-06 12:15:00,2011-10-05 14:55:00,2010-12
15049,United Kingdom,274,1,121.17000000000002,2,1,1,4,Lost,True,2011-03-11 12:13:00,2011-03-11 12:13:00,2011-03
15050,United Kingdom,25,5,4087.19,4,4,5,13,Champions,False,2010-08-16 12:00:00,2011-11-14 16:17:00,2010-08
15051,United Kingdom,23,9,3926.91,4,5,5,14,Champions,False,2009-12-01 13:29:00,2011-11-16 15:38:00,2009-12
15052,United Kingdom,319,1,207.73000000000002,2,1,1,4,Lost,True,2011-01-24 15:52:00,2011-01-24 15:52:00,2011-01
15053,United Kingdom,5,3,693.95,5,3,3,11,Loyal Customers,False,2011-03-03 12:06:00,2011-12-05 12:08:00,2011-03
15054,United Kingdom,12,2,302.1,5,2,2,9,New Customers,False,2011-10-30 14:33:00,2011-11-27 15:02:00,2011-10
15055,United Kingdom,475,3,549.12,1,3,2,6,At Risk,True,2009-12-16 15:48:00,2010-08-22 11:06:00,2009-12
15056,United Kingdom,520,1,113.65,1,1,1,3,Lost,True,2010-07-07 15:58:00,2010-07-07 15:58:00,2010-07
15057,United Kingdom,275,5,3255.96,2,4,5,11,At Risk,True,2009-12-05 15:27:00,2011-03-09 15:17:00,2009-12
15058,United Kingdom,25,16,3387.58,4,5,5,14,Champions,False,2010-02-24 14:07:00,2011-11-14 14:57:00,2010-02
15059,United Kingdom,41,19,3490.4,4,5,5,14,Champions,False,2009-12-06 12:17:00,2011-10-30 11:35:00,2009-12
15060,United Kingdom,8,4,293.0,5,3,2,10,Loyal Customers,False,2011-11-30 14:03:00,2011-12-01 13:47:00,2011-11
15061,United Kingdom,4,127,126387.56999999999,5,5,5,15,Champions,False,2009-12-01 12:18:00,2011-12-06 12:06:00,2009-12
15062,United Kingdom,71,8,2585.62,3,4,4,11,Potential Loyalists,False,2010-04-08 15:41:00,2011-09-29 16:51:00,2010-04
15063,United Kingdom,213,1,370.79999999999995,2,1,2,5,Lost,True,2011-05-10 13:25:00,2011-05-10 13:25:00,2011-05
15064,United Kingdom,410,4,1154.41,1,3,3,7,At Risk,True,2009-12-22 16:17:00,2010-10-25 14:32:00,2009-12
15065,United Kingdom,38,5,3326.86,4,4,5,13,Champions,False,2010-10-25 09:13:00,2011-11-02 09:45:00,2010-10
15066,United Kingdom,53,1,893.59,4,1,3,8,New Customers,False,2011-10-17 13:25:00,2011-10-17 13:25:00,2011-10
15067,United Kingdom,78,5,3862.88,3,4,5,12,Potential Loyalists,False,2010-04-11 15:54:00,2011-09-22 13:20:00,2010-04
15068,United Kingdom,46,4,1174.9,4,3,3,10,Loyal Customers,False,2010-03-28 13:18:00,2011-10-24 14:47:00,2010-03
15069,United Kingdom,179,1,1109.53,3,1,3,7,Needs Attention,True,2011-06-13 14:16:00,2011-06-13 14:16:00,2011-06
15070,United Kingdom,373,3,737.0500000000001,2,3,3,8,At Risk,True,2009-12-15 13:49:00,2010-12-02 11:23:00,2009-12
15071,United Kingdom,94,4,1455.5600000000002,3,3,4,10,Potential Loyalists,True,2010-05-18 12:45:00,2011-09-07 11:43:00,2010-05
15072,United Kingdom,479,1,187.52,1,1,1,3,Lost,True,2010-08-17 15:46:00,2010-08-17 15:46:00,2010-08
15073,United Kingdom,10,8,2788.02,5,4,4,13,Champions,False,2010-01-27 08:48:00,2011-11-30 10:44:00,2010-01
15074,United Kingdom,105,3,1553.13,3,3,4,10,Potential Loyalists,True,2010-08-29 11:47:00,2011-08-26 14:45:00,2010-08
15075,United Kingdom,78,1,773.03,3,1,3,7,Needs Attention,False,2011-09-23 12:27:00,2011-09-23 12:27:00,2011-09
15076,United Kingdom,173,3,1447.74,3,3,4,10,Potential Loyalists,True,2010-07-05 14:11:00,2011-06-20 08:23:00,2010-07
15077,United Kingdom,495,2,2428.08,1,2,4,7,Cant Lose Them,True,2009-12-09 17:10:00,2010-08-02 11:13:00,2009-12
15078,United Kingdom,7,52,17276.73,5,5,5,15,Champions,False,2009-12-04 12:03:00,2011-12-02 15:41:00,2009-12
15079,United Kingdom,213,11,3625.4,2,5,5,12,At Risk,True,2009-12-08 11:22:00,2011-05-11 12:45:00,2009-12
15080,United Kingdom,428,2,546.25,1,2,2,5,Lost,True,2010-07-26 10:03:00,2010-10-08 11:52:00,2010-07
15081,United Kingdom,22,12,1854.57,4,5,4,13,Champions,False,2010-06-22 10:25:00,2011-11-17 17:08:00,2010-06
15082,United Kingdom,669,1,93.35000000000001,1,1,1,3,Lost,True,2010-02-09 10:23:00,2010-02-09 10:23:00,2010-02
15083,United Kingdom,257,1,88.2,2,1,1,4,Lost,True,2011-03-28 12:18:00,2011-03-28 12:18:00,2011-03
15084,United Kingdom,380,2,965.1999999999999,2,2,3,7,Lost,True,2010-03-04 10:45:00,2010-11-25 11:58:00,2010-03
15085,United Kingdom,730,1,347.54,1,1,2,4,Lost,True,2009-12-10 11:47:00,2009-12-10 11:47:00,2009-12
15086,United Kingdom,565,2,218.53,1,2,1,4,Lost,True,2010-03-24 13:56:00,2010-05-24 12:27:00,2010-03
15087,United Kingdom,282,1,306.94,2,1,2,5,Lost,True,2011-03-03 10:34:00,2011-03-03 10:34:00,2011-03
15088,United Kingdom,21,2,1160.07,4,2,3,9,New Customers,False,2011-10-03 14:05:00,2011-11-18 13:14:00,2011-10
15089,United Kingdom,10,6,2420.84,5,4,4,13,Champions,False,2011-08-03 14:14:00,2011-11-29 16:31:00,2011-08
15090,United Kingdom,308,1,381.32,2,1,2,5,Lost,True,2011-02-04 14:03:00,2011-02-04 14:03:00,2011-02
15091,United Kingdom,68,3,1046.6100000000001,3,3,3,9,Potential Loyalists,False,2010-02-03 11:46:00,2011-10-03 12:47:00,2010-02
15092,United Kingdom,215,3,776.46,2,3,3,8,At Risk,True,2010-09-03 12:33:00,2011-05-08 14:10:00,2010-09
15093,United Kingdom,18,23,13702.380000000001,5,5,5,15,Champions,False,2009-12-08 12:46:00,2011-11-21 13:09:00,2009-12
15094,United Kingdom,463,2,83.0,1,2,1,4,Lost,True,2010-03-05 12:56:00,2010-09-02 16:55:00,2010-03
15095,United Kingdom,104,10,3141.64,3,5,5,13,Potential Loyalists,True,2010-01-21 09:37:00,2011-08-28 12:01:00,2010-01
15096,United Kingdom,43,1,219.39000000000001,4,1,1,6,New Customers,False,2011-10-28 10:27:00,2011-10-28 10:27:00,2011-10
15097,United Kingdom,4,3,908.35,5,3,3,11,Loyal Customers,False,2010-05-05 14:22:00,2011-12-05 14:03:00,2010-05
15098,United Kingdom,182,3,39916.5,3,3,5,11,Potential Loyalists,True,2011-06-10 15:22:00,2011-06-10 15:33:00,2011-06
15099,United Kingdom,84,1,410.48,3,1,2,6,Needs Attention,False,2011-09-16 13:13:00,2011-09-16 13:13:00,2011-09
15100,United Kingdom,334,7,2193.8999999999996,2,4,4,10,At Risk,True,2010-01-07 14:33:00,2011-01-10 10:35:00,2010-01
15101,United Kingdom,9,6,1477.94,5,4,4,13,Champions,False,2010-04-28 15:00:00,2011-12-01 10:18:00,2010-04
15102,United Kingdom,531,2,554.67,1,2,2,5,Lost,True,2010-06-11 10:16:00,2010-06-27 12:16:00,2010-06
15103,United Kingdom,31,2,703.36,4,2,3,9,New Customers,False,2011-09-14 13:54:00,2011-11-08 14:53:00,2011-09
15104,United Kingdom,197,2,993.54,2,2,3,7,Lost,True,2011-03-02 14:16:00,2011-05-27 12:29:00,2011-03
15105,United Kingdom,18,9,3094.91,5,5,5,15,Champions,False,2010-03-23 12:18:00,2011-11-21 16:54:00,2010-03
15106,United Kingdom,18,5,1422.52,5,4,4,13,Champions,False,2011-03-15 12:52:00,2011-11-22 09:16:00,2011-03
15107,United Kingdom,311,9,824.35,2,5,3,10,At Risk,True,2010-09-14 10:47:00,2011-02-01 14:46:00,2010-09
15108,European Community,142,3,1159.25,3,3,3,9,Potential Loyalists,True,2011-04-26 10:54:00,2011-07-21 10:24:00,2011-04
15109,United Kingdom,246,3,983.1,2,3,3,8,At Risk,True,2009-12-04 12:33:00,2011-04-08 09:58:00,2009-12
15110,United Kingdom,24,6,1505.8500000000001,4,4,4,12,Champions,False,2010-08-11 15:49:00,2011-11-16 11:16:00,2010-08
15111,United Kingdom,29,5,2442.37,4,4,4,12,Champions,False,2010-04-26 13:12:00,2011-11-10 16:58:00,2010-04
15112,United Kingdom,611,1,209.4,1,1,1,3,Lost,True,2010-04-07 14:17:00,2010-04-07 14:17:00,2010-04
15113,United Kingdom,10,3,3509.04,5,3,5,13,Loyal Customers,False,2011-10-16 15:27:00,2011-11-30 08:23:00,2011-10
15114,United Kingdom,30,12,3400.12,4,5,5,14,Champions,False,2010-10-14 16:44:00,2011-11-09 15:05:00,2010-10
15115,United Kingdom,18,2,531.85,5,2,2,9,New Customers,False,2009-12-07 11:20:00,2011-11-21 14:59:00,2009-12
15116,United Kingdom,18,4,1352.75,5,3,4,12,Loyal Customers,False,2011-05-19 08:50:00,2011-11-22 12:25:00,2011-05
15117,United Kingdom,15,8,2485.97,5,4,4,13,Champions,False,2010-03-15 13:39:00,2011-11-25 08:12:00,2010-03
15118,United Kingdom,134,1,244.8,3,1,1,5,Needs Attention,True,2011-07-28 14:54:00,2011-07-28 14:54:00,2011-07
15119,United Kingdom,246,1,266.4,2,1,1,4,Lost,True,2011-04-08 09:08:00,2011-04-08 09:08:00,2011-04
15120,United Kingdom,134,1,358.82,3,1,2,6,Needs Attention,True,2011-07-29 09:48:00,2011-07-29 09:48:00,2011-07
15121,United Kingdom,50,2,457.72,4,2,2,8,New Customers,False,2011-02-24 12:41:00,2011-10-20 14:51:00,2011-02
15122,United Kingdom,114,11,4487.27,3,5,5,13,Potential Loyalists,True,2010-03-30 14:05:00,2011-08-17 16:48:00,2010-03
15123,United Kingdom,7,5,4656.17,5,4,5,14,Champions,False,2010-03-16 09:49:00,2011-12-02 13:12:00,2010-03
15124,United Kingdom,23,4,450.82,4,3,2,9,Loyal Customers,False,2010-02-26 10:49:00,2011-11-17 10:09:00,2010-02
15125,United Kingdom,25,24,17024.87,4,5,5,14,Champions,False,2010-03-31 13:29:00,2011-11-14 13:57:00,2010-03
15126,United Kingdom,537,2,449.49,1,2,2,5,Lost,True,2010-01-21 17:09:00,2010-06-21 12:31:00,2010-01
15127,United Kingdom,66,2,711.5,3,2,3,8,Needs Attention,False,2010-07-08 10:07:00,2011-10-05 10:30:00,2010-07
15128,United Kingdom,60,5,1783.68,3,4,4,11,Potential Loyalists,False,2010-10-05 16:46:00,2011-10-10 13:54:00,2010-10
15129,United Kingdom,50,23,6860.18,4,5,5,14,Champions,False,2010-04-08 17:15:00,2011-10-20 14:40:00,2010-04
15130,United Kingdom,170,1,330.11,3,1,2,6,Needs Attention,True,2011-06-23 10:15:00,2011-06-23 10:15:00,2011-06
15131,United Kingdom,395,1,80.28,2,1,1,4,Lost,True,2010-11-10 12:07:00,2010-11-10 12:07:00,2010-11
15132,United Kingdom,18,5,977.9300000000001,5,4,3,12,Loyal Customers,False,2011-03-22 12:02:00,2011-11-21 17:10:00,2011-03
15133,United Kingdom,128,5,1806.9,3,4,4,11,Potential Loyalists,True,2010-07-07 12:31:00,2011-08-04 10:44:00,2010-07
15134,United Kingdom,15,10,1596.29,5,5,4,14,Champions,False,2010-10-13 12:44:00,2011-11-25 08:55:00,2010-10
15135,United Kingdom,239,2,305.68,2,2,2,6,Lost,True,2010-06-01 13:33:00,2011-04-14 19:16:00,2010-06
15136,United Kingdom,3,4,1286.7,5,3,4,12,Loyal Customers,False,2011-09-04 16:05:00,2011-12-07 12:26:00,2011-09
15137,United Kingdom,521,2,823.4,1,2,3,6,Lost,True,2010-01-28 15:45:00,2010-07-07 09:41:00,2010-01
15138,United Kingdom,394,1,502.52,2,1,2,5,Lost,True,2010-11-11 09:16:00,2010-11-11 09:16:00,2010-11
15139,United Kingdom,240,2,178.96,2,2,1,5,Lost,True,2011-01-07 12:44:00,2011-04-14 11:39:00,2011-01
15140,United Kingdom,52,8,3243.69,4,4,5,13,Champions,False,2010-09-23 13:07:00,2011-10-18 14:07:00,2010-09
15141,United Kingdom,458,7,1388.47,1,4,4,9,At Risk,True,2010-03-28 15:58:00,2010-09-08 11:33:00,2010-03
15142,United Kingdom,46,6,2619.92,4,4,4,12,Champions,False,2010-07-27 09:05:00,2011-10-24 12:51:00,2010-07
15143,United Kingdom,226,2,563.63,2,2,2,6,Lost,True,2010-10-03 13:58:00,2011-04-28 12:03:00,2010-10
15144,United Kingdom,8,29,12160.31,5,5,5,15,Champions,False,2009-12-13 11:35:00,2011-12-01 15:12:00,2009-12
15145,United Kingdom,4,4,1194.73,5,3,3,11,Loyal Customers,False,2011-04-05 15:20:00,2011-12-05 17:21:00,2011-04
15146,United Kingdom,165,2,1327.16,3,2,4,9,Needs Attention,True,2011-02-21 13:07:00,2011-06-28 12:09:00,2011-02
15147,United Kingdom,240,1,623.5,2,1,3,6,Lost,True,2011-04-13 15:57:00,2011-04-13 15:57:00,2011-04
15148,United Kingdom,11,1,301.29,5,1,2,8,New Customers,False,2011-11-29 08:21:00,2011-11-29 08:21:00,2011-11
15149,United Kingdom,134,4,1524.6100000000001,3,3,4,10,Potential Loyalists,True,2010-02-28 11:13:00,2011-07-29 10:58:00,2010-02
15150,United Kingdom,17,13,8977.94,5,5,5,15,Champions,False,2010-06-14 12:01:00,2011-11-22 12:52:00,2010-06
15151,United Kingdom,423,2,2085.61,1,2,4,7,Cant Lose Them,True,2010-07-18 12:19:00,2010-10-12 16:37:00,2010-07
15152,United Kingdom,10,14,5263.83,5,5,5,15,Champions,False,2010-01-07 15:15:00,2011-11-30 12:32:00,2010-01
15153,United Kingdom,31,1,329.25,4,1,2,7,New Customers,False,2011-11-08 17:09:00,2011-11-08 17:09:00,2011-11
15154,United Kingdom,75,3,1343.72,3,3,4,10,Potential Loyalists,False,2010-08-18 17:41:00,2011-09-25 16:05:00,2010-08
15155,United Kingdom,383,1,383.96999999999997,2,1,2,5,Lost,True,2010-11-21 12:59:00,2010-11-21 12:59:00,2010-11
15156,United Kingdom,1,3,961.49,5,3,3,11,Loyal Customers,False,2011-11-06 12:41:00,2011-12-08 18:22:00,2011-11
15157,United Kingdom,4,5,2654.11,5,4,4,13,Champions,False,2009-12-10 14:44:00,2011-12-06 11:28:00,2009-12
15158,United Kingdom,45,2,606.02,4,2,3,9,New Customers,False,2010-11-03 13:46:00,2011-10-25 13:53:00,2010-11
15159,United Kingdom,2,34,22116.73,5,5,5,15,Champions,False,2010-10-04 09:31:00,2011-12-08 12:05:00,2010-10
15160,United Kingdom,357,4,589.27,2,3,2,7,At Risk,True,2010-10-14 15:26:00,2010-12-17 14:15:00,2010-10
15161,United Kingdom,388,1,119.92,2,1,1,4,Lost,True,2010-11-16 16:08:00,2010-11-16 16:08:00,2010-11
15162,United Kingdom,731,1,312.9,1,1,2,4,Lost,True,2009-12-08 13:14:00,2009-12-08 13:14:00,2009-12
15163,United Kingdom,18,2,304.47,5,2,2,9,New Customers,False,2011-05-31 15:22:00,2011-11-21 13:10:00,2011-05
15164,United Kingdom,69,9,2028.1100000000001,3,5,4,12,Potential Loyalists,False,2010-01-18 13:34:00,2011-10-02 12:05:00,2010-01
15165,United Kingdom,373,1,487.75,2,1,2,5,Lost,True,2010-12-01 14:03:00,2010-12-01 14:03:00,2010-12
15166,United Kingdom,468,1,167.16,1,1,1,3,Lost,True,2010-08-29 12:31:00,2010-08-29 12:31:00,2010-08
15167,United Kingdom,321,5,1627.62,2,4,4,10,At Risk,True,2010-02-04 14:13:00,2011-01-23 12:41:00,2010-02
15168,United Kingdom,26,1,106.56,4,1,1,6,New Customers,False,2011-11-14 11:26:00,2011-11-14 11:26:00,2011-11
15169,United Kingdom,382,2,569.22,2,2,2,6,Lost,True,2009-12-13 11:16:00,2010-11-22 13:04:00,2009-12
15170,United Kingdom,407,1,81.15,2,1,1,4,Lost,True,2010-10-29 10:34:00,2010-10-29 10:34:00,2010-10
15171,United Kingdom,331,1,1289.5,2,1,4,7,Cant Lose Them,True,2011-01-12 15:36:00,2011-01-12 15:36:00,2011-01
15172,United Kingdom,9,5,1624.05,5,4,4,13,Champions,False,2011-04-17 11:56:00,2011-12-01 11:51:00,2011-04
15173,United Kingdom,381,7,1494.6,2,4,4,10,At Risk,True,2010-04-01 12:26:00,2010-11-24 10:21:00,2010-04
15174,United Kingdom,323,2,481.46,2,2,2,6,Lost,True,2010-10-25 09:40:00,2011-01-21 09:06:00,2010-10
15175,United Kingdom,72,1,224.14,3,1,1,5,Needs Attention,False,2011-09-29 11:31:00,2011-09-29 11:31:00,2011-09
15176,United Kingdom,668,1,988.0400000000001,1,1,3,5,Lost,True,2010-02-10 10:36:00,2010-02-10 10:36:00,2010-02
15177,United Kingdom,426,1,948.9300000000001,1,1,3,5,Lost,True,2010-10-10 12:48:00,2010-10-10 12:48:00,2010-10
15178,United Kingdom,260,1,40.5,2,1,1,4,Lost,True,2011-03-24 15:12:00,2011-03-24 15:12:00,2011-03
15179,United Kingdom,18,13,7491.92,5,5,5,15,Champions,False,2009-12-03 12:27:00,2011-11-21 12:53:00,2009-12
15180,United Kingdom,367,3,816.9300000000001,2,3,3,8,At Risk,True,2010-04-29 15:27:00,2010-12-07 14:57:00,2010-04
15181,United Kingdom,66,5,1200.2,3,4,3,10,Potential Loyalists,False,2009-12-08 19:02:00,2011-10-04 13:58:00,2009-12
15182,United Kingdom,154,11,2998.9500000000003,3,5,5,13,Potential Loyalists,True,2010-02-21 12:03:00,2011-07-08 13:37:00,2010-02
15183,United Kingdom,548,3,639.93,1,3,3,7,At Risk,True,2010-05-04 11:31:00,2010-06-10 10:43:00,2010-05
15184,United Kingdom,29,4,685.39,4,3,3,10,Loyal Customers,False,2009-12-16 12:06:00,2011-11-10 13:41:00,2009-12
15185,United Kingdom,70,1,310.62,3,1,2,6,Needs Attention,False,2011-09-30 14:06:00,2011-09-30 14:06:00,2011-09
15186,United Kingdom,14,5,1403.2,5,4,4,13,Champions,False,2010-01-12 10:14:00,2011-11-25 14:58:00,2010-01
15187,United Kingdom,2,15,4762.18,5,5,5,15,Champions,False,2011-05-11 13:49:00,2011-12-08 11:56:00,2011-05
15188,United Kingdom,725,1,310.43,1,1,2,4,Lost,True,2009-12-14 13:30:00,2009-12-14 13:30:00,2009-12
15189,United Kingdom,1,46,17524.38,5,5,5,15,Champions,False,2010-07-18 13:37:00,2011-12-08 13:22:00,2010-07
15190,United Kingdom,434,1,834.4399999999999,1,1,3,5,Lost,True,2010-10-01 13:09:00,2010-10-01 13:09:00,2010-10
15191,United Kingdom,463,3,588.05,1,3,2,6,At Risk,True,2010-01-20 12:35:00,2010-09-02 15:37:00,2010-01
15192,United Kingdom,120,5,1666.39,3,4,4,11,Potential Loyalists,True,2010-01-29 10:13:00,2011-08-12 11:41:00,2010-01
15193,United Kingdom,61,1,499.32,3,1,2,6,Needs Attention,False,2011-10-10 08:23:00,2011-10-10 08:23:00,2011-10
15194,United Kingdom,3,28,12021.53,5,5,5,15,Champions,False,2009-12-03 10:37:00,2011-12-06 15:10:00,2009-12
15195,United Kingdom,3,1,3861.0,5,1,5,11,New Customers,False,2011-12-07 12:20:00,2011-12-07 12:20:00,2011-12
15196,United Kingdom,433,2,313.7,1,2,2,5,Lost,True,2009-12-13 11:14:00,2010-10-03 10:50:00,2009-12
15197,United Kingdom,11,6,1877.51,5,4,4,13,Champions,False,2009-12-11 12:56:00,2011-11-29 10:00:00,2009-12
15198,United Kingdom,92,5,571.35,3,4,2,9,Potential Loyalists,True,2010-01-19 10:01:00,2011-09-08 14:42:00,2010-01
15199,United Kingdom,59,10,3122.4,4,5,5,14,Champions,False,2010-05-13 10:14:00,2011-10-11 15:12:00,2010-05
15200,United Kingdom,495,1,549.0500000000001,1,1,2,4,Lost,True,2010-08-02 09:38:00,2010-08-02 09:38:00,2010-08
15201,United Kingdom,87,7,1842.95,3,4,4,11,Potential Loyalists,False,2010-04-07 14:50:00,2011-09-13 14:53:00,2010-04
15203,United Kingdom,26,15,4400.18,4,5,5,14,Champions,False,2009-12-08 18:06:00,2011-11-14 08:16:00,2009-12
15204,United Kingdom,357,1,316.58,2,1,2,5,Lost,True,2010-12-17 13:49:00,2010-12-17 13:49:00,2010-12
15205,United Kingdom,85,2,653.24,3,2,3,8,Needs Attention,False,2011-08-04 16:07:00,2011-09-15 19:36:00,2011-08
15206,United Kingdom,10,4,420.3,5,3,2,10,Loyal Customers,False,2011-03-09 08:59:00,2011-11-29 13:41:00,2011-03
15207,United Kingdom,416,3,683.92,1,3,3,7,At Risk,True,2010-06-10 17:29:00,2010-10-19 13:29:00,2010-06
15208,United Kingdom,1,6,970.52,5,4,3,12,Loyal Customers,False,2010-10-12 12:17:00,2011-12-08 17:24:00,2010-10
15209,United Kingdom,730,1,178.98000000000002,1,1,1,3,Lost,True,2009-12-09 17:26:00,2009-12-09 17:26:00,2009-12
15210,United Kingdom,225,3,1176.19,2,3,3,8,At Risk,True,2010-05-13 14:42:00,2011-04-28 16:11:00,2010-05
15211,United Kingdom,60,2,894.4100000000001,3,2,3,8,Needs Attention,False,2010-12-09 16:08:00,2011-10-10 13:31:00,2010-12
15212,United Kingdom,241,2,208.28,2,2,1,5,Lost,True,2010-11-28 10:45:00,2011-04-12 13:45:00,2010-11
15213,United Kingdom,319,2,328.35,2,2,2,6,Lost,True,2011-01-14 11:05:00,2011-01-25 12:21:00,2011-01
15214,United Kingdom,2,8,1661.44,5,4,4,13,Champions,False,2011-04-11 09:46:00,2011-12-08 12:07:00,2011-04
15215,United Kingdom,47,7,2422.4300000000003,4,4,4,12,Champions,False,2010-04-06 11:21:00,2011-10-24 11:41:00,2010-04
15216,United Kingdom,88,2,486.09000000000003,3,2,2,7,Needs Attention,False,2010-03-31 09:52:00,2011-09-13 11:41:00,2010-03
15217,United Kingdom,563,1,426.24,1,1,2,4,Lost,True,2010-05-25 13:51:00,2010-05-25 13:51:00,2010-05
15218,United Kingdom,11,22,11453.83,5,5,5,15,Champions,False,2010-01-26 11:33:00,2011-11-29 11:48:00,2010-01
15219,United Kingdom,176,2,685.45,3,2,3,8,Needs Attention,True,2010-03-01 11:33:00,2011-06-16 16:57:00,2010-03
15220,United Kingdom,52,6,1778.96,4,4,4,12,Champions,False,2011-03-04 10:24:00,2011-10-19 12:39:00,2011-03
15221,United Kingdom,366,4,2062.2,2,3,4,9,At Risk,True,2010-03-12 10:40:00,2010-12-08 13:08:00,2010-03
15222,United Kingdom,319,11,3550.91,2,5,5,12,At Risk,True,2009-12-16 13:49:00,2011-01-25 08:03:00,2009-12
15223,United Kingdom,226,5,1417.95,2,4,4,10,At Risk,True,2009-12-05 11:19:00,2011-04-28 11:31:00,2009-12
15224,United Kingdom,358,5,871.36,2,4,3,9,At Risk,True,2010-01-15 16:14:00,2010-12-16 15:02:00,2010-01
15225,United Kingdom,234,1,409.40000000000003,2,1,2,5,Lost,True,2011-04-19 14:51:00,2011-04-19 14:51:00,2011-04
15226,United Kingdom,311,1,154.41,2,1,1,4,Lost,True,2011-02-02 11:41:00,2011-02-02 11:41:00,2011-02
15227,United Kingdom,37,9,2488.4900000000002,4,5,4,13,Champions,False,2010-03-16 08:23:00,2011-11-03 11:59:00,2010-03
15228,United Kingdom,66,6,5580.27,3,4,5,12,Potential Loyalists,False,2010-07-28 10:21:00,2011-10-04 13:56:00,2010-07
15229,United Kingdom,586,1,160.5,1,1,1,3,Lost,True,2010-05-02 13:50:00,2010-05-02 13:50:00,2010-05
15230,United Kingdom,239,2,429.6,2,2,2,6,Lost,True,2011-04-13 11:04:00,2011-04-14 14:39:00,2011-04
15231,United Kingdom,621,1,250.26000000000002,1,1,1,3,Lost,True,2010-03-28 15:12:00,2010-03-28 15:12:00,2010-03
15232,United Kingdom,113,2,612.06,3,2,3,8,Needs Attention,True,2011-07-22 12:21:00,2011-08-18 16:27:00,2011-07
15233,United Kingdom,401,1,59.400000000000006,2,1,1,4,Lost,True,2010-11-03 13:36:00,2010-11-03 13:36:00,2010-11
15234,United Kingdom,277,1,197.0,2,1,1,4,Lost,True,2011-03-08 08:53:00,2011-03-08 08:53:00,2011-03
15235,United Kingdom,218,16,2772.76,2,5,4,11,At Risk,True,2010-11-16 12:48:00,2011-05-06 09:44:00,2010-11
15236,United Kingdom,299,1,321.05,2,1,2,5,Lost,True,2011-02-14 10:52:00,2011-02-14 10:52:00,2011-02
15237,United Kingdom,2,4,1412.32,5,3,4,12,Loyal Customers,False,2011-04-26 15:04:00,2011-12-08 09:46:00,2011-04
15238,United Kingdom,29,3,1071.99,4,3,3,10,Loyal Customers,False,2011-06-08 16:00:00,2011-11-10 14:28:00,2011-06
15239,United Kingdom,10,2,780.59,5,2,3,10,New Customers,False,2011-09-22 09:53:00,2011-11-29 14:14:00,2011-09
15240,United Kingdom,45,12,4459.9800000000005,4,5,5,14,Champions,False,2009-12-05 14:57:00,2011-10-26 09:50:00,2009-12
15241,United Kingdom,67,11,3050.16,3,5,5,13,Potential Loyalists,False,2010-02-23 13:59:00,2011-10-04 09:05:00,2010-02
15242,United Kingdom,422,1,302.04,1,1,2,4,Lost,True,2010-10-13 15:33:00,2010-10-13 15:33:00,2010-10
15243,United Kingdom,74,2,927.28,3,2,3,8,Needs Attention,False,2010-09-30 17:28:00,2011-09-26 14:12:00,2010-09
15244,United Kingdom,65,3,912.08,3,3,3,9,Potential Loyalists,False,2010-02-11 14:48:00,2011-10-05 13:19:00,2010-02
15245,United Kingdom,134,8,4610.84,3,4,5,12,Potential Loyalists,True,2010-04-23 14:23:00,2011-07-28 18:56:00,2010-04
15246,United Kingdom,238,3,780.4,2,3,3,8,At Risk,True,2010-06-02 11:28:00,2011-04-15 14:45:00,2010-06
15247,United Kingdom,122,3,976.06,3,3,3,9,Potential Loyalists,True,2010-06-20 14:08:00,2011-08-09 12:52:00,2010-06
15248,United Kingdom,411,3,1893.93,1,3,4,8,At Risk,True,2010-06-23 14:34:00,2010-10-24 13:09:00,2010-06
15249,United Kingdom,32,18,9266.0,4,5,5,14,Champions,False,2010-03-26 14:51:00,2011-11-08 11:45:00,2010-03
15250,United Kingdom,641,1,60.0,1,1,1,3,Lost,True,2010-03-09 07:35:00,2010-03-09 07:35:00,2010-03
15251,United Kingdom,9,21,20324.54,5,5,5,15,Champions,False,2010-01-29 12:42:00,2011-11-30 15:02:00,2010-01
15252,United Kingdom,36,5,2103.41,4,4,4,12,Champions,False,2010-04-07 10:24:00,2011-11-03 13:30:00,2010-04
15253,United Kingdom,16,8,2055.09,5,4,4,13,Champions,False,2010-05-02 11:17:00,2011-11-23 16:22:00,2010-05
15254,United Kingdom,127,3,1088.35,3,3,3,9,Potential Loyalists,True,2010-05-28 10:08:00,2011-08-04 15:04:00,2010-05
15255,United Kingdom,67,9,3706.02,3,5,5,13,Potential Loyalists,False,2009-12-03 09:10:00,2011-10-04 12:43:00,2009-12
15256,United Kingdom,149,2,170.4,3,2,1,6,Needs Attention,True,2010-05-27 11:41:00,2011-07-14 11:47:00,2010-05
15257,United Kingdom,283,2,685.9,2,2,3,7,Lost,True,2010-10-21 14:03:00,2011-03-01 12:58:00,2010-10
15258,United Kingdom,169,2,623.16,3,2,3,8,Needs Attention,True,2011-05-06 14:16:00,2011-06-24 12:30:00,2011-05
15259,United Kingdom,513,4,1182.3799999999999,1,3,3,7,At Risk,True,2010-01-26 09:41:00,2010-07-15 08:47:00,2010-01
15260,United Kingdom,100,25,8767.73,3,5,5,13,Potential Loyalists,True,2009-12-06 11:45:00,2011-08-31 13:55:00,2009-12
15261,United Kingdom,135,4,1508.0,3,3,4,10,Potential Loyalists,True,2010-10-01 11:59:00,2011-07-27 15:20:00,2010-10
15262,United Kingdom,324,3,418.82,2,3,2,7,At Risk,True,2010-08-08 15:55:00,2011-01-20 12:16:00,2010-08
15263,United Kingdom,107,1,156.51,3,1,1,5,Needs Attention,True,2011-08-25 10:26:00,2011-08-25 10:26:00,2011-08
15264,United Kingdom,64,2,848.4,3,2,3,8,Needs Attention,False,2010-06-27 13:29:00,2011-10-06 13:49:00,2010-06
15265,United Kingdom,151,4,3345.64,3,3,5,11,Potential Loyalists,True,2009-12-01 17:08:00,2011-07-11 14:46:00,2009-12
15266,United Kingdom,338,5,852.21,2,4,3,9,At Risk,True,2010-01-07 12:19:00,2011-01-05 13:40:00,2010-01
15267,United Kingdom,22,5,1717.36,4,4,4,12,Champions,False,2011-06-10 10:24:00,2011-11-17 15:59:00,2011-06
15268,United Kingdom,479,3,961.9000000000001,1,3,3,7,At Risk,True,2010-04-13 11:27:00,2010-08-18 10:33:00,2010-04
15269,United Kingdom,24,3,1225.3600000000001,4,3,4,11,Loyal Customers,False,2010-11-14 12:58:00,2011-11-16 09:32:00,2010-11
15270,United Kingdom,16,21,8524.86,5,5,5,15,Champions,False,2009-12-17 15:02:00,2011-11-24 09:24:00,2009-12
15271,United Kingdom,7,24,4528.54,5,5,5,15,Champions,False,2010-08-05 14:57:00,2011-12-02 14:11:00,2010-08
15272,United Kingdom,57,6,2030.95,4,4,4,12,Champions,False,2010-02-14 13:39:00,2011-10-13 12:59:00,2010-02
15273,United Kingdom,600,1,228.96,1,1,1,3,Lost,True,2010-04-19 11:31:00,2010-04-19 11:31:00,2010-04
15274,United Kingdom,4,2,716.57,5,2,3,10,New Customers,False,2011-11-21 14:17:00,2011-12-05 16:57:00,2011-11
15275,United Kingdom,38,1,615.14,4,1,3,8,New Customers,False,2011-11-02 11:20:00,2011-11-02 11:20:00,2011-11
15276,United Kingdom,66,4,619.8,3,3,3,9,Potential Loyalists,False,2010-10-01 12:24:00,2011-10-04 16:39:00,2010-10
15277,United Kingdom,47,2,476.34000000000003,4,2,2,8,New Customers,False,2010-10-10 16:02:00,2011-10-24 10:08:00,2010-10
15278,United Kingdom,562,4,496.16,1,3,2,6,At Risk,True,2010-02-12 14:53:00,2010-05-27 10:03:00,2010-02
15279,United Kingdom,355,5,1580.54,2,4,4,10,At Risk,True,2010-02-02 10:15:00,2010-12-20 10:48:00,2010-02
15280,United Kingdom,172,3,397.52,3,3,2,8,Potential Loyalists,True,2010-05-17 14:17:00,2011-06-20 17:14:00,2010-05
15281,United Kingdom,59,16,8543.57,4,5,5,14,Champions,False,2010-10-08 12:14:00,2011-10-12 09:10:00,2010-10
15282,United Kingdom,570,1,348.59,1,1,2,4,Lost,True,2010-05-18 16:27:00,2010-05-18 16:27:00,2010-05
15283,United Kingdom,390,3,148.32999999999998,2,3,1,6,At Risk,True,2010-07-09 15:46:00,2010-11-14 14:54:00,2010-07
15284,United Kingdom,500,1,24.75,1,1,1,3,Lost,True,2010-07-27 13:25:00,2010-07-27 13:25:00,2010-07
15285,United Kingdom,408,1,94.92,2,1,1,4,Lost,True,2010-10-28 09:46:00,2010-10-28 09:46:00,2010-10
15286,United Kingdom,50,1,240.55,4,1,1,6,New Customers,False,2011-10-21 11:08:00,2011-10-21 11:08:00,2011-10
15287,United Kingdom,22,5,856.03,4,4,3,11,Loyal Customers,False,2009-12-02 12:13:00,2011-11-17 15:34:00,2009-12
15288,United Kingdom,43,10,3706.53,4,5,5,14,Champions,False,2010-02-12 15:27:00,2011-10-27 16:58:00,2010-02
15289,United Kingdom,29,5,1593.09,4,4,4,12,Champions,False,2010-03-28 11:45:00,2011-11-10 13:49:00,2010-03
15290,United Kingdom,5,26,10496.28,5,5,5,15,Champions,False,2010-02-24 10:15:00,2011-12-05 11:39:00,2010-02
15291,United Kingdom,26,39,13472.76,4,5,5,14,Champions,False,2009-12-03 11:09:00,2011-11-14 11:02:00,2009-12
15292,United Kingdom,201,1,178.39,2,1,1,4,Lost,True,2011-05-22 15:00:00,2011-05-22 15:00:00,2011-05
15293,United Kingdom,666,1,247.5,1,1,1,3,Lost,True,2010-02-12 11:54:00,2010-02-12 11:54:00,2010-02
15294,United Kingdom,411,1,233.35,1,1,1,3,Lost,True,2010-10-25 11:45:00,2010-10-25 11:45:00,2010-10
15295,United Kingdom,654,1,207.04,1,1,1,3,Lost,True,2010-02-23 13:03:00,2010-02-23 13:03:00,2010-02
15296,United Kingdom,51,12,10323.03,4,5,5,14,Champions,False,2010-01-21 13:48:00,2011-10-20 11:47:00,2010-01
15297,United Kingdom,10,3,641.94,5,3,3,11,Loyal Customers,False,2011-10-07 09:42:00,2011-11-29 16:32:00,2011-10
15298,United Kingdom,2,23,9061.77,5,5,5,15,Champions,False,2009-12-08 17:04:00,2011-12-07 17:17:00,2009-12
15299,United Kingdom,67,9,5556.53,3,5,5,13,Potential Loyalists,False,2010-01-12 11:34:00,2011-10-03 14:19:00,2010-01
15300,United Kingdom,64,1,496.44,3,1,2,6,Needs Attention,False,2011-10-06 17:08:00,2011-10-06 17:08:00,2011-10
15301,United Kingdom,51,17,6909.67,4,5,5,14,Champions,False,2010-09-15 15:41:00,2011-10-20 09:57:00,2010-09
15302,United Kingdom,730,1,308.0,1,1,2,4,Lost,True,2009-12-09 13:11:00,2009-12-09 13:11:00,2009-12
15303,United Kingdom,290,3,1224.18,2,3,4,9,At Risk,True,2010-01-25 09:42:00,2011-02-22 13:59:00,2010-01
15304,United Kingdom,61,9,796.4,3,5,3,11,Potential Loyalists,False,2010-10-14 10:24:00,2011-10-10 10:23:00,2010-10
15305,United Kingdom,555,1,93.6,1,1,1,3,Lost,True,2010-06-02 13:50:00,2010-06-02 13:50:00,2010-06
15306,United Kingdom,64,9,3484.73,3,5,5,13,Potential Loyalists,False,2010-02-18 17:12:00,2011-10-06 12:56:00,2010-02
15307,United Kingdom,96,1,205.3,3,1,1,5,Needs Attention,True,2011-09-05 11:38:00,2011-09-05 11:38:00,2011-09
15308,United Kingdom,274,1,310.47,2,1,2,5,Lost,True,2011-03-10 13:08:00,2011-03-10 13:08:00,2011-03
15309,United Kingdom,611,4,797.96,1,3,3,7,At Risk,True,2009-12-04 13:01:00,2010-04-08 11:11:00,2009-12
15310,United Kingdom,479,1,1634.64,1,1,4,6,Cant Lose Them,True,2010-08-18 11:38:00,2010-08-18 11:38:00,2010-08
15311,United Kingdom,1,207,114671.42,5,5,5,15,Champions,False,2009-12-01 11:21:00,2011-12-09 12:00:00,2009-12
15312,United Kingdom,75,12,2930.19,3,5,5,13,Potential Loyalists,False,2009-12-16 09:23:00,2011-09-25 13:10:00,2009-12
15313,United Kingdom,110,1,52.0,3,1,1,5,Needs Attention,True,2011-08-21 16:02:00,2011-08-21 16:02:00,2011-08
15314,United Kingdom,199,3,820.45,2,3,3,8,At Risk,True,2010-10-07 15:41:00,2011-05-24 14:39:00,2010-10
15315,United Kingdom,64,2,570.5,3,2,2,7,Needs Attention,False,2011-08-15 15:17:00,2011-10-06 12:51:00,2011-08
15316,United Kingdom,327,1,165.0,2,1,1,4,Lost,True,2011-01-17 11:34:00,2011-01-17 11:34:00,2011-01
15317,United Kingdom,677,1,129.75,1,1,1,3,Lost,True,2010-01-31 15:55:00,2010-01-31 15:55:00,2010-01
15318,United Kingdom,4,1,312.62,5,1,2,8,New Customers,False,2011-12-06 11:30:00,2011-12-06 11:30:00,2011-12
15319,United Kingdom,284,1,204.5,2,1,1,4,Lost,True,2011-03-01 12:48:00,2011-03-01 12:48:00,2011-03
15320,United Kingdom,44,1,267.13,4,1,1,6,New Customers,False,2011-10-26 13:27:00,2011-10-26 13:27:00,2011-10
15321,United Kingdom,71,12,6709.7300000000005,3,5,5,13,Potential Loyalists,False,2010-02-03 09:47:00,2011-09-30 09:40:00,2010-02
15322,United Kingdom,86,2,1390.86,3,2,4,9,Needs Attention,False,2010-08-20 13:10:00,2011-09-15 09:34:00,2010-08
15323,United Kingdom,563,3,434.6,1,3,2,6,At Risk,True,2010-02-16 09:21:00,2010-05-26 10:01:00,2010-02
15324,United Kingdom,701,1,140.22000000000003,1,1,1,3,Lost,True,2010-01-07 14:37:00,2010-01-07 14:37:00,2010-01
15325,United Kingdom,104,8,1601.46,3,4,4,11,Potential Loyalists,True,2010-02-16 13:30:00,2011-08-28 11:55:00,2010-02
15326,United Kingdom,334,5,1700.52,2,4,4,10,At Risk,True,2009-12-01 13:19:00,2011-01-10 11:38:00,2009-12
15327,United Kingdom,53,1,208.75,4,1,1,6,New Customers,False,2011-10-18 11:55:00,2011-10-18 11:55:00,2011-10
15328,United Kingdom,408,1,107.24,2,1,1,4,Lost,True,2010-10-28 09:05:00,2010-10-28 09:05:00,2010-10
15329,United Kingdom,39,11,2958.83,4,5,5,14,Champions,False,2009-12-14 12:18:00,2011-10-31 15:36:00,2009-12
15330,United Kingdom,32,2,714.9599999999999,4,2,3,9,New Customers,False,2011-10-10 12:30:00,2011-11-07 17:50:00,2011-10
15331,United Kingdom,500,3,767.91,1,3,3,7,At Risk,True,2010-04-09 14:26:00,2010-07-28 09:42:00,2010-04
15332,Lithuania,366,6,4892.68,2,4,5,11,At Risk,True,2010-07-14 13:01:00,2010-12-08 14:43:00,2010-07
15333,United Kingdom,208,1,1028.56,2,1,3,6,Lost,True,2011-05-15 13:27:00,2011-05-15 13:27:00,2011-05
15334,United Kingdom,157,3,347.87,3,3,2,8,Potential Loyalists,True,2011-06-19 13:51:00,2011-07-06 11:22:00,2011-06
15335,United Kingdom,54,1,170.22,4,1,1,6,New Customers,False,2011-10-17 12:50:00,2011-10-17 12:50:00,2011-10
15336,United Kingdom,402,1,240.5,2,1,1,4,Lost,True,2010-11-03 12:39:00,2010-11-03 12:39:00,2010-11
15337,United Kingdom,411,1,373.02,1,1,2,4,Lost,True,2010-10-24 15:29:00,2010-10-24 15:29:00,2010-10
15338,United Kingdom,677,1,277.93,1,1,1,3,Lost,True,2010-01-31 14:25:00,2010-01-31 14:25:00,2010-01
15339,United Kingdom,66,7,1821.02,3,4,4,11,Potential Loyalists,False,2010-02-08 13:38:00,2011-10-04 12:51:00,2010-02
15340,United Kingdom,562,1,105.5,1,1,1,3,Lost,True,2010-05-27 10:27:00,2010-05-27 10:27:00,2010-05
15341,United Kingdom,81,2,2402.72,3,2,4,9,Needs Attention,False,2010-09-16 16:41:00,2011-09-20 09:40:00,2010-09
15342,United Kingdom,130,1,406.09000000000003,3,1,2,6,Needs Attention,True,2011-08-02 10:19:00,2011-08-02 10:19:00,2011-08
15343,United Kingdom,87,1,364.5,3,1,2,6,Needs Attention,False,2011-09-13 13:55:00,2011-09-13 13:55:00,2011-09
15344,United Kingdom,1,3,563.94,5,3,2,10,Loyal Customers,False,2011-09-26 14:48:00,2011-12-09 10:45:00,2011-09
15345,United Kingdom,46,1,393.54,4,1,2,7,New Customers,False,2011-10-25 11:28:00,2011-10-25 11:28:00,2011-10
15346,United Kingdom,333,3,596.12,2,3,2,7,At Risk,True,2010-10-04 15:11:00,2011-01-11 11:18:00,2010-10
15347,United Kingdom,366,4,1162.0,2,3,3,8,At Risk,True,2010-09-28 12:50:00,2010-12-08 15:25:00,2010-09
15348,United Kingdom,72,1,158.04,3,1,1,5,Needs Attention,False,2011-09-28 13:17:00,2011-09-28 13:17:00,2011-09
15349,United Kingdom,158,2,463.91,3,2,2,7,Needs Attention,True,2011-06-05 15:46:00,2011-07-04 16:06:00,2011-06
15350,United Kingdom,373,2,547.6,2,2,2,6,Lost,True,2010-11-21 15:14:00,2010-12-01 13:33:00,2010-11
15351,United Kingdom,12,10,3430.22,5,5,5,15,Champions,False,2010-10-03 12:18:00,2011-11-27 12:52:00,2010-10
15352,United Kingdom,549,1,111.15,1,1,1,3,Lost,True,2010-06-09 11:28:00,2010-06-09 11:28:00,2010-06
15353,United Kingdom,255,7,2794.47,2,4,4,10,At Risk,True,2009-12-02 11:33:00,2011-03-30 12:15:00,2009-12
15355,United Kingdom,29,2,277.05,4,2,1,7,New Customers,False,2011-10-17 15:22:00,2011-11-10 13:44:00,2011-10
15356,United Kingdom,31,13,3239.57,4,5,5,14,Champions,False,2010-10-13 13:12:00,2011-11-08 13:11:00,2010-10
15358,United Kingdom,5,42,16425.86,5,5,5,15,Champions,False,2009-12-07 12:19:00,2011-12-05 09:04:00,2009-12
15359,United Kingdom,663,8,181.35,1,4,1,6,At Risk,True,2010-01-15 11:30:00,2010-02-15 10:47:00,2010-01
15360,United Kingdom,40,1,427.93,4,1,2,7,New Customers,False,2011-10-31 09:35:00,2011-10-31 09:35:00,2011-10
15361,United Kingdom,362,4,689.07,2,3,3,8,At Risk,True,2010-06-14 13:27:00,2010-12-13 09:52:00,2010-06
15362,United Kingdom,449,2,613.08,1,2,3,6,Lost,True,2009-12-01 09:08:00,2010-09-17 10:37:00,2009-12
15363,United Kingdom,373,2,678.11,2,2,3,7,Lost,True,2010-08-04 08:41:00,2010-12-02 12:28:00,2010-08
15364,United Kingdom,96,2,913.19,3,2,3,8,Needs Attention,True,2011-03-30 13:39:00,2011-09-05 09:46:00,2011-03
15365,United Kingdom,26,13,4557.13,4,5,5,14,Champions,False,2010-02-04 16:43:00,2011-11-14 08:29:00,2010-02
15366,United Kingdom,75,7,2389.08,3,4,4,11,Potential Loyalists,False,2010-02-26 10:10:00,2011-09-25 15:01:00,2010-02
15367,United Kingdom,57,11,5081.33,4,5,5,14,Champions,False,2009-12-10 14:20:00,2011-10-13 14:13:00,2009-12
15368,United Kingdom,21,2,722.74,4,2,3,9,New Customers,False,2010-11-10 15:52:00,2011-11-18 14:42:00,2010-11
15369,United Kingdom,492,11,6251.26,1,5,5,11,At Risk,True,2009-12-08 07:43:00,2010-08-04 13:54:00,2009-12
15370,United Kingdom,41,8,3739.01,4,4,5,13,Champions,False,2010-10-25 12:08:00,2011-10-30 10:58:00,2010-10
15371,United Kingdom,662,1,59.400000000000006,1,1,1,3,Lost,True,2010-02-15 13:14:00,2010-02-15 13:14:00,2010-02
15372,United Kingdom,137,8,6017.0599999999995,3,4,5,12,Potential Loyalists,True,2010-02-14 11:24:00,2011-07-25 16:39:00,2010-02
15373,United Kingdom,8,17,3084.54,5,5,5,15,Champions,False,2010-05-02 11:57:00,2011-12-01 15:05:00,2010-05
15374,United Kingdom,129,2,307.32,3,2,2,7,Needs Attention,True,2010-03-25 12:03:00,2011-08-03 09:59:00,2010-03
15375,United Kingdom,690,1,60.959999999999994,1,1,1,3,Lost,True,2010-01-18 15:38:00,2010-01-18 15:38:00,2010-01
15376,United Kingdom,40,3,1221.56,4,3,4,11,Loyal Customers,False,2011-05-01 13:45:00,2011-10-30 15:04:00,2011-05
15377,United Kingdom,383,4,1211.75,2,3,4,9,At Risk,True,2010-10-20 11:42:00,2010-11-22 08:55:00,2010-10
15378,United Kingdom,463,2,246.5,1,2,1,4,Lost,True,2010-07-26 08:47:00,2010-09-03 11:30:00,2010-07
15379,United Kingdom,169,8,4877.84,3,4,5,12,Potential Loyalists,True,2010-11-04 11:59:00,2011-06-23 13:13:00,2010-11
15380,United Kingdom,9,11,3248.96,5,5,5,15,Champions,False,2009-12-01 13:50:00,2011-12-01 12:13:00,2009-12
15381,United Kingdom,214,5,1890.57,2,4,4,10,At Risk,True,2010-05-05 14:35:00,2011-05-10 11:55:00,2010-05
15382,United Kingdom,15,12,13733.550000000001,5,5,5,15,Champions,False,2009-12-04 14:13:00,2011-11-25 10:58:00,2009-12
15384,United Kingdom,170,4,2027.79,3,3,4,10,Potential Loyalists,True,2010-04-26 12:38:00,2011-06-23 10:57:00,2010-04
15385,United Kingdom,40,3,942.08,4,3,3,10,Loyal Customers,False,2010-01-31 13:02:00,2011-10-30 15:11:00,2010-01
15386,United Kingdom,186,1,394.14,3,1,2,6,Needs Attention,True,2011-06-06 13:47:00,2011-06-06 13:47:00,2011-06
15387,United Kingdom,492,1,468.65,1,1,2,4,Lost,True,2010-08-04 16:05:00,2010-08-04 16:05:00,2010-08
15388,Canada,270,1,140.54,2,1,1,4,Lost,True,2011-03-14 13:53:00,2011-03-14 13:53:00,2011-03
15389,United Kingdom,172,5,2733.8,3,4,4,11,Potential Loyalists,True,2010-01-27 12:44:00,2011-06-20 16:18:00,2010-01
15390,Canada,396,2,1216.66,2,2,4,8,Cant Lose Them,True,2010-10-26 17:23:00,2010-11-08 15:19:00,2010-10
15391,United Kingdom,584,1,289.87,1,1,2,4,Lost,True,2010-05-04 15:04:00,2010-05-04 15:04:00,2010-05
15392,United Kingdom,5,7,2911.62,5,4,5,14,Champions,False,2010-10-04 12:50:00,2011-12-05 11:01:00,2010-10
15393,United Kingdom,16,5,891.34,5,4,3,12,Loyal Customers,False,2009-12-15 17:56:00,2011-11-23 16:48:00,2009-12
15394,United Kingdom,10,11,5286.8,5,5,5,15,Champions,False,2009-12-15 19:05:00,2011-11-30 11:49:00,2009-12
15395,United Kingdom,326,1,107.45,2,1,1,4,Lost,True,2011-01-18 12:40:00,2011-01-18 12:40:00,2011-01
15396,United Kingdom,113,2,796.38,3,2,3,8,Needs Attention,True,2010-05-05 09:04:00,2011-08-19 10:56:00,2010-05
15397,United Kingdom,290,1,94.0,2,1,1,4,Lost,True,2011-02-23 09:25:00,2011-02-23 09:25:00,2011-02
15398,United Kingdom,16,2,1345.53,5,2,4,11,New Customers,False,2011-09-22 14:56:00,2011-11-23 16:47:00,2011-09
15399,United Kingdom,1,3,815.77,5,3,3,11,Loyal Customers,False,2011-09-21 15:57:00,2011-12-08 13:04:00,2011-09
15400,United Kingdom,92,8,1302.3,3,4,4,11,Potential Loyalists,True,2010-05-28 08:33:00,2011-09-08 13:57:00,2010-05
15401,United Kingdom,452,2,216.95,1,2,1,4,Lost,True,2010-05-20 10:56:00,2010-09-13 13:42:00,2010-05
15402,United Kingdom,149,6,1830.1200000000001,3,4,4,11,Potential Loyalists,True,2010-04-27 12:12:00,2011-07-14 12:17:00,2010-04
15403,United Kingdom,492,2,170.88,1,2,1,4,Lost,True,2009-12-09 12:45:00,2010-08-05 12:21:00,2009-12
15404,United Kingdom,376,1,257.06,2,1,1,4,Lost,True,2010-11-29 11:03:00,2010-11-29 11:03:00,2010-11
15405,United Kingdom,189,2,659.84,2,2,3,7,Lost,True,2010-05-12 15:56:00,2011-06-03 14:44:00,2010-05
15406,United Kingdom,31,4,975.87,4,3,3,10,Loyal Customers,False,2010-09-12 13:06:00,2011-11-08 13:22:00,2010-09
15407,United Kingdom,34,4,1046.74,4,3,3,10,Loyal Customers,False,2011-02-07 13:18:00,2011-11-06 11:55:00,2011-02
15408,United Kingdom,264,1,267.18,2,1,1,4,Lost,True,2011-03-20 15:02:00,2011-03-20 15:02:00,2011-03
15409,United Kingdom,721,1,131.25,1,1,1,3,Lost,True,2009-12-18 15:35:00,2009-12-18 15:35:00,2009-12
15410,United Kingdom,84,10,4685.72,3,5,5,13,Potential Loyalists,False,2010-04-19 08:57:00,2011-09-16 14:47:00,2010-04
15411,United Kingdom,26,4,1348.93,4,3,4,11,Loyal Customers,False,2011-06-10 12:30:00,2011-11-13 15:19:00,2011-06
15412,United Kingdom,171,1,190.53,3,1,1,5,Needs Attention,True,2011-06-21 15:24:00,2011-06-21 15:24:00,2011-06
15413,United Kingdom,692,5,6798.72,1,4,5,10,At Risk,True,2009-12-01 10:18:00,2010-01-17 11:33:00,2009-12
15414,United Kingdom,10,3,774.9000000000001,5,3,3,11,Loyal Customers,False,2011-04-11 13:45:00,2011-11-30 09:50:00,2011-04
15415,United Kingdom,313,1,559.61,2,1,2,5,Lost,True,2011-01-30 14:13:00,2011-01-30 14:13:00,2011-01
15416,United Kingdom,65,7,4572.82,3,4,5,12,Potential Loyalists,False,2010-02-01 11:55:00,2011-10-06 09:38:00,2010-02
15417,United Kingdom,85,1,508.8,3,1,2,6,Needs Attention,False,2011-09-15 15:26:00,2011-09-15 15:26:00,2011-09
15418,United Kingdom,425,2,449.42,1,2,2,5,Lost,True,2010-05-02 11:31:00,2010-10-10 13:38:00,2010-05
15419,United Kingdom,25,1,135.86,4,1,1,6,New Customers,False,2011-11-15 09:23:00,2011-11-15 09:23:00,2011-11
15420,United Kingdom,434,6,743.0,1,4,3,8,At Risk,True,2009-12-05 13:29:00,2010-10-01 15:46:00,2009-12
15421,United Kingdom,59,10,3805.34,4,5,5,14,Champions,False,2009-12-07 15:10:00,2011-10-12 09:20:00,2009-12
15422,United Kingdom,323,7,1619.97,2,4,4,10,At Risk,True,2010-02-07 11:52:00,2011-01-20 16:17:00,2010-02
15423,United Kingdom,38,3,266.89,4,3,1,8,Loyal Customers,False,2010-03-28 13:42:00,2011-11-01 14:01:00,2010-03
15424,United Kingdom,254,3,597.78,2,3,2,7,At Risk,True,2010-09-02 17:17:00,2011-03-30 13:02:00,2010-09
15425,United Kingdom,400,4,1941.1200000000001,2,3,4,9,At Risk,True,2010-02-14 12:36:00,2010-11-04 18:13:00,2010-02
15426,United Kingdom,19,9,2156.35,5,5,4,14,Champions,False,2010-05-02 15:10:00,2011-11-20 15:36:00,2010-05
15427,United Kingdom,33,3,1430.54,4,3,4,11,Loyal Customers,False,2011-10-23 14:47:00,2011-11-06 14:29:00,2011-10
15428,United Kingdom,15,4,762.75,5,3,3,11,Loyal Customers,False,2009-12-17 17:46:00,2011-11-24 16:54:00,2009-12
15429,United Kingdom,27,2,397.35,4,2,2,8,New Customers,False,2011-09-25 13:42:00,2011-11-13 12:28:00,2011-09
15430,United Kingdom,468,2,954.75,1,2,3,6,Lost,True,2010-06-29 15:04:00,2010-08-29 10:42:00,2010-06
15431,United Kingdom,503,1,153.24,1,1,1,3,Lost,True,2010-07-25 12:44:00,2010-07-25 12:44:00,2010-07
15432,United Kingdom,23,2,320.76,4,2,2,8,New Customers,False,2010-06-16 14:34:00,2011-11-16 16:30:00,2010-06
15433,United Kingdom,214,2,533.3,2,2,2,6,Lost,True,2011-03-17 14:12:00,2011-05-10 10:45:00,2011-03
15434,United Kingdom,8,11,2567.06,5,5,4,14,Champions,False,2010-01-24 15:35:00,2011-12-01 13:33:00,2010-01
15435,United Kingdom,22,1,149.29,4,1,1,6,New Customers,False,2011-11-17 16:39:00,2011-11-17 16:39:00,2011-11
15436,United Kingdom,12,3,1067.75,5,3,3,11,Loyal Customers,False,2011-04-19 16:52:00,2011-11-27 16:05:00,2011-04
15437,United Kingdom,262,2,393.45,2,2,2,6,Lost,True,2010-03-09 10:45:00,2011-03-22 13:11:00,2010-03
15438,United Kingdom,131,1,156.57999999999998,3,1,1,5,Needs Attention,True,2011-07-31 14:19:00,2011-07-31 14:19:00,2011-07
15439,United Kingdom,405,4,1269.05,2,3,4,9,At Risk,True,2010-02-24 12:05:00,2010-10-31 10:38:00,2010-02
15440,United Kingdom,55,3,383.68,4,3,2,9,Loyal Customers,False,2011-05-15 11:30:00,2011-10-16 12:16:00,2011-05
15441,United Kingdom,396,3,1254.21,2,3,4,9,At Risk,True,2009-12-09 14:55:00,2010-11-08 15:50:00,2009-12
15442,United Kingdom,249,1,594.0,2,1,2,5,Lost,True,2011-04-05 12:24:00,2011-04-05 12:24:00,2011-04
15443,United Kingdom,2,14,5114.2300000000005,5,5,5,15,Champions,False,2010-03-07 12:10:00,2011-12-08 10:40:00,2010-03
15444,United Kingdom,9,2,1411.21,5,2,4,11,New Customers,False,2011-10-30 16:12:00,2011-11-30 17:37:00,2011-10
15445,United Kingdom,264,2,284.5,2,2,1,5,Lost,True,2010-04-28 15:00:00,2011-03-20 15:06:00,2010-04
15446,United Kingdom,377,3,396.75,2,3,2,7,At Risk,True,2009-12-13 13:53:00,2010-11-28 11:59:00,2009-12
15447,United Kingdom,331,5,492.88,2,4,2,8,At Risk,True,2010-03-24 14:40:00,2011-01-13 11:26:00,2010-03
15448,United Kingdom,313,2,788.8100000000001,2,2,3,7,Lost,True,2010-02-03 13:29:00,2011-01-31 10:42:00,2010-02
15449,United Kingdom,26,3,974.52,4,3,3,10,Loyal Customers,False,2011-03-23 10:43:00,2011-11-13 15:02:00,2011-03
15450,United Kingdom,30,1,429.84,4,1,2,7,New Customers,False,2011-11-09 17:11:00,2011-11-09 17:11:00,2011-11
15451,United Kingdom,434,2,226.86,1,2,1,4,Lost,True,2010-04-19 14:08:00,2010-10-01 13:40:00,2010-04
15452,United Kingdom,30,6,1785.1100000000001,4,4,4,12,Champions,False,2010-07-16 14:23:00,2011-11-10 12:13:00,2010-07
15453,United Kingdom,2,7,1371.77,5,4,4,13,Champions,False,2011-06-05 12:37:00,2011-12-08 10:59:00,2011-06
15454,United Kingdom,362,2,303.89,2,2,2,6,Lost,True,2010-03-31 13:15:00,2010-12-12 14:21:00,2010-03
15455,United Kingdom,598,1,38.25,1,1,1,3,Lost,True,2010-04-21 12:43:00,2010-04-21 12:43:00,2010-04
15456,United Kingdom,283,10,2091.52,2,5,4,11,At Risk,True,2009-12-08 12:54:00,2011-03-01 13:51:00,2009-12
15457,United Kingdom,262,1,237.07,2,1,1,4,Lost,True,2011-03-22 15:31:00,2011-03-22 15:31:00,2011-03
15458,United Kingdom,25,2,370.44,4,2,2,8,New Customers,False,2010-11-02 19:50:00,2011-11-14 13:08:00,2010-11
15459,United Kingdom,417,2,202.83,1,2,1,4,Lost,True,2010-07-30 14:31:00,2010-10-18 15:25:00,2010-07
15460,United Kingdom,354,1,214.26,2,1,1,4,Lost,True,2010-12-20 16:08:00,2010-12-20 16:08:00,2010-12
15461,United Kingdom,461,2,429.7,1,2,2,5,Lost,True,2010-03-18 12:40:00,2010-09-05 12:31:00,2010-03
15462,United Kingdom,94,4,737.05,3,3,3,9,Potential Loyalists,True,2010-09-20 10:23:00,2011-09-06 13:11:00,2010-09
15463,United Kingdom,29,1,126.14,4,1,1,6,New Customers,False,2011-11-10 12:57:00,2011-11-10 12:57:00,2011-11
15464,United Kingdom,338,1,1044.65,2,1,3,6,Lost,True,2011-01-05 15:56:00,2011-01-05 15:56:00,2011-01
15465,United Kingdom,20,32,12100.4,4,5,5,14,Champions,False,2009-12-10 09:42:00,2011-11-20 10:11:00,2009-12
15466,United Kingdom,85,4,1560.46,3,3,4,10,Potential Loyalists,False,2009-12-03 12:28:00,2011-09-15 14:08:00,2009-12
15467,United Kingdom,9,3,524.88,5,3,2,10,Loyal Customers,False,2011-07-10 14:42:00,2011-11-30 14:17:00,2011-07
15468,United Kingdom,51,3,1430.48,4,3,4,11,Loyal Customers,False,2010-11-12 09:39:00,2011-10-19 13:49:00,2010-11
15469,United Kingdom,50,3,874.25,4,3,3,10,Loyal Customers,False,2010-09-27 10:09:00,2011-10-20 16:21:00,2010-09
15470,United Kingdom,576,1,63.419999999999995,1,1,1,3,Lost,True,2010-05-13 09:35:00,2010-05-13 09:35:00,2010-05
15471,United Kingdom,2,3,1292.01,5,3,4,12,Loyal Customers,False,2010-06-07 12:17:00,2011-12-07 14:12:00,2010-06
15472,United Kingdom,113,1,371.56,3,1,2,6,Needs Attention,True,2011-08-18 15:17:00,2011-08-18 15:17:00,2011-08
15473,United Kingdom,14,8,2046.0,5,4,4,13,Champions,False,2010-09-21 09:14:00,2011-11-25 15:15:00,2010-09
15474,United Kingdom,596,1,150.35,1,1,1,3,Lost,True,2010-04-23 11:14:00,2010-04-23 11:14:00,2010-04
15475,United Kingdom,77,1,454.11,3,1,2,6,Needs Attention,False,2011-09-23 15:20:00,2011-09-23 15:20:00,2011-09
15476,United Kingdom,380,4,2209.98,2,3,4,9,At Risk,True,2010-09-23 14:00:00,2010-11-24 15:17:00,2010-09
15477,United Kingdom,650,1,368.4,1,1,2,4,Lost,True,2010-02-28 10:37:00,2010-02-28 10:37:00,2010-02
15478,United Kingdom,40,3,1940.98,4,3,4,11,Loyal Customers,False,2010-05-13 18:49:00,2011-10-30 14:19:00,2010-05
15479,United Kingdom,733,1,147.4,1,1,1,3,Lost,True,2009-12-06 15:08:00,2009-12-06 15:08:00,2009-12
15480,Malta,116,3,3592.25,3,3,5,11,Potential Loyalists,True,2010-02-01 14:52:00,2011-08-15 14:32:00,2010-02
15481,Norway,401,1,1993.34,2,1,4,7,Cant Lose Them,True,2010-11-03 14:52:00,2010-11-03 14:52:00,2010-11
15482,United Kingdom,16,18,14377.36,5,5,5,15,Champions,False,2009-12-02 16:59:00,2011-11-24 10:46:00,2009-12
15483,United Kingdom,161,10,810.68,3,5,3,11,Potential Loyalists,True,2010-01-24 15:42:00,2011-07-01 13:07:00,2010-01
15484,United Kingdom,1,6,4652.1,5,4,5,14,Champions,False,2009-12-05 15:18:00,2011-12-08 15:03:00,2009-12
15485,United Kingdom,30,7,4810.92,4,4,5,13,Champions,False,2009-12-01 17:31:00,2011-11-09 14:31:00,2009-12
15486,United Kingdom,527,1,102.0,1,1,1,3,Lost,True,2010-06-30 13:15:00,2010-06-30 13:15:00,2010-06
15487,United Kingdom,680,1,231.32,1,1,1,3,Lost,True,2010-01-29 12:07:00,2010-01-29 12:07:00,2010-01
15488,United Kingdom,93,5,431.92,3,4,2,9,Potential Loyalists,True,2010-05-05 13:03:00,2011-09-08 10:11:00,2010-05
15489,United Kingdom,23,8,2419.61,4,4,4,12,Champions,False,2010-01-15 16:58:00,2011-11-17 08:53:00,2010-01
15490,United Kingdom,430,1,210.85,1,1,1,3,Lost,True,2010-10-05 13:11:00,2010-10-05 13:11:00,2010-10
15491,United Kingdom,95,6,3100.09,3,4,5,12,Potential Loyalists,True,2011-04-18 10:04:00,2011-09-05 15:56:00,2011-04
15492,United Kingdom,28,2,659.46,4,2,3,9,New Customers,False,2011-09-26 14:02:00,2011-11-11 14:53:00,2011-09
15493,United Kingdom,33,9,4113.19,4,5,5,14,Champions,False,2010-02-23 11:14:00,2011-11-07 12:04:00,2010-02
15494,United Kingdom,21,5,3702.6,4,4,5,13,Champions,False,2009-12-10 20:16:00,2011-11-18 14:51:00,2009-12
15495,United Kingdom,379,1,246.5,2,1,1,4,Lost,True,2010-11-25 13:46:00,2010-11-25 13:46:00,2010-11
15496,United Kingdom,631,1,146.14,1,1,1,3,Lost,True,2010-03-18 13:16:00,2010-03-18 13:16:00,2010-03
15497,United Kingdom,18,9,8657.39,5,5,5,15,Champions,False,2009-12-18 15:08:00,2011-11-22 11:51:00,2009-12
15498,United Kingdom,3,44,24972.86,5,5,5,15,Champions,False,2009-12-16 17:27:00,2011-12-07 12:48:00,2009-12
15499,United Kingdom,724,1,158.65,1,1,1,3,Lost,True,2009-12-16 12:17:00,2009-12-16 12:17:00,2009-12
15500,United Kingdom,8,4,1131.56,5,3,3,11,Loyal Customers,False,2011-09-19 13:47:00,2011-12-01 13:47:00,2011-09
15501,United Kingdom,405,2,399.95,2,2,2,6,Lost,True,2010-10-20 12:47:00,2010-10-31 11:15:00,2010-10
15502,United Kingdom,16,12,9542.92,5,5,5,15,Champions,False,2010-06-03 11:12:00,2011-11-24 12:48:00,2010-06
15503,United Kingdom,363,2,257.3,2,2,1,5,Lost,True,2009-12-13 11:34:00,2010-12-12 10:57:00,2009-12
15504,United Kingdom,81,4,391.45,3,3,2,8,Potential Loyalists,False,2010-02-12 12:34:00,2011-09-19 13:45:00,2010-02
15505,United Kingdom,53,5,3610.96,4,4,5,13,Champions,False,2011-07-07 13:33:00,2011-10-18 07:56:00,2011-07
15506,United Kingdom,23,6,2030.33,4,4,4,12,Champions,False,2010-08-19 12:38:00,2011-11-17 12:11:00,2010-08
15507,United Kingdom,172,1,475.86,3,1,2,6,Needs Attention,True,2011-06-21 11:19:00,2011-06-21 11:19:00,2011-06
15508,United Kingdom,189,6,1000.27,2,4,3,9,At Risk,True,2011-04-18 15:31:00,2011-06-03 15:43:00,2011-04
15509,United Kingdom,380,1,152.41,2,1,1,4,Lost,True,2010-11-24 14:48:00,2010-11-24 14:48:00,2010-11
15510,United Kingdom,331,1,250.0,2,1,1,4,Lost,True,2011-01-13 12:10:00,2011-01-13 12:10:00,2011-01
15511,United Kingdom,12,5,900.53,5,4,3,12,Loyal Customers,False,2011-09-15 15:05:00,2011-11-28 09:43:00,2011-09
15512,United Kingdom,156,4,331.58,3,3,2,8,Potential Loyalists,True,2010-02-01 13:23:00,2011-07-07 10:20:00,2010-02
15513,United Kingdom,33,35,26437.05,4,5,5,14,Champions,False,2010-01-13 14:59:00,2011-11-06 14:36:00,2010-01
15514,United Kingdom,12,18,6388.28,5,5,5,15,Champions,False,2009-12-04 16:37:00,2011-11-27 14:40:00,2009-12
15515,United Kingdom,387,1,171.81,2,1,1,4,Lost,True,2010-11-17 13:39:00,2010-11-17 13:39:00,2010-11
15516,United Kingdom,45,3,62.43,4,3,1,8,Loyal Customers,False,2011-10-24 11:33:00,2011-10-26 10:51:00,2011-10
15517,United Kingdom,233,1,267.03,2,1,1,4,Lost,True,2011-04-20 14:02:00,2011-04-20 14:02:00,2011-04
15518,United Kingdom,64,15,4189.99,3,5,5,13,Potential Loyalists,False,2009-12-20 12:21:00,2011-10-06 13:05:00,2009-12
15519,United Kingdom,383,2,344.61,2,2,2,6,Lost,True,2010-09-19 13:57:00,2010-11-21 14:35:00,2010-09
15520,United Kingdom,2,1,343.5,5,1,2,8,New Customers,False,2011-12-08 10:58:00,2011-12-08 10:58:00,2011-12
15521,United Kingdom,40,16,7087.64,4,5,5,14,Champions,False,2010-01-05 10:19:00,2011-10-30 13:42:00,2010-01
15522,United Kingdom,33,2,397.99,4,2,2,8,New Customers,False,2011-09-13 12:26:00,2011-11-07 11:26:00,2011-09
15523,United Kingdom,84,16,17259.19,3,5,5,13,Potential Loyalists,False,2009-12-02 15:16:00,2011-09-16 16:29:00,2009-12
15524,United Kingdom,25,2,591.4,4,2,2,8,New Customers,False,2010-04-12 09:19:00,2011-11-15 12:09:00,2010-04
15525,United Kingdom,2,4,887.72,5,3,3,11,Loyal Customers,False,2010-11-22 12:10:00,2011-12-07 14:43:00,2010-11
15526,United Kingdom,33,2,148.44,4,2,1,7,New Customers,False,2011-11-06 15:01:00,2011-11-06 15:04:00,2011-11
15527,United Kingdom,19,23,5554.04,5,5,5,15,Champions,False,2009-12-15 17:31:00,2011-11-21 12:17:00,2009-12
15528,United Kingdom,254,1,229.33,2,1,1,4,Lost,True,2011-03-30 16:14:00,2011-03-30 16:14:00,2011-03
15529,United Kingdom,23,12,4781.11,4,5,5,14,Champions,False,2010-11-10 14:26:00,2011-11-17 11:29:00,2010-11
15530,United Kingdom,22,5,1808.68,4,4,4,12,Champions,False,2010-07-15 11:10:00,2011-11-18 12:25:00,2010-07
15531,United Kingdom,8,2,1972.39,5,2,4,11,New Customers,False,2011-11-09 17:47:00,2011-12-01 18:43:00,2011-11
15532,United Kingdom,25,10,3717.2000000000003,4,5,5,14,Champions,False,2010-06-08 14:52:00,2011-11-14 14:51:00,2010-06
15533,United Kingdom,19,3,807.57,5,3,3,11,Loyal Customers,False,2011-09-11 15:41:00,2011-11-20 15:35:00,2011-09
15534,United Kingdom,726,1,162.25,1,1,1,3,Lost,True,2009-12-14 12:48:00,2009-12-14 12:48:00,2009-12
15535,United Kingdom,173,6,1044.37,3,4,3,10,Potential Loyalists,True,2010-09-16 20:04:00,2011-06-19 16:02:00,2010-09
15536,United Kingdom,409,1,259.09,2,1,1,4,Lost,True,2010-10-26 16:31:00,2010-10-26 16:31:00,2010-10
15537,United Kingdom,163,1,110.92,3,1,1,5,Needs Attention,True,2011-06-29 13:10:00,2011-06-29 13:10:00,2011-06
15538,United Kingdom,538,6,3358.4,1,4,5,10,At Risk,True,2010-02-14 12:38:00,2010-06-20 10:49:00,2010-02
15539,United Kingdom,7,1,538.46,5,1,2,8,New Customers,False,2011-12-02 13:36:00,2011-12-02 13:36:00,2011-12
15540,United Kingdom,11,2,460.68,5,2,2,9,New Customers,False,2010-11-29 11:10:00,2011-11-28 13:51:00,2010-11
15541,United Kingdom,114,1,85.13000000000001,3,1,1,5,Needs Attention,True,2011-08-17 14:58:00,2011-08-17 14:58:00,2011-08
15542,United Kingdom,512,3,855.71,1,3,3,7,At Risk,True,2009-12-02 11:53:00,2010-07-15 13:32:00,2009-12
15543,United Kingdom,288,2,242.26,2,2,1,5,Lost,True,2010-09-06 11:28:00,2011-02-24 15:26:00,2010-09
15544,United Kingdom,9,20,7807.89,5,5,5,15,Champions,False,2010-01-28 14:39:00,2011-11-30 16:43:00,2010-01
15545,United Kingdom,54,2,288.96999999999997,4,2,2,8,New Customers,False,2010-12-03 17:28:00,2011-10-16 13:24:00,2010-12
15546,United Kingdom,607,2,1079.1000000000001,1,2,3,6,Lost,True,2010-04-12 11:45:00,2010-04-12 11:51:00,2010-04
15547,United Kingdom,7,26,10002.65,5,5,5,15,Champions,False,2009-12-06 13:40:00,2011-12-02 12:52:00,2009-12
15548,United Kingdom,596,1,158.09,1,1,1,3,Lost,True,2010-04-23 12:20:00,2010-04-23 12:20:00,2010-04
15549,United Kingdom,77,8,2330.41,3,4,4,11,Potential Loyalists,False,2010-01-11 13:16:00,2011-09-23 16:22:00,2010-01
15550,United Kingdom,4,12,2211.05,5,5,4,14,Champions,False,2009-12-03 15:15:00,2011-12-05 15:38:00,2009-12
15551,United Kingdom,37,7,1679.81,4,4,4,12,Champions,False,2010-06-07 15:05:00,2011-11-03 12:37:00,2010-06
15552,United Kingdom,217,2,252.52,2,2,1,5,Lost,True,2010-03-26 16:17:00,2011-05-06 14:47:00,2010-03
15553,United Kingdom,60,1,428.93,3,1,2,6,Needs Attention,False,2011-10-10 14:02:00,2011-10-10 14:02:00,2011-10
15554,United Kingdom,278,1,217.2,2,1,1,4,Lost,True,2011-03-07 09:00:00,2011-03-07 09:00:00,2011-03
15555,United Kingdom,12,36,11233.78,5,5,5,15,Champions,False,2009-12-06 11:58:00,2011-11-27 16:19:00,2009-12
15556,United Kingdom,24,1,279.77,4,1,1,6,New Customers,False,2011-11-15 16:08:00,2011-11-15 16:08:00,2011-11
15557,United Kingdom,29,1,468.91,4,1,2,7,New Customers,False,2011-11-11 12:46:00,2011-11-11 12:46:00,2011-11
15558,United Kingdom,639,1,202.68,1,1,1,3,Lost,True,2010-03-10 15:25:00,2010-03-10 15:25:00,2010-03
15559,United Kingdom,568,1,1109.4,1,1,3,5,Lost,True,2010-05-20 14:06:00,2010-05-20 14:06:00,2010-05
15560,United Kingdom,398,2,153.52,2,2,1,5,Lost,True,2010-11-07 10:14:00,2010-11-07 10:15:00,2010-11
15561,United Kingdom,12,8,1934.3899999999999,5,4,4,13,Champions,False,2010-02-14 12:22:00,2011-11-28 11:07:00,2010-02
15562,United Kingdom,352,3,671.4300000000001,2,3,3,8,At Risk,True,2009-12-13 15:17:00,2010-12-23 09:55:00,2009-12
15563,United Kingdom,22,6,2820.46,4,4,4,12,Champions,False,2010-01-28 11:36:00,2011-11-17 12:59:00,2010-01
15564,United Kingdom,463,2,70.74000000000001,1,2,1,4,Lost,True,2010-02-01 15:58:00,2010-09-02 15:52:00,2010-02
15565,United Kingdom,50,2,173.16000000000003,4,2,1,7,New Customers,False,2011-09-30 10:44:00,2011-10-20 14:33:00,2011-09
15566,United Kingdom,393,2,227.87,2,2,1,5,Lost,True,2009-12-15 14:53:00,2010-11-12 12:11:00,2009-12
15567,United Kingdom,19,1,186.01,5,1,1,7,New Customers,False,2011-11-21 10:48:00,2011-11-21 10:48:00,2011-11
15568,United Kingdom,3,3,758.29,5,3,3,11,Loyal Customers,False,2011-09-27 14:37:00,2011-12-07 11:27:00,2011-09
15569,United Kingdom,104,10,3583.45,3,5,5,13,Potential Loyalists,True,2010-02-28 10:55:00,2011-08-28 10:15:00,2010-02
15570,United Kingdom,7,25,8736.49,5,5,5,15,Champions,False,2010-03-28 14:04:00,2011-12-02 14:47:00,2010-03
15571,United Kingdom,12,14,3892.35,5,5,5,15,Champions,False,2009-12-06 12:10:00,2011-11-28 10:02:00,2009-12
15572,United Kingdom,5,10,3965.2,5,5,5,15,Champions,False,2010-04-14 14:38:00,2011-12-05 10:09:00,2010-04
15573,United Kingdom,32,5,1180.47,4,4,3,11,Loyal Customers,False,2009-12-10 14:19:00,2011-11-08 11:38:00,2009-12
15574,United Kingdom,178,6,1101.44,3,4,3,10,Potential Loyalists,True,2010-09-01 14:37:00,2011-06-15 12:01:00,2010-09
15575,United Kingdom,620,1,30.1,1,1,1,3,Lost,True,2010-03-30 12:50:00,2010-03-30 12:50:00,2010-03
15576,United Kingdom,38,1,921.37,4,1,3,8,New Customers,False,2011-11-02 12:03:00,2011-11-02 12:03:00,2011-11
15577,United Kingdom,151,5,396.03,3,4,2,9,Potential Loyalists,True,2009-12-13 16:17:00,2011-07-11 17:03:00,2009-12
15578,United Kingdom,162,1,127.1,3,1,1,5,Needs Attention,True,2011-06-30 13:03:00,2011-06-30 13:03:00,2011-06
15579,United Kingdom,69,5,1250.63,3,4,4,11,Potential Loyalists,False,2010-10-03 14:37:00,2011-10-02 12:45:00,2010-10
15580,United Kingdom,377,8,1375.39,2,4,4,10,At Risk,True,2010-02-07 11:21:00,2010-11-28 11:00:00,2010-02
15581,United Kingdom,156,34,4505.16,3,5,5,13,Potential Loyalists,True,2009-12-02 12:19:00,2011-07-06 14:04:00,2009-12
15582,United Kingdom,25,3,682.9100000000001,4,3,3,10,Loyal Customers,False,2011-05-03 13:36:00,2011-11-15 09:55:00,2011-05
15583,United Kingdom,376,1,95.96,2,1,1,4,Lost,True,2010-11-28 15:04:00,2010-11-28 15:04:00,2010-11
15584,United Kingdom,24,6,1268.2,4,4,4,12,Champions,False,2010-02-07 12:16:00,2011-11-16 10:55:00,2010-02
15585,United Kingdom,177,1,455.3,3,1,2,6,Needs Attention,True,2011-06-16 08:38:00,2011-06-16 08:38:00,2011-06
15586,United Kingdom,593,3,1139.1000000000001,1,3,3,7,At Risk,True,2010-01-08 10:02:00,2010-04-26 11:00:00,2010-01
15587,United Kingdom,50,7,1522.08,4,4,4,12,Champions,False,2010-08-05 08:44:00,2011-10-20 13:37:00,2010-08
15588,United Kingdom,678,1,579.6,1,1,2,4,Lost,True,2010-01-31 12:19:00,2010-01-31 12:19:00,2010-01
15589,United Kingdom,256,3,478.53,2,3,2,7,At Risk,True,2011-02-02 10:46:00,2011-03-29 09:54:00,2011-02
15590,United Kingdom,382,5,1496.6,2,4,4,10,At Risk,True,2010-04-12 10:09:00,2010-11-22 14:49:00,2010-04
15591,United Kingdom,583,3,217.9,1,3,1,5,At Risk,True,2010-02-04 09:20:00,2010-05-06 09:23:00,2010-02
15592,United Kingdom,47,1,388.58,4,1,2,7,New Customers,False,2011-10-24 08:59:00,2011-10-24 08:59:00,2011-10
15593,United Kingdom,71,1,199.8,3,1,1,5,Needs Attention,False,2011-09-30 11:46:00,2011-09-30 11:46:00,2011-09
15594,United Kingdom,16,5,1771.78,5,4,4,13,Champions,False,2011-04-19 10:08:00,2011-11-24 08:53:00,2011-04
15595,United Kingdom,488,1,357.59999999999997,1,1,2,4,Lost,True,2010-08-09 12:27:00,2010-08-09 12:27:00,2010-08
15596,United Kingdom,101,9,2727.72,3,5,4,12,Potential Loyalists,True,2010-07-28 11:46:00,2011-08-31 10:55:00,2010-07
15597,United Kingdom,35,2,563.37,4,2,2,8,New Customers,False,2010-05-13 13:10:00,2011-11-04 13:26:00,2010-05
15598,United Kingdom,53,2,548.02,4,2,2,8,New Customers,False,2010-10-08 09:20:00,2011-10-17 16:04:00,2010-10
15599,United Kingdom,27,3,1250.06,4,3,4,11,Loyal Customers,False,2010-09-20 10:15:00,2011-11-13 11:44:00,2010-09
15600,United Kingdom,428,4,1199.31,1,3,3,7,At Risk,True,2010-04-25 11:50:00,2010-10-07 14:30:00,2010-04
15601,United Kingdom,11,30,14191.74,5,5,5,15,Champions,False,2009-12-01 14:53:00,2011-11-28 15:15:00,2009-12
15602,United Kingdom,8,16,3137.96,5,5,5,15,Champions,False,2009-12-02 09:35:00,2011-12-01 14:14:00,2009-12
15603,United Kingdom,79,2,88.48,3,2,1,6,Needs Attention,False,2010-03-01 16:02:00,2011-09-22 10:04:00,2010-03
15604,United Kingdom,52,1,216.39000000000001,4,1,1,6,New Customers,False,2011-10-18 14:47:00,2011-10-18 14:47:00,2011-10
15605,United Kingdom,36,9,1741.95,4,5,4,13,Champions,False,2010-01-14 14:03:00,2011-11-03 14:17:00,2010-01
15606,United Kingdom,61,17,5230.99,3,5,5,13,Potential Loyalists,False,2010-03-02 14:48:00,2011-10-09 15:47:00,2010-03
15607,United Kingdom,337,9,1708.97,2,5,4,11,At Risk,True,2010-01-08 12:16:00,2011-01-07 12:44:00,2010-01
15608,United Kingdom,28,5,1785.98,4,4,4,12,Champions,False,2010-10-20 10:10:00,2011-11-11 13:20:00,2010-10
15609,United Kingdom,184,1,298.48,3,1,2,6,Needs Attention,True,2011-06-08 13:00:00,2011-06-08 13:00:00,2011-06
15610,United Kingdom,52,1,112.46000000000001,4,1,1,6,New Customers,False,2011-10-19 10:36:00,2011-10-19 10:36:00,2011-10
15611,United Kingdom,10,24,2976.28,5,5,5,15,Champions,False,2010-01-25 14:50:00,2011-11-30 12:36:00,2010-01
15612,United Kingdom,36,2,195.15,4,2,1,7,New Customers,False,2011-10-09 12:49:00,2011-11-03 14:52:00,2011-10
15613,United Kingdom,610,1,433.71999999999997,1,1,2,4,Lost,True,2010-04-08 12:51:00,2010-04-08 12:51:00,2010-04
15614,United Kingdom,438,4,3147.36,1,3,5,9,At Risk,True,2010-03-23 11:13:00,2010-09-28 10:46:00,2010-03
15615,United Kingdom,10,47,21373.97,5,5,5,15,Champions,False,2009-12-02 15:28:00,2011-11-29 14:42:00,2009-12
15616,United Kingdom,438,1,317.11,1,1,2,4,Lost,True,2010-09-27 13:10:00,2010-09-27 13:10:00,2010-09
15617,United Kingdom,396,3,828.5500000000001,2,3,3,8,At Risk,True,2010-07-20 13:16:00,2010-11-08 16:07:00,2010-07
15618,United Kingdom,33,4,776.85,4,3,3,10,Loyal Customers,False,2011-07-26 10:13:00,2011-11-07 08:34:00,2011-07
15619,United Kingdom,11,1,336.4,5,1,2,8,New Customers,False,2011-11-29 08:14:00,2011-11-29 08:14:00,2011-11
15620,United Kingdom,57,4,1942.36,4,3,4,11,Loyal Customers,False,2010-10-26 11:32:00,2011-10-14 12:41:00,2010-10
15621,United Kingdom,4,4,1293.03,5,3,4,12,Loyal Customers,False,2011-11-18 11:49:00,2011-12-05 14:01:00,2011-11
15622,United Kingdom,43,17,7852.610000000001,4,5,5,14,Champions,False,2010-03-04 10:29:00,2011-10-27 16:44:00,2010-03
15623,United Kingdom,141,8,2437.05,3,4,4,11,Potential Loyalists,True,2009-12-10 14:46:00,2011-07-21 17:26:00,2009-12
15624,United Kingdom,117,4,588.13,3,3,2,8,Potential Loyalists,True,2011-03-28 13:32:00,2011-08-15 11:38:00,2011-03
15625,United Kingdom,104,9,3236.4,3,5,5,13,Potential Loyalists,True,2010-06-15 15:23:00,2011-08-28 10:21:00,2010-06
15626,United Kingdom,75,3,1067.52,3,3,3,9,Potential Loyalists,False,2010-10-14 17:16:00,2011-09-26 10:03:00,2010-10
15627,United Kingdom,457,2,566.9,1,2,2,5,Lost,True,2010-07-05 11:56:00,2010-09-08 14:14:00,2010-07
15628,United Kingdom,5,17,5333.08,5,5,5,15,Champions,False,2009-12-13 13:39:00,2011-12-05 10:24:00,2009-12
15629,United Kingdom,450,4,2240.9,1,3,4,8,At Risk,True,2010-06-25 11:39:00,2010-09-15 13:46:00,2010-06
15630,United Kingdom,45,3,1481.4,4,3,4,11,Loyal Customers,False,2010-03-05 14:30:00,2011-10-25 15:36:00,2010-03
15631,United Kingdom,642,1,596.67,1,1,2,4,Lost,True,2010-03-07 14:52:00,2010-03-07 14:52:00,2010-03
15632,United Kingdom,16,8,3285.31,5,4,5,14,Champions,False,2011-03-10 08:29:00,2011-11-24 09:51:00,2011-03
15633,United Kingdom,509,13,4335.96,1,5,5,11,At Risk,True,2009-12-08 17:51:00,2010-07-18 13:54:00,2009-12
15634,United Kingdom,17,2,554.65,5,2,2,9,New Customers,False,2010-11-21 15:30:00,2011-11-22 16:28:00,2010-11
15635,United Kingdom,396,1,100.35,2,1,1,4,Lost,True,2010-11-09 08:58:00,2010-11-09 08:58:00,2010-11
15636,United Kingdom,90,4,1444.58,3,3,4,10,Potential Loyalists,False,2010-05-19 11:37:00,2011-09-11 11:17:00,2010-05
15637,United Kingdom,53,5,797.59,4,4,3,11,Loyal Customers,False,2009-12-15 17:54:00,2011-10-18 08:28:00,2009-12
15638,United Kingdom,379,6,2265.2,2,4,4,10,At Risk,True,2010-04-08 14:37:00,2010-11-26 11:52:00,2010-04
15639,United Kingdom,134,3,1065.08,3,3,3,9,Potential Loyalists,True,2010-04-13 13:11:00,2011-07-28 14:30:00,2010-04
15640,United Kingdom,4,29,23459.51,5,5,5,15,Champions,False,2009-12-14 16:36:00,2011-12-05 14:35:00,2009-12
15641,United Kingdom,105,12,5345.55,3,5,5,13,Potential Loyalists,True,2009-12-06 15:31:00,2011-08-26 14:04:00,2009-12
15642,United Kingdom,730,1,105.78,1,1,1,3,Lost,True,2009-12-10 11:51:00,2009-12-10 11:51:00,2009-12
15643,United Kingdom,192,3,664.0,2,3,3,8,At Risk,True,2011-03-02 14:34:00,2011-06-01 07:38:00,2011-03
15644,United Kingdom,166,4,803.54,3,3,3,9,Potential Loyalists,True,2011-03-23 15:37:00,2011-06-26 14:54:00,2011-03
15645,United Kingdom,19,3,1054.75,5,3,3,11,Loyal Customers,False,2010-10-10 12:51:00,2011-11-21 11:55:00,2010-10
15646,United Kingdom,158,5,784.8100000000001,3,4,3,10,Potential Loyalists,True,2010-10-25 13:06:00,2011-07-05 09:53:00,2010-10
15647,United Kingdom,415,1,169.0,1,1,1,3,Lost,True,2010-10-20 15:09:00,2010-10-20 15:09:00,2010-10
15648,United Kingdom,204,2,639.5,2,2,3,7,Lost,True,2011-03-17 18:59:00,2011-05-19 15:53:00,2011-03
15649,United Kingdom,336,4,1660.35,2,3,4,9,At Risk,True,2010-11-17 16:22:00,2011-01-07 13:34:00,2010-11
15650,United Kingdom,522,2,553.88,1,2,2,5,Lost,True,2010-03-21 11:46:00,2010-07-06 10:41:00,2010-03
15651,United Kingdom,37,5,1259.06,4,4,4,12,Champions,False,2010-04-22 13:26:00,2011-11-03 08:41:00,2010-04
15652,United Kingdom,91,5,1405.94,3,4,4,11,Potential Loyalists,True,2010-08-11 16:58:00,2011-09-09 14:22:00,2010-08
15653,United Kingdom,93,2,877.44,3,2,3,8,Needs Attention,True,2011-08-16 09:50:00,2011-09-08 10:49:00,2011-08
15654,United Kingdom,9,2,922.53,5,2,3,10,New Customers,False,2011-11-13 15:15:00,2011-11-30 13:08:00,2011-11
15655,United Kingdom,243,1,560.6700000000001,2,1,2,5,Lost,True,2011-04-10 15:25:00,2011-04-10 15:25:00,2011-04
15656,United Kingdom,45,4,748.5,4,3,3,10,Loyal Customers,False,2011-02-28 15:32:00,2011-10-25 14:56:00,2011-02
15657,United Kingdom,23,1,30.0,4,1,1,6,New Customers,False,2011-11-17 12:19:00,2011-11-17 12:19:00,2011-11
15658,United Kingdom,190,8,2117.27,2,4,4,10,At Risk,True,2009-12-03 11:19:00,2011-06-02 15:22:00,2009-12
15659,United Kingdom,44,3,532.49,4,3,2,9,Loyal Customers,False,2010-02-24 13:32:00,2011-10-27 09:23:00,2010-02
15660,United Kingdom,25,15,2603.69,4,5,4,13,Champions,False,2010-02-05 16:01:00,2011-11-14 16:58:00,2010-02
15661,United Kingdom,317,8,1215.95,2,4,4,10,At Risk,True,2010-05-10 07:59:00,2011-01-26 13:56:00,2010-05
15662,United Kingdom,661,2,283.73,1,2,1,4,Lost,True,2009-12-01 13:49:00,2010-02-16 16:47:00,2009-12
15663,United Kingdom,106,1,138.14,3,1,1,5,Needs Attention,True,2011-08-25 15:50:00,2011-08-25 15:50:00,2011-08
15664,United Kingdom,51,4,1231.53,4,3,4,11,Loyal Customers,False,2010-02-28 12:50:00,2011-10-20 10:57:00,2010-02
15665,United Kingdom,168,5,3987.07,3,4,5,12,Potential Loyalists,True,2010-03-14 15:07:00,2011-06-24 14:57:00,2010-03
15666,United Kingdom,472,2,632.94,1,2,3,6,Lost,True,2010-08-01 15:41:00,2010-08-24 16:14:00,2010-08
15667,United Kingdom,40,1,301.32000000000005,4,1,2,7,New Customers,False,2011-10-31 10:56:00,2011-10-31 10:56:00,2011-10
15668,United Kingdom,218,1,76.32000000000001,2,1,1,4,Lost,True,2011-05-06 10:39:00,2011-05-06 10:39:00,2011-05
15669,United Kingdom,40,4,684.34,4,3,3,10,Loyal Customers,False,2011-03-21 09:13:00,2011-10-30 16:03:00,2011-03
15670,United Kingdom,297,2,325.2,2,2,2,6,Lost,True,2010-06-01 15:34:00,2011-02-16 10:50:00,2010-06
15671,United Kingdom,19,7,2657.13,5,4,4,13,Champions,False,2011-03-14 09:37:00,2011-11-21 12:43:00,2011-03
15672,United Kingdom,725,1,45.300000000000004,1,1,1,3,Lost,True,2009-12-14 16:52:00,2009-12-14 16:52:00,2009-12
15673,United Kingdom,88,9,6204.32,3,5,5,13,Potential Loyalists,False,2010-02-22 14:28:00,2011-09-12 16:12:00,2010-02
15674,United Kingdom,73,12,6613.52,3,5,5,13,Potential Loyalists,False,2009-12-08 17:08:00,2011-09-27 15:17:00,2009-12
15675,United Kingdom,81,4,542.04,3,3,2,8,Potential Loyalists,False,2010-10-31 14:14:00,2011-09-19 13:48:00,2010-10
15676,United Kingdom,19,3,3435.76,5,3,5,13,Loyal Customers,False,2011-03-01 10:19:00,2011-11-21 12:40:00,2011-03
15677,United Kingdom,49,3,1305.6299999999999,4,3,4,11,Loyal Customers,False,2010-09-02 12:08:00,2011-10-21 15:36:00,2010-09
15678,United Kingdom,53,3,1825.94,4,3,4,11,Loyal Customers,False,2010-07-05 12:49:00,2011-10-18 09:25:00,2010-07
15679,United Kingdom,24,4,781.28,4,3,3,10,Loyal Customers,False,2011-06-10 08:24:00,2011-11-15 16:19:00,2011-06
15680,United Kingdom,9,10,4028.69,5,5,5,15,Champions,False,2009-12-02 12:15:00,2011-11-30 13:46:00,2009-12
15681,United Kingdom,25,14,2989.7000000000003,4,5,5,14,Champions,False,2010-05-24 14:18:00,2011-11-14 16:30:00,2010-05
15682,United Kingdom,599,2,318.24,1,2,2,5,Lost,True,2010-01-21 14:37:00,2010-04-19 15:30:00,2010-01
15683,United Kingdom,117,2,524.54,3,2,2,7,Needs Attention,True,2010-08-23 12:01:00,2011-08-14 12:56:00,2010-08
15684,United Kingdom,547,3,173.95,1,3,1,5,At Risk,True,2009-12-04 16:13:00,2010-06-10 18:51:00,2009-12
15685,United Kingdom,450,1,55.980000000000004,1,1,1,3,Lost,True,2010-09-15 13:43:00,2010-09-15 13:43:00,2010-09
15686,United Kingdom,420,1,90.0,1,1,1,3,Lost,True,2010-10-15 13:50:00,2010-10-15 13:50:00,2010-10
15687,United Kingdom,9,9,2993.1,5,5,5,15,Champions,False,2011-01-13 15:13:00,2011-12-01 08:33:00,2011-01
15688,United Kingdom,419,1,190.57,1,1,1,3,Lost,True,2010-10-17 12:06:00,2010-10-17 12:06:00,2010-10
15689,United Kingdom,120,3,521.03,3,3,2,8,Potential Loyalists,True,2010-04-01 09:53:00,2011-08-12 09:37:00,2010-04
15690,United Kingdom,4,2,239.76,5,2,1,8,New Customers,False,2011-08-31 11:40:00,2011-12-05 15:59:00,2011-08
15691,United Kingdom,252,4,571.3,2,3,2,7,At Risk,True,2009-12-06 16:01:00,2011-04-01 15:13:00,2009-12
15692,United Kingdom,28,1,191.04,4,1,1,6,New Customers,False,2011-11-11 14:12:00,2011-11-11 14:12:00,2011-11
15693,United Kingdom,659,1,37.5,1,1,1,3,Lost,True,2010-02-18 14:37:00,2010-02-18 14:37:00,2010-02
15694,United Kingdom,1,23,9963.48,5,5,5,15,Champions,False,2009-12-07 15:43:00,2011-12-09 09:44:00,2009-12
15695,United Kingdom,267,4,1131.04,2,3,3,8,At Risk,True,2010-01-27 10:56:00,2011-03-18 08:32:00,2010-01
15696,United Kingdom,33,13,3881.2200000000003,4,5,5,14,Champions,False,2010-01-24 14:36:00,2011-11-06 14:02:00,2010-01
15697,United Kingdom,690,1,246.75,1,1,1,3,Lost,True,2010-01-19 09:10:00,2010-01-19 09:10:00,2010-01
15698,United Kingdom,624,1,46.2,1,1,1,3,Lost,True,2010-03-25 17:38:00,2010-03-25 17:38:00,2010-03
15699,United Kingdom,18,1,309.65,5,1,2,8,New Customers,False,2011-11-22 08:26:00,2011-11-22 08:26:00,2011-11
15700,United Kingdom,172,2,696.68,3,2,3,8,Needs Attention,True,2011-06-19 15:36:00,2011-06-20 16:53:00,2011-06
15701,United Kingdom,2,4,1529.0,5,3,4,12,Loyal Customers,False,2011-08-21 12:36:00,2011-12-07 14:39:00,2011-08
15702,Nigeria,476,1,112.57,1,1,1,3,Lost,True,2010-08-20 14:50:00,2010-08-20 14:50:00,2010-08
15703,United Kingdom,265,1,211.5,2,1,1,4,Lost,True,2011-03-20 10:51:00,2011-03-20 10:51:00,2011-03
15704,United Kingdom,140,6,3734.6600000000003,3,4,5,12,Potential Loyalists,True,2010-05-05 14:51:00,2011-07-22 13:35:00,2010-05
15705,United Kingdom,201,1,143.1,2,1,1,4,Lost,True,2011-05-22 15:37:00,2011-05-22 15:37:00,2011-05
15706,United Kingdom,64,4,1060.56,3,3,3,9,Potential Loyalists,False,2011-08-15 14:32:00,2011-10-07 10:09:00,2011-08
15707,United Kingdom,35,4,916.98,4,3,3,10,Loyal Customers,False,2011-09-14 14:19:00,2011-11-04 14:35:00,2011-09
15708,United Kingdom,41,9,3887.15,4,5,5,14,Champions,False,2010-10-10 11:33:00,2011-10-30 10:54:00,2010-10
15709,United Kingdom,284,2,327.85,2,2,2,6,Lost,True,2010-04-29 18:31:00,2011-03-01 10:38:00,2010-04
15710,United Kingdom,417,1,898.87,1,1,3,5,Lost,True,2010-10-18 17:05:00,2010-10-18 17:05:00,2010-10
15711,United Kingdom,557,2,420.25,1,2,2,5,Lost,True,2010-01-24 12:13:00,2010-06-01 12:14:00,2010-01
15712,United Kingdom,9,12,3472.41,5,5,5,15,Champions,False,2009-12-01 11:17:00,2011-11-30 14:09:00,2009-12
15713,United Kingdom,143,4,839.64,3,3,3,9,Potential Loyalists,True,2009-12-16 09:41:00,2011-07-19 13:34:00,2009-12
15714,United Kingdom,12,5,783.96,5,4,3,12,Loyal Customers,False,2010-06-02 12:08:00,2011-11-28 11:26:00,2010-06
15715,United Kingdom,556,5,658.02,1,4,3,8,At Risk,True,2010-03-30 12:17:00,2010-06-02 09:56:00,2010-03
15716,United Kingdom,146,11,2482.7400000000002,3,5,4,12,Potential Loyalists,True,2009-12-07 12:42:00,2011-07-17 11:59:00,2009-12
15717,United Kingdom,234,5,607.0,2,4,3,9,At Risk,True,2010-04-26 10:41:00,2011-04-19 13:21:00,2010-04
15718,United Kingdom,540,1,293.79,1,1,2,4,Lost,True,2010-06-17 16:20:00,2010-06-17 16:20:00,2010-06
15719,United Kingdom,33,31,10194.32,4,5,5,14,Champions,False,2009-12-01 12:47:00,2011-11-07 12:29:00,2009-12
15720,United Kingdom,24,2,739.22,4,2,3,9,New Customers,False,2010-06-07 15:40:00,2011-11-15 14:48:00,2010-06
15721,United Kingdom,12,1,471.40000000000003,5,1,2,8,New Customers,False,2011-11-28 12:14:00,2011-11-28 12:14:00,2011-11
15722,United Kingdom,36,11,5234.0,4,5,5,14,Champions,False,2010-03-09 15:05:00,2011-11-04 11:43:00,2010-03
15723,United Kingdom,365,4,930.7,2,3,3,8,At Risk,True,2010-05-14 12:55:00,2010-12-10 11:12:00,2010-05
15724,United Kingdom,201,3,310.85,2,3,2,7,At Risk,True,2010-11-04 10:22:00,2011-05-22 14:40:00,2010-11
15725,United Kingdom,15,1,415.25,5,1,2,8,New Customers,False,2011-11-24 14:51:00,2011-11-24 14:51:00,2011-11
15726,United Kingdom,390,1,321.91,2,1,2,5,Lost,True,2010-11-14 16:12:00,2010-11-14 16:12:00,2010-11
15727,United Kingdom,17,15,9371.71,5,5,5,15,Champions,False,2010-01-24 12:12:00,2011-11-23 12:36:00,2010-01
15728,United Kingdom,380,2,544.6,2,2,2,6,Lost,True,2010-09-21 14:46:00,2010-11-25 10:39:00,2010-09
15729,United Kingdom,213,3,192.55,2,3,1,6,At Risk,True,2010-11-01 13:44:00,2011-05-11 12:36:00,2010-11
15730,United Kingdom,66,5,1726.58,3,4,4,11,Potential Loyalists,False,2010-10-04 14:15:00,2011-10-05 12:31:00,2010-10
15731,United Kingdom,554,1,125.3,1,1,1,3,Lost,True,2010-06-04 10:10:00,2010-06-04 10:10:00,2010-06
15732,United Kingdom,212,10,1543.97,2,5,4,11,At Risk,True,2010-02-04 10:10:00,2011-05-11 14:24:00,2010-02
15733,United Kingdom,283,1,162.3,2,1,1,4,Lost,True,2011-03-02 09:05:00,2011-03-02 09:05:00,2011-03
15734,United Kingdom,115,4,2263.3,3,3,4,10,Potential Loyalists,True,2010-06-10 14:25:00,2011-08-17 10:50:00,2010-06
15735,United Kingdom,421,1,327.68,1,1,2,4,Lost,True,2010-10-14 13:38:00,2010-10-14 13:38:00,2010-10
15736,United Kingdom,435,2,1767.1200000000001,1,2,4,7,Cant Lose Them,True,2010-09-30 14:19:00,2010-09-30 14:20:00,2010-09
15737,United Kingdom,15,8,1188.1200000000001,5,4,3,12,Loyal Customers,False,2011-04-11 10:01:00,2011-11-25 11:21:00,2011-04
15738,United Kingdom,19,41,13043.32,5,5,5,15,Champions,False,2009-12-10 15:52:00,2011-11-21 08:26:00,2009-12
15739,United Kingdom,66,1,449.12,3,1,2,6,Needs Attention,False,2011-10-04 13:42:00,2011-10-04 13:42:00,2011-10
15740,United Kingdom,49,1,154.88,4,1,1,6,New Customers,False,2011-10-21 14:29:00,2011-10-21 14:29:00,2011-10
15741,United Kingdom,458,2,208.62,1,2,1,4,Lost,True,2010-03-31 11:55:00,2010-09-07 16:21:00,2010-03
15742,United Kingdom,619,1,156.87,1,1,1,3,Lost,True,2010-03-30 15:25:00,2010-03-30 15:25:00,2010-03
15743,United Kingdom,16,4,775.96,5,3,3,11,Loyal Customers,False,2011-06-08 10:14:00,2011-11-23 17:19:00,2011-06
15744,United Kingdom,78,1,34.8,3,1,1,5,Needs Attention,False,2011-09-23 09:52:00,2011-09-23 09:52:00,2011-09
15745,United Kingdom,19,4,1094.5900000000001,5,3,3,11,Loyal Customers,False,2011-04-17 13:04:00,2011-11-20 13:45:00,2011-04
15746,United Kingdom,134,1,196.88,3,1,1,5,Needs Attention,True,2011-07-28 15:21:00,2011-07-28 15:21:00,2011-07
15747,United Kingdom,13,9,2499.81,5,5,4,14,Champions,False,2010-01-18 11:21:00,2011-11-27 12:26:00,2010-01
15748,United Kingdom,40,3,609.81,4,3,3,10,Loyal Customers,False,2010-09-16 16:52:00,2011-10-30 12:51:00,2010-09
15749,United Kingdom,235,3,44534.3,2,3,5,10,At Risk,True,2011-01-11 12:55:00,2011-04-18 13:20:00,2011-01
15750,United Kingdom,3,18,6452.99,5,5,5,15,Champions,False,2009-12-01 17:19:00,2011-12-07 12:34:00,2009-12
15751,United Kingdom,461,11,1380.44,1,5,4,10,At Risk,True,2009-12-06 13:08:00,2010-09-05 12:44:00,2009-12
15752,United Kingdom,40,9,3924.91,4,5,5,14,Champions,False,2010-09-08 11:56:00,2011-10-31 11:37:00,2010-09
15753,United Kingdom,305,1,79.2,2,1,1,4,Lost,True,2011-02-08 12:41:00,2011-02-08 12:41:00,2011-02
15754,United Kingdom,51,9,3037.61,4,5,5,14,Champions,False,2010-02-22 13:31:00,2011-10-19 14:40:00,2010-02
15755,United Kingdom,10,17,5993.12,5,5,5,15,Champions,False,2009-12-04 08:24:00,2011-11-29 14:57:00,2009-12
15756,United Kingdom,61,4,528.01,3,3,2,8,Potential Loyalists,False,2011-04-04 14:00:00,2011-10-09 13:30:00,2011-04
15757,United Kingdom,66,6,2940.36,3,4,5,12,Potential Loyalists,False,2010-06-10 13:47:00,2011-10-05 12:14:00,2010-06
15758,United Kingdom,25,1,205.25,4,1,1,6,New Customers,False,2011-11-15 10:48:00,2011-11-15 10:48:00,2011-11
15759,United Kingdom,218,7,830.9300000000001,2,4,3,9,At Risk,True,2009-12-02 10:08:00,2011-05-05 15:13:00,2009-12
15761,United Kingdom,443,1,143.05,1,1,1,3,Lost,True,2010-09-23 09:33:00,2010-09-23 09:33:00,2010-09
15762,United Kingdom,65,2,583.75,3,2,2,7,Needs Attention,False,2011-09-23 15:17:00,2011-10-05 16:15:00,2011-09
15763,United Kingdom,32,2,1086.92,4,2,3,9,New Customers,False,2011-09-23 12:10:00,2011-11-08 09:44:00,2011-09
15764,United Kingdom,88,8,4503.08,3,4,5,12,Potential Loyalists,False,2010-08-18 13:58:00,2011-09-12 17:58:00,2010-08
15765,United Kingdom,667,1,370.63,1,1,2,4,Lost,True,2010-02-11 10:25:00,2010-02-11 10:25:00,2010-02
15766,United Kingdom,64,3,831.0600000000001,3,3,3,9,Potential Loyalists,False,2010-01-26 15:55:00,2011-10-06 17:03:00,2010-01
15768,United Kingdom,116,34,15308.89,3,5,5,13,Potential Loyalists,True,2009-12-03 12:10:00,2011-08-16 10:48:00,2009-12
15769,United Kingdom,7,46,88612.52,5,5,5,15,Champions,False,2009-12-11 09:58:00,2011-12-02 13:52:00,2009-12
15770,United Kingdom,613,1,321.45,1,1,2,4,Lost,True,2010-04-06 11:47:00,2010-04-06 11:47:00,2010-04
15771,United Kingdom,604,3,1006.54,1,3,3,7,At Risk,True,2010-01-15 12:14:00,2010-04-14 13:56:00,2010-01
15772,United Kingdom,418,1,280.88,1,1,1,3,Lost,True,2010-10-17 13:33:00,2010-10-17 13:33:00,2010-10
15773,United Kingdom,6,2,774.52,5,2,3,10,New Customers,False,2010-10-26 15:27:00,2011-12-04 12:48:00,2010-10
15774,United Kingdom,69,6,1287.09,3,4,4,11,Potential Loyalists,False,2010-02-21 12:57:00,2011-10-02 12:04:00,2010-02
15775,United Kingdom,245,2,150.5,2,2,1,5,Lost,True,2010-03-18 07:32:00,2011-04-08 12:56:00,2010-03
15776,United Kingdom,133,1,241.62,3,1,1,5,Needs Attention,True,2011-07-29 13:46:00,2011-07-29 13:46:00,2011-07
15777,United Kingdom,241,7,1762.6100000000001,2,4,4,10,At Risk,True,2010-05-20 10:37:00,2011-04-12 16:43:00,2010-05
15778,United Kingdom,431,1,307.95000000000005,1,1,2,4,Lost,True,2010-10-04 15:10:00,2010-10-04 15:10:00,2010-10
15779,United Kingdom,463,2,124.08000000000001,1,2,1,4,Lost,True,2010-06-25 15:55:00,2010-09-02 16:40:00,2010-06
15780,United Kingdom,184,3,475.28000000000003,3,3,2,8,Potential Loyalists,True,2010-12-17 11:43:00,2011-06-09 12:01:00,2010-12
15781,United Kingdom,25,3,345.46000000000004,4,3,2,9,Loyal Customers,False,2011-02-07 09:15:00,2011-11-14 14:57:00,2011-02
15782,United Kingdom,10,4,4014.1,5,3,5,13,Loyal Customers,False,2010-10-05 15:43:00,2011-11-30 10:49:00,2010-10
15783,United Kingdom,11,1,246.3,5,1,1,7,New Customers,False,2011-11-29 09:50:00,2011-11-29 09:50:00,2011-11
15784,United Kingdom,468,2,848.33,1,2,3,6,Lost,True,2010-02-05 14:42:00,2010-08-29 10:38:00,2010-02
15785,United Kingdom,33,16,5969.93,4,5,5,14,Champions,False,2009-12-15 16:28:00,2011-11-07 11:33:00,2009-12
15786,United Kingdom,46,5,8501.62,4,4,5,13,Champions,False,2010-06-21 10:13:00,2011-10-24 14:13:00,2010-06
15787,United Kingdom,26,3,933.26,4,3,3,10,Loyal Customers,False,2011-10-09 13:11:00,2011-11-13 14:55:00,2011-10
15788,United Kingdom,509,1,221.83,1,1,1,3,Lost,True,2010-07-19 12:48:00,2010-07-19 12:48:00,2010-07
15789,United Kingdom,358,6,1962.01,2,4,4,10,At Risk,True,2010-03-26 11:21:00,2010-12-16 14:35:00,2010-03
15790,United Kingdom,10,1,218.75,5,1,1,7,New Customers,False,2011-11-29 14:53:00,2011-11-29 14:53:00,2011-11
15791,United Kingdom,44,5,3608.34,4,4,5,13,Champions,False,2010-03-08 09:41:00,2011-10-27 10:14:00,2010-03
15792,United Kingdom,400,2,933.84,2,2,3,7,Lost,True,2010-03-31 09:42:00,2010-11-05 08:21:00,2010-03
15793,United Kingdom,15,8,2399.57,5,4,4,13,Champions,False,2009-12-01 12:54:00,2011-11-25 09:31:00,2009-12
15794,United Kingdom,736,2,777.0,1,2,3,6,Lost,True,2009-12-02 15:10:00,2009-12-03 13:04:00,2009-12
15795,United Kingdom,150,8,1979.8700000000001,3,4,4,11,Potential Loyalists,True,2010-01-18 11:31:00,2011-07-13 10:43:00,2010-01
15796,United Kingdom,1,17,5170.63,5,5,5,15,Champions,False,2010-03-31 13:10:00,2011-12-08 19:55:00,2010-03
15797,United Kingdom,113,5,2806.08,3,4,4,11,Potential Loyalists,True,2010-01-27 13:12:00,2011-08-18 17:04:00,2010-01
15798,United Kingdom,493,3,1535.37,1,3,4,8,At Risk,True,2010-01-27 11:55:00,2010-08-04 09:13:00,2010-01
15799,United Kingdom,76,4,1421.34,3,3,4,10,Potential Loyalists,False,2010-10-17 14:26:00,2011-09-25 12:46:00,2010-10
15800,United Kingdom,107,7,1227.07,3,4,4,11,Potential Loyalists,True,2010-03-31 13:17:00,2011-08-24 14:23:00,2010-03
15801,United Kingdom,46,3,1063.95,4,3,3,10,Loyal Customers,False,2011-08-22 09:53:00,2011-10-24 13:52:00,2011-08
15803,United Kingdom,51,4,1929.66,4,3,4,11,Loyal Customers,False,2010-02-01 16:29:00,2011-10-19 14:56:00,2010-02
15804,United Kingdom,1,13,4206.39,5,5,5,15,Champions,False,2011-05-25 10:12:00,2011-12-09 12:31:00,2011-05
15805,United Kingdom,23,30,10148.93,4,5,5,14,Champions,False,2009-12-10 12:57:00,2011-11-16 16:32:00,2009-12
15806,United Kingdom,46,3,784.58,4,3,3,10,Loyal Customers,False,2011-03-08 09:24:00,2011-10-24 14:35:00,2011-03
15807,United Kingdom,50,5,1817.52,4,4,4,12,Champions,False,2010-02-11 15:32:00,2011-10-20 14:10:00,2010-02
15808,United Kingdom,306,21,17180.25,2,5,5,12,At Risk,True,2009-12-01 16:30:00,2011-02-06 14:33:00,2009-12
15809,United Kingdom,36,7,1274.44,4,4,4,12,Champions,False,2010-06-22 14:23:00,2011-11-03 16:40:00,2010-06
15810,United Kingdom,79,8,2999.04,3,4,5,12,Potential Loyalists,False,2010-02-04 18:18:00,2011-09-22 09:38:00,2010-02
15811,United Kingdom,22,7,3392.55,4,4,5,13,Champions,False,2010-11-16 16:46:00,2011-11-17 15:31:00,2010-11
15812,United Kingdom,107,12,5201.47,3,5,5,13,Potential Loyalists,True,2009-12-15 13:40:00,2011-08-24 14:19:00,2009-12
15813,United Kingdom,208,2,1303.9099999999999,2,2,4,8,Cant Lose Them,True,2011-04-14 09:09:00,2011-05-16 08:13:00,2011-04
15814,United Kingdom,17,6,2634.44,5,4,4,13,Champions,False,2010-04-15 14:31:00,2011-11-23 08:17:00,2010-04
15815,United Kingdom,64,5,2100.6,3,4,4,11,Potential Loyalists,False,2011-03-25 08:43:00,2011-10-07 12:42:00,2011-03
15816,United Kingdom,542,2,144.15,1,2,1,4,Lost,True,2010-06-15 12:54:00,2010-06-15 13:36:00,2010-06
15817,United Kingdom,421,3,2766.4,1,3,4,8,At Risk,True,2010-06-14 13:31:00,2010-10-15 11:07:00,2010-06
15818,United Kingdom,588,1,340.5,1,1,2,4,Lost,True,2010-04-30 12:58:00,2010-04-30 12:58:00,2010-04
15819,United Kingdom,49,10,3934.79,4,5,5,14,Champions,False,2010-03-18 11:08:00,2011-10-21 14:50:00,2010-03
15820,United Kingdom,320,1,206.98,2,1,1,4,Lost,True,2011-01-24 12:00:00,2011-01-24 12:00:00,2011-01
15821,United Kingdom,44,2,570.96,4,2,2,8,New Customers,False,2011-10-09 13:28:00,2011-10-26 15:48:00,2011-10
15822,United Kingdom,3,6,1840.06,5,4,4,13,Champions,False,2009-12-06 15:12:00,2011-12-06 14:50:00,2009-12
15823,United Kingdom,729,2,3867.17,1,2,5,8,Cant Lose Them,True,2009-12-08 15:12:00,2009-12-10 18:03:00,2009-12
15824,United Kingdom,453,2,890.94,1,2,3,6,Lost,True,2010-06-25 15:10:00,2010-09-12 13:20:00,2010-06
15825,United Kingdom,172,1,532.94,3,1,2,6,Needs Attention,True,2011-06-20 13:27:00,2011-06-20 13:27:00,2011-06
15826,United Kingdom,56,4,2598.28,4,4,4,12,Champions,False,2010-05-20 17:00:00,2011-10-14 16:05:00,2010-05
15827,United Kingdom,73,28,3603.14,3,5,5,13,Potential Loyalists,False,2010-01-08 11:25:00,2011-09-27 15:35:00,2010-01
15828,United Kingdom,375,1,1108.82,2,1,3,6,Lost,True,2010-11-29 16:41:00,2010-11-29 16:41:00,2010-11
15829,United Kingdom,99,2,636.14,3,2,3,8,Needs Attention,True,2011-07-22 10:23:00,2011-09-01 16:45:00,2011-07
15830,United Kingdom,38,1,576.0,4,1,2,7,New Customers,False,2011-11-02 10:40:00,2011-11-02 10:40:00,2011-11
15831,United Kingdom,58,3,794.64,4,3,3,10,Loyal Customers,False,2011-01-19 14:52:00,2011-10-12 13:14:00,2011-01
15832,United Kingdom,254,1,836.79,2,1,3,6,Lost,True,2011-03-30 15:29:00,2011-03-30 15:29:00,2011-03
15833,United Kingdom,738,1,80.4,1,1,1,3,Lost,True,2009-12-02 11:59:00,2009-12-02 11:59:00,2009-12
15834,United Kingdom,70,7,3761.89,3,4,5,12,Potential Loyalists,False,2010-10-11 14:05:00,2011-09-30 14:41:00,2010-10
15835,United Kingdom,44,4,954.09,4,4,3,11,Loyal Customers,False,2011-01-13 10:35:00,2011-10-26 15:47:00,2011-01
15836,United Kingdom,50,1,137.37,4,1,1,6,New Customers,False,2011-10-20 17:13:00,2011-10-20 17:13:00,2011-10
15837,United Kingdom,65,2,777.01,3,2,3,8,Needs Attention,False,2010-08-11 10:16:00,2011-10-06 09:01:00,2010-08
15838,United Kingdom,11,34,73205.5,5,5,5,15,Champions,False,2009-12-15 09:51:00,2011-11-28 14:00:00,2009-12
15839,United Kingdom,33,3,1048.49,4,3,3,10,Loyal Customers,False,2011-07-14 16:35:00,2011-11-06 13:54:00,2011-07
15840,United Kingdom,59,2,355.56,4,2,2,8,New Customers,False,2011-06-20 11:42:00,2011-10-12 09:08:00,2011-06
15841,United Kingdom,73,9,2742.41,3,5,4,12,Potential Loyalists,False,2009-12-10 08:29:00,2011-09-28 12:15:00,2009-12
15842,United Kingdom,393,2,548.8000000000001,2,2,2,6,Lost,True,2010-06-30 09:06:00,2010-11-11 14:08:00,2010-06
15843,United Kingdom,304,1,118.95,2,1,1,4,Lost,True,2011-02-09 10:19:00,2011-02-09 10:19:00,2011-02
15844,United Kingdom,46,1,130.73999999999998,4,1,1,6,New Customers,False,2011-10-24 15:19:00,2011-10-24 15:19:00,2011-10
15845,United Kingdom,18,11,4426.28,5,5,5,15,Champions,False,2010-01-26 14:44:00,2011-11-22 09:42:00,2010-01
15846,United Kingdom,385,1,107.01,2,1,1,4,Lost,True,2010-11-19 14:40:00,2010-11-19 14:40:00,2010-11
15847,United Kingdom,38,5,822.57,4,4,3,11,Loyal Customers,False,2010-03-08 08:47:00,2011-11-01 14:41:00,2010-03
15848,United Kingdom,622,1,137.99,1,1,1,3,Lost,True,2010-03-28 10:54:00,2010-03-28 10:54:00,2010-03
15850,United Kingdom,19,6,1006.75,5,4,3,12,Loyal Customers,False,2009-12-13 13:27:00,2011-11-20 14:14:00,2009-12
15851,United Kingdom,527,1,109.73,1,1,1,3,Lost,True,2010-07-01 12:34:00,2010-07-01 12:34:00,2010-07
15852,United Kingdom,187,3,257.26,3,3,1,7,Potential Loyalists,True,2010-07-01 10:16:00,2011-06-06 11:22:00,2010-07
15853,United Kingdom,52,1,110.8,4,1,1,6,New Customers,False,2011-10-19 10:38:00,2011-10-19 10:38:00,2011-10
15854,United Kingdom,4,21,5578.28,5,5,5,15,Champions,False,2009-12-10 12:08:00,2011-12-05 13:39:00,2009-12
15855,United Kingdom,137,6,1052.72,3,4,3,10,Potential Loyalists,True,2010-08-20 17:15:00,2011-07-26 10:20:00,2010-08
15856,United Kingdom,4,52,32274.69,5,5,5,15,Champions,False,2009-12-03 14:02:00,2011-12-05 17:09:00,2009-12
15857,United Kingdom,19,2,570.48,5,2,2,9,New Customers,False,2010-10-05 16:43:00,2011-11-21 12:18:00,2010-10
15858,United Kingdom,16,13,3552.41,5,5,5,15,Champions,False,2009-12-10 11:42:00,2011-11-24 12:48:00,2009-12
15859,United Kingdom,432,1,438.46,1,1,2,4,Lost,True,2010-10-03 12:52:00,2010-10-03 12:52:00,2010-10
15860,United Kingdom,41,17,2358.8,4,5,4,13,Champions,False,2009-12-06 12:31:00,2011-10-30 11:25:00,2009-12
15861,United Kingdom,12,12,4360.9,5,5,5,15,Champions,False,2010-01-28 19:41:00,2011-11-27 15:59:00,2010-01
15862,United Kingdom,8,13,2507.14,5,5,4,14,Champions,False,2009-12-17 11:33:00,2011-12-01 13:28:00,2009-12
15863,United Kingdom,26,5,355.1,4,4,2,10,Loyal Customers,False,2009-12-17 10:20:00,2011-11-14 12:49:00,2009-12
15864,United Kingdom,22,7,2180.76,4,4,4,12,Champions,False,2010-11-23 15:02:00,2011-11-17 13:32:00,2010-11
15865,United Kingdom,41,5,2241.42,4,4,4,12,Champions,False,2010-01-05 13:58:00,2011-10-30 12:43:00,2010-01
15866,United Kingdom,101,1,211.89,3,1,1,5,Needs Attention,True,2011-08-30 14:09:00,2011-08-30 14:09:00,2011-08
15867,United Kingdom,5,31,8869.87,5,5,5,15,Champions,False,2009-12-14 15:16:00,2011-12-04 13:32:00,2009-12
15868,United Kingdom,583,1,94.53,1,1,1,3,Lost,True,2010-05-05 14:11:00,2010-05-05 14:11:00,2010-05
15869,United Kingdom,277,3,321.11,2,3,2,7,At Risk,True,2010-03-23 16:50:00,2011-03-07 17:23:00,2010-03
15870,United Kingdom,33,4,857.46,4,4,3,11,Loyal Customers,False,2010-09-19 16:22:00,2011-11-07 10:58:00,2010-09
15871,United Kingdom,437,1,33.099999999999994,1,1,1,3,Lost,True,2010-09-28 14:16:00,2010-09-28 14:16:00,2010-09
15872,United Kingdom,15,4,729.25,5,4,3,12,Loyal Customers,False,2010-06-07 14:53:00,2011-11-25 11:55:00,2010-06
15873,United Kingdom,500,4,313.91999999999996,1,4,2,7,At Risk,True,2010-07-27 11:58:00,2010-07-28 12:41:00,2010-07
15874,United Kingdom,64,21,11284.76,3,5,5,13,Potential Loyalists,False,2010-01-07 13:56:00,2011-10-07 12:31:00,2010-01
15875,United Kingdom,646,1,108.52,1,1,1,3,Lost,True,2010-03-03 16:51:00,2010-03-03 16:51:00,2010-03
15876,United Kingdom,409,2,1449.14,2,2,4,8,Cant Lose Them,True,2010-09-17 15:26:00,2010-10-26 18:58:00,2010-09
15877,United Kingdom,2,2,490.33,5,2,2,9,New Customers,False,2011-11-22 11:18:00,2011-12-08 11:53:00,2011-11
15878,United Kingdom,562,2,330.77,1,2,2,5,Lost,True,2009-12-06 12:28:00,2010-05-27 12:17:00,2009-12
15879,United Kingdom,404,4,1137.8,2,4,3,9,At Risk,True,2009-12-17 19:54:00,2010-10-31 16:21:00,2009-12
15880,United Kingdom,369,1,329.03,2,1,2,5,Lost,True,2010-12-05 13:00:00,2010-12-05 13:00:00,2010-12
15881,United Kingdom,312,5,501.39,2,4,2,8,At Risk,True,2010-12-10 13:32:00,2011-01-31 16:59:00,2010-12
15882,United Kingdom,199,8,1122.38,2,4,3,9,At Risk,True,2009-12-10 15:33:00,2011-05-25 11:35:00,2009-12
15883,United Kingdom,2,2,396.48,5,2,2,9,New Customers,False,2011-11-06 14:50:00,2011-12-07 17:05:00,2011-11
15884,United Kingdom,432,2,244.60000000000002,1,2,1,4,Lost,True,2009-12-03 18:23:00,2010-10-03 15:55:00,2009-12
15885,United Kingdom,93,13,1921.82,3,5,4,12,Potential Loyalists,True,2010-01-21 12:47:00,2011-09-07 14:56:00,2010-01
15886,United Kingdom,60,4,1052.8700000000001,3,4,3,10,Potential Loyalists,False,2010-04-20 15:03:00,2011-10-10 14:25:00,2010-04
15887,United Kingdom,407,3,1027.15,2,3,3,8,At Risk,True,2010-06-02 11:53:00,2010-10-29 08:36:00,2010-06
15888,United Kingdom,81,3,423.49,3,3,2,8,Potential Loyalists,False,2010-07-01 11:51:00,2011-09-20 12:30:00,2010-07
15889,United Kingdom,157,8,1407.05,3,4,4,11,Potential Loyalists,True,2009-12-10 12:21:00,2011-07-06 11:10:00,2009-12
15890,United Kingdom,395,5,535.65,2,4,2,8,At Risk,True,2010-04-14 08:43:00,2010-11-10 12:46:00,2010-04
15891,United Kingdom,227,1,509.13,2,1,2,5,Lost,True,2011-04-27 12:35:00,2011-04-27 12:35:00,2011-04
15892,United Kingdom,669,1,128.2,1,1,1,3,Lost,True,2010-02-08 16:23:00,2010-02-08 16:23:00,2010-02
15893,United Kingdom,482,1,305.28000000000003,1,1,2,4,Lost,True,2010-08-15 11:12:00,2010-08-15 11:12:00,2010-08
15894,United Kingdom,253,2,257.6,2,2,1,5,Lost,True,2010-12-05 14:06:00,2011-03-31 13:50:00,2010-12
15895,United Kingdom,150,1,179.17,3,1,1,5,Needs Attention,True,2011-07-13 10:27:00,2011-07-13 10:27:00,2011-07
15897,United Kingdom,194,2,208.59,2,2,1,5,Lost,True,2011-05-29 13:32:00,2011-05-29 13:50:00,2011-05
15898,United Kingdom,1,25,4992.7,5,5,5,15,Champions,False,2009-12-11 16:11:00,2011-12-08 15:23:00,2009-12
15899,United Kingdom,369,1,56.25,2,1,1,4,Lost,True,2010-12-06 10:36:00,2010-12-06 10:36:00,2010-12
15900,United Kingdom,24,4,886.57,4,4,3,11,Loyal Customers,False,2010-05-26 11:27:00,2011-11-16 12:19:00,2010-05
15901,United Kingdom,17,6,667.89,5,4,3,12,Loyal Customers,False,2010-06-14 12:39:00,2011-11-23 12:43:00,2010-06
15902,United Kingdom,380,1,145.01,2,1,1,4,Lost,True,2010-11-24 16:57:00,2010-11-24 16:57:00,2010-11
15903,United Kingdom,10,12,8939.84,5,5,5,15,Champions,False,2010-01-14 10:57:00,2011-11-30 08:08:00,2010-01
15904,United Kingdom,8,1,164.68,5,1,1,7,New Customers,False,2011-12-01 14:50:00,2011-12-01 14:50:00,2011-12
15905,United Kingdom,543,1,114.69,1,1,1,3,Lost,True,2010-06-14 16:00:00,2010-06-14 16:00:00,2010-06
15906,United Kingdom,20,10,2530.19,4,5,4,13,Champions,False,2010-09-15 12:17:00,2011-11-20 12:24:00,2010-09
15907,United Kingdom,4,3,881.87,5,3,3,11,Loyal Customers,False,2011-05-13 13:01:00,2011-12-06 12:21:00,2011-05
15908,United Kingdom,491,2,758.62,1,2,3,6,Lost,True,2010-07-15 19:21:00,2010-08-06 11:56:00,2010-07
15909,United Kingdom,174,1,191.94,3,1,1,5,Needs Attention,True,2011-06-19 10:38:00,2011-06-19 10:38:00,2011-06
15910,United Kingdom,1,15,2661.17,5,5,4,14,Champions,False,2010-01-21 11:51:00,2011-12-09 10:51:00,2010-01
15911,United Kingdom,624,8,1683.79,1,4,4,9,At Risk,True,2009-12-09 13:26:00,2010-03-26 12:06:00,2009-12
15912,United Kingdom,178,9,1074.7,3,5,3,11,Potential Loyalists,True,2009-12-10 12:58:00,2011-06-14 14:29:00,2009-12
15913,United Kingdom,534,1,6.300000000000001,1,1,1,3,Lost,True,2010-06-23 16:31:00,2010-06-23 16:31:00,2010-06
15914,United Kingdom,378,2,205.99,2,2,1,5,Lost,True,2010-11-26 16:09:00,2010-11-26 16:10:00,2010-11
15915,United Kingdom,402,1,364.24,2,1,2,5,Lost,True,2010-11-03 11:13:00,2010-11-03 11:13:00,2010-11
15916,United Kingdom,16,13,3145.2400000000002,5,5,5,15,Champions,False,2009-12-10 16:21:00,2011-11-23 13:46:00,2009-12
15917,United Kingdom,248,5,530.17,2,4,2,8,At Risk,True,2009-12-02 14:55:00,2011-04-06 10:40:00,2009-12
15918,United Kingdom,191,3,582.88,2,3,2,7,At Risk,True,2010-03-18 11:40:00,2011-06-02 11:42:00,2010-03
15919,United Kingdom,20,2,525.69,4,2,2,8,New Customers,False,2010-12-06 11:26:00,2011-11-20 11:28:00,2010-12
15920,United Kingdom,154,8,565.19,3,4,2,9,Potential Loyalists,True,2009-12-14 13:09:00,2011-07-08 15:25:00,2009-12
15921,United Kingdom,173,4,765.61,3,4,3,10,Potential Loyalists,True,2010-03-09 11:03:00,2011-06-20 11:03:00,2010-03
15922,United Kingdom,373,1,369.5,2,1,2,5,Lost,True,2010-12-01 13:51:00,2010-12-01 13:51:00,2010-12
15923,United Kingdom,373,1,127.08,2,1,1,4,Lost,True,2010-12-02 12:16:00,2010-12-02 12:16:00,2010-12
15924,United Kingdom,731,1,102.82,1,1,1,3,Lost,True,2009-12-08 15:00:00,2009-12-08 15:00:00,2009-12
15925,United Kingdom,194,1,207.15,2,1,1,4,Lost,True,2011-05-29 15:35:00,2011-05-29 15:35:00,2011-05
15926,United Kingdom,542,1,134.44,1,1,1,3,Lost,True,2010-06-15 15:23:00,2010-06-15 15:23:00,2010-06
15927,United Kingdom,647,1,106.54,1,1,1,3,Lost,True,2010-03-02 13:25:00,2010-03-02 13:25:00,2010-03
15928,United Kingdom,656,1,293.53,1,1,2,4,Lost,True,2010-02-21 15:16:00,2010-02-21 15:16:00,2010-02
15929,United Kingdom,644,1,594.0,1,1,2,4,Lost,True,2010-03-05 14:56:00,2010-03-05 14:56:00,2010-03
15930,United Kingdom,67,1,426.63,3,1,2,6,Needs Attention,False,2011-10-03 14:52:00,2011-10-03 14:52:00,2011-10
15931,United Kingdom,428,1,239.9,1,1,1,3,Lost,True,2010-10-07 16:46:00,2010-10-07 16:46:00,2010-10
15932,United Kingdom,4,8,2495.87,5,4,4,13,Champions,False,2011-02-23 14:50:00,2011-12-05 17:13:00,2011-02
15933,United Kingdom,21,3,1107.46,4,3,3,10,Loyal Customers,False,2011-09-14 12:05:00,2011-11-18 13:14:00,2011-09
15934,United Kingdom,418,2,2190.66,1,2,4,7,Cant Lose Them,True,2010-10-06 12:08:00,2010-10-18 10:13:00,2010-10
15935,United Kingdom,239,1,108.03999999999999,2,1,1,4,Lost,True,2011-04-14 13:27:00,2011-04-14 13:27:00,2011-04
15936,United Kingdom,379,2,282.79,2,2,1,5,Lost,True,2010-08-29 11:42:00,2010-11-25 16:39:00,2010-08
15937,United Kingdom,64,1,145.35000000000002,3,1,1,5,Needs Attention,False,2011-10-06 15:48:00,2011-10-06 15:48:00,2011-10
15938,United Kingdom,112,9,734.8100000000001,3,5,3,11,Potential Loyalists,True,2010-06-01 09:42:00,2011-08-19 12:56:00,2010-06
15939,United Kingdom,90,15,9004.84,3,5,5,13,Potential Loyalists,False,2010-11-30 12:07:00,2011-09-11 11:30:00,2010-11
15940,United Kingdom,311,1,35.8,2,1,1,4,Lost,True,2011-02-01 16:18:00,2011-02-01 16:18:00,2011-02
15941,United Kingdom,637,1,405.0,1,1,2,4,Lost,True,2010-03-12 14:45:00,2010-03-12 14:45:00,2010-03
15942,United Kingdom,134,1,337.44,3,1,2,6,Needs Attention,True,2011-07-29 09:01:00,2011-07-29 09:01:00,2011-07
15943,United Kingdom,650,2,271.28999999999996,1,2,1,4,Lost,True,2010-01-31 11:04:00,2010-02-28 12:49:00,2010-01
15944,United Kingdom,277,4,2164.24,2,4,4,10,At Risk,True,2009-12-13 12:57:00,2011-03-08 10:33:00,2009-12
15945,United Kingdom,365,4,646.27,2,4,3,9,At Risk,True,2009-12-01 13:47:00,2010-12-09 13:14:00,2009-12
15946,United Kingdom,503,3,2304.18,1,3,4,8,At Risk,True,2010-03-16 10:49:00,2010-07-25 12:18:00,2010-03
15947,United Kingdom,83,1,1708.24,3,1,4,8,Needs Attention,False,2011-09-18 10:46:00,2011-09-18 10:46:00,2011-09
15948,United Kingdom,8,3,1509.0900000000001,5,3,4,12,Loyal Customers,False,2010-10-11 12:16:00,2011-12-01 15:32:00,2010-10
15949,United Kingdom,17,2,364.72,5,2,2,9,New Customers,False,2011-09-29 17:34:00,2011-11-23 09:09:00,2011-09
15950,United Kingdom,32,10,7120.91,4,5,5,14,Champions,False,2010-01-26 11:39:00,2011-11-08 11:09:00,2010-01
15951,United Kingdom,9,3,1013.1700000000001,5,3,3,11,Loyal Customers,False,2010-11-23 18:20:00,2011-12-01 08:34:00,2010-11
15952,United Kingdom,34,4,781.91,4,4,3,11,Loyal Customers,False,2011-04-28 12:55:00,2011-11-06 11:18:00,2011-04
15953,United Kingdom,15,18,3440.34,5,5,5,15,Champions,False,2009-12-03 14:00:00,2011-11-24 15:32:00,2009-12
15954,United Kingdom,589,1,187.8,1,1,1,3,Lost,True,2010-04-29 13:35:00,2010-04-29 13:35:00,2010-04
15955,United Kingdom,24,22,8085.9800000000005,4,5,5,14,Champions,False,2010-02-23 16:36:00,2011-11-15 14:15:00,2010-02
15956,United Kingdom,551,2,617.6,1,2,3,6,Lost,True,2009-12-13 11:16:00,2010-06-06 13:06:00,2009-12
15957,United Kingdom,32,3,921.25,4,3,3,10,Loyal Customers,False,2010-10-15 12:11:00,2011-11-08 12:14:00,2010-10
15958,United Kingdom,74,4,462.12,3,4,2,9,Potential Loyalists,False,2010-06-07 10:59:00,2011-09-26 13:41:00,2010-06
15959,United Kingdom,682,3,542.89,1,3,2,6,At Risk,True,2010-01-26 16:19:00,2010-01-26 16:38:00,2010-01
15960,United Kingdom,374,4,410.95,2,4,2,8,At Risk,True,2010-09-30 15:50:00,2010-11-30 15:57:00,2010-09
15961,United Kingdom,379,1,451.28999999999996,2,1,2,5,Lost,True,2010-11-25 15:59:00,2010-11-25 15:59:00,2010-11
15962,United Kingdom,449,1,289.48,1,1,2,4,Lost,True,2010-09-16 13:48:00,2010-09-16 13:48:00,2010-09
15963,United Kingdom,20,2,470.76,4,2,2,8,New Customers,False,2011-10-25 13:05:00,2011-11-20 11:33:00,2011-10
15964,United Kingdom,663,1,269.21000000000004,1,1,1,3,Lost,True,2010-02-14 15:30:00,2010-02-14 15:30:00,2010-02
15965,United Kingdom,17,13,2771.94,5,5,4,14,Champions,False,2009-12-03 11:45:00,2011-11-22 16:44:00,2009-12
15966,United Kingdom,451,1,426.53,1,1,2,4,Lost,True,2010-09-15 10:44:00,2010-09-15 10:44:00,2010-09
15967,United Kingdom,23,12,2966.0,4,5,5,14,Champions,False,2009-12-01 13:29:00,2011-11-16 15:41:00,2009-12
15968,United Kingdom,388,1,401.8,2,1,2,5,Lost,True,2010-11-16 13:04:00,2010-11-16 13:04:00,2010-11
15969,United Kingdom,3,5,1127.05,5,4,3,12,Loyal Customers,False,2010-07-05 13:10:00,2011-12-07 11:06:00,2010-07
15970,United Kingdom,304,2,1017.3199999999999,2,2,3,7,Lost,True,2010-04-20 11:30:00,2011-02-09 12:08:00,2010-04
15971,United Kingdom,18,18,5897.88,5,5,5,15,Champions,False,2009-12-08 09:46:00,2011-11-22 12:50:00,2009-12
15972,United Kingdom,456,5,1769.33,1,4,4,9,At Risk,True,2010-04-18 14:06:00,2010-09-09 13:20:00,2010-04
15973,United Kingdom,367,2,665.62,2,2,3,7,Lost,True,2010-10-07 08:33:00,2010-12-08 11:42:00,2010-10
15974,United Kingdom,39,7,3442.15,4,4,5,13,Champions,False,2011-02-24 10:10:00,2011-10-31 13:13:00,2011-02
15975,United Kingdom,84,1,371.01,3,1,2,6,Needs Attention,False,2011-09-16 13:33:00,2011-09-16 13:33:00,2011-09
15976,United Kingdom,165,6,1680.31,3,4,4,11,Potential Loyalists,True,2010-06-06 14:01:00,2011-06-27 13:00:00,2010-06
15977,United Kingdom,17,2,1054.73,5,2,3,10,New Customers,False,2011-10-31 16:24:00,2011-11-22 13:29:00,2011-10
15978,United Kingdom,77,3,3279.42,3,3,5,11,Potential Loyalists,False,2010-03-05 14:39:00,2011-09-23 15:21:00,2010-03
15979,United Kingdom,603,1,329.21999999999997,1,1,2,4,Lost,True,2010-04-16 11:35:00,2010-04-16 11:35:00,2010-04
15980,United Kingdom,89,7,6543.68,3,4,5,12,Potential Loyalists,False,2010-06-01 14:40:00,2011-09-12 09:41:00,2010-06
15981,United Kingdom,25,21,9362.77,4,5,5,14,Champions,False,2010-03-29 10:07:00,2011-11-15 08:00:00,2010-03
15982,United Kingdom,605,1,324.51,1,1,2,4,Lost,True,2010-04-13 15:47:00,2010-04-13 15:47:00,2010-04
15983,United Kingdom,22,8,3110.37,4,5,5,14,Champions,False,2009-12-06 12:52:00,2011-11-17 17:34:00,2009-12
15984,United Kingdom,3,30,8393.02,5,5,5,15,Champions,False,2009-12-01 13:38:00,2011-12-07 12:16:00,2009-12
15985,United Kingdom,123,7,2715.28,3,4,4,11,Potential Loyalists,True,2010-05-27 15:51:00,2011-08-08 16:31:00,2010-05
15986,United Kingdom,30,2,354.42,4,2,2,8,New Customers,False,2010-11-23 10:02:00,2011-11-09 15:17:00,2010-11
15987,United Kingdom,12,8,1535.99,5,5,4,14,Champions,False,2010-11-25 12:56:00,2011-11-27 15:38:00,2010-11
15988,United Kingdom,19,3,736.39,5,3,3,11,Loyal Customers,False,2010-02-21 11:36:00,2011-11-20 13:23:00,2010-02
15989,United Kingdom,376,2,368.31,2,2,2,6,Lost,True,2009-12-02 15:51:00,2010-11-29 12:03:00,2009-12
15990,United Kingdom,44,7,1997.75,4,4,4,12,Champions,False,2010-02-28 12:30:00,2011-10-26 15:58:00,2010-02
15991,United Kingdom,534,1,150.55,1,1,1,3,Lost,True,2010-06-23 15:50:00,2010-06-23 15:50:00,2010-06
15992,United Kingdom,4,3,896.6,5,3,3,11,Loyal Customers,False,2010-09-12 11:52:00,2011-12-06 11:00:00,2010-09
15993,United Kingdom,9,7,2768.97,5,4,4,13,Champions,False,2011-10-26 16:21:00,2011-12-01 10:45:00,2011-10
15994,United Kingdom,55,3,1175.68,4,3,3,10,Loyal Customers,False,2010-03-14 11:55:00,2011-10-16 12:28:00,2010-03
15995,United Kingdom,414,1,694.54,1,1,3,5,Lost,True,2010-10-21 13:57:00,2010-10-21 13:57:00,2010-10
15996,United Kingdom,88,7,1386.4,3,4,4,11,Potential Loyalists,False,2010-11-07 15:49:00,2011-09-12 15:14:00,2010-11
15998,United Kingdom,37,16,8274.14,4,5,5,14,Champions,False,2009-12-01 11:45:00,2011-11-03 12:45:00,2009-12
15999,United Kingdom,736,1,20.4,1,1,1,3,Lost,True,2009-12-04 12:31:00,2009-12-04 12:31:00,2009-12
16000,United Kingdom,3,3,12393.7,5,3,5,13,Loyal Customers,False,2011-12-07 12:14:00,2011-12-07 12:17:00,2011-12
16001,United Kingdom,381,1,583.39,2,1,2,5,Lost,True,2010-11-23 17:10:00,2010-11-23 17:10:00,2010-11
16002,United Kingdom,625,1,169.21,1,1,1,3,Lost,True,2010-03-24 13:08:00,2010-03-24 13:08:00,2010-03
16003,United Kingdom,30,10,5613.83,4,5,5,14,Champions,False,2009-12-03 18:51:00,2011-11-10 09:57:00,2009-12
16004,United Kingdom,475,5,2146.39,1,4,4,9,At Risk,True,2010-01-25 13:56:00,2010-08-22 11:48:00,2010-01
16005,United Kingdom,12,10,2365.07,5,5,4,14,Champions,False,2010-09-15 13:21:00,2011-11-27 13:47:00,2010-09
16006,United Kingdom,211,2,332.82,2,2,2,6,Lost,True,2010-11-17 12:03:00,2011-05-12 13:12:00,2010-11
16007,United Kingdom,48,7,3053.06,4,4,5,13,Champions,False,2010-06-14 13:18:00,2011-10-23 11:05:00,2010-06
16008,United Kingdom,24,15,5339.13,4,5,5,14,Champions,False,2010-03-19 11:07:00,2011-11-16 10:32:00,2010-03
16009,United Kingdom,22,4,972.11,4,4,3,11,Loyal Customers,False,2011-07-03 11:26:00,2011-11-17 16:51:00,2011-07
16010,United Kingdom,246,11,1694.86,2,5,4,11,At Risk,True,2010-10-24 10:54:00,2011-04-08 10:14:00,2010-10
16011,United Kingdom,8,29,5599.31,5,5,5,15,Champions,False,2009-12-01 12:02:00,2011-12-01 16:31:00,2009-12
16012,United Kingdom,35,5,2978.59,4,4,5,13,Champions,False,2010-06-28 11:39:00,2011-11-04 13:25:00,2010-06
16013,United Kingdom,4,84,56078.44,5,5,5,15,Champions,False,2009-12-08 10:24:00,2011-12-06 10:36:00,2009-12
16014,United Kingdom,38,5,1100.28,4,4,3,11,Loyal Customers,False,2010-01-31 12:43:00,2011-11-02 12:04:00,2010-01
16015,United Kingdom,4,3,704.26,5,3,3,11,Loyal Customers,False,2011-10-21 12:56:00,2011-12-06 10:58:00,2011-10
16016,United Kingdom,3,11,2083.4,5,5,4,14,Champions,False,2010-11-02 13:27:00,2011-12-06 14:35:00,2010-11
16017,United Kingdom,47,5,1545.58,4,4,4,12,Champions,False,2010-01-05 12:06:00,2011-10-23 12:56:00,2010-01
16018,United Kingdom,39,4,698.13,4,4,3,11,Loyal Customers,False,2009-12-07 13:57:00,2011-10-31 14:13:00,2009-12
16019,United Kingdom,47,27,17329.16,4,5,5,14,Champions,False,2009-12-14 14:12:00,2011-10-24 11:51:00,2009-12
16020,United Kingdom,17,3,851.01,5,3,3,11,Loyal Customers,False,2011-10-05 13:54:00,2011-11-23 11:18:00,2011-10
16021,United Kingdom,395,2,487.03,2,2,2,6,Lost,True,2010-06-13 11:05:00,2010-11-09 14:48:00,2010-06
16022,United Kingdom,260,1,602.63,2,1,2,5,Lost,True,2011-03-24 13:16:00,2011-03-24 13:16:00,2011-03
16023,United Kingdom,46,3,719.81,4,3,3,10,Loyal Customers,False,2011-03-18 13:32:00,2011-10-24 16:34:00,2011-03
16024,United Kingdom,12,3,478.71,5,3,2,10,Loyal Customers,False,2010-10-24 11:40:00,2011-11-27 13:26:00,2010-10
16025,United Kingdom,30,1,439.65999999999997,4,1,2,7,New Customers,False,2011-11-10 11:45:00,2011-11-10 11:45:00,2011-11
16026,United Kingdom,43,1,236.09,4,1,1,6,New Customers,False,2011-10-27 13:53:00,2011-10-27 13:53:00,2011-10
16027,United Kingdom,92,15,2048.36,3,5,4,12,Potential Loyalists,True,2010-01-08 13:21:00,2011-09-09 10:47:00,2010-01
16028,United Kingdom,596,1,82.2,1,1,1,3,Lost,True,2010-04-23 11:45:00,2010-04-23 11:45:00,2010-04
16029,United Kingdom,39,106,109620.87,4,5,5,14,Champions,False,2009-12-08 11:23:00,2011-11-01 10:27:00,2009-12
16030,United Kingdom,310,1,331.24,2,1,2,5,Lost,True,2011-02-03 11:28:00,2011-02-03 11:28:00,2011-02
16031,United Kingdom,92,2,547.9,3,2,2,7,Needs Attention,True,2011-04-06 14:23:00,2011-09-08 13:07:00,2011-04
16032,United Kingdom,456,6,1965.72,1,4,4,9,At Risk,True,2010-07-04 13:31:00,2010-09-09 18:00:00,2010-07
16033,United Kingdom,6,27,10608.81,5,5,5,15,Champions,False,2010-08-11 16:44:00,2011-12-04 12:44:00,2010-08
16034,United Kingdom,196,6,911.32,2,4,3,9,At Risk,True,2010-10-26 13:00:00,2011-05-27 16:17:00,2010-10
16035,United Kingdom,560,1,217.73,1,1,1,3,Lost,True,2010-05-28 15:09:00,2010-05-28 15:09:00,2010-05
16036,United Kingdom,87,4,2556.84,3,4,4,11,Potential Loyalists,False,2010-03-29 14:47:00,2011-09-13 14:53:00,2010-03
16037,United Kingdom,270,5,1509.3400000000001,2,4,4,10,At Risk,True,2010-03-01 12:31:00,2011-03-15 09:13:00,2010-03
16038,United Kingdom,8,3,471.78,5,3,2,10,Loyal Customers,False,2011-05-22 11:29:00,2011-12-02 12:40:00,2011-05
16039,United Kingdom,424,2,456.4,1,2,2,5,Lost,True,2010-03-21 15:17:00,2010-10-12 10:44:00,2010-03
16040,United Kingdom,65,7,2416.9,3,4,4,11,Potential Loyalists,False,2010-04-09 10:12:00,2011-10-05 13:47:00,2010-04
16041,United Kingdom,31,3,3166.4,4,3,5,12,Loyal Customers,False,2011-07-21 16:27:00,2011-11-09 12:25:00,2011-07
16042,United Kingdom,22,8,2245.32,4,5,4,13,Champions,False,2010-09-12 12:00:00,2011-11-17 17:50:00,2010-09
16043,United Kingdom,38,8,1856.5900000000001,4,5,4,13,Champions,False,2010-08-15 11:26:00,2011-11-02 12:50:00,2010-08
16044,United Kingdom,435,1,340.84000000000003,1,1,2,4,Lost,True,2010-09-30 18:12:00,2010-09-30 18:12:00,2010-09
16045,United Kingdom,120,8,3434.93,3,5,5,13,Potential Loyalists,True,2010-07-29 12:50:00,2011-08-12 12:41:00,2010-07
16046,United Kingdom,562,1,235.78,1,1,1,3,Lost,True,2010-05-26 13:18:00,2010-05-26 13:18:00,2010-05
16048,United Kingdom,373,4,818.7900000000001,2,4,3,9,At Risk,True,2010-06-08 12:36:00,2010-12-01 15:28:00,2010-06
16049,United Kingdom,40,6,1852.15,4,4,4,12,Champions,False,2010-07-11 13:53:00,2011-10-30 13:19:00,2010-07
16050,United Kingdom,174,3,300.7,3,3,2,8,Potential Loyalists,True,2010-11-03 15:55:00,2011-06-19 11:44:00,2010-11
16051,United Kingdom,682,1,188.44,1,1,1,3,Lost,True,2010-01-27 09:38:00,2010-01-27 09:38:00,2010-01
16052,United Kingdom,54,1,362.06,4,1,2,7,New Customers,False,2011-10-16 15:13:00,2011-10-16 15:13:00,2011-10
16053,United Kingdom,33,6,3634.84,4,4,5,13,Champions,False,2010-04-08 11:11:00,2011-11-07 11:21:00,2010-04
16054,United Kingdom,145,4,2111.88,3,4,4,11,Potential Loyalists,True,2010-04-01 18:37:00,2011-07-17 13:08:00,2010-04
16055,United Kingdom,221,1,134.8,2,1,1,4,Lost,True,2011-05-03 09:26:00,2011-05-03 09:26:00,2011-05
16056,United Kingdom,45,1,650.75,4,1,3,8,New Customers,False,2011-10-25 15:19:00,2011-10-25 15:19:00,2011-10
16057,United Kingdom,16,10,3854.85,5,5,5,15,Champions,False,2010-01-07 17:11:00,2011-11-23 15:23:00,2010-01
16058,United Kingdom,406,1,62.7,2,1,1,4,Lost,True,2010-10-29 16:48:00,2010-10-29 16:48:00,2010-10
16059,United Kingdom,66,12,3053.57,3,5,5,13,Potential Loyalists,False,2010-05-19 13:04:00,2011-10-05 09:56:00,2010-05
16060,United Kingdom,401,3,541.95,2,3,2,7,At Risk,True,2010-08-02 15:26:00,2010-11-04 12:10:00,2010-08
16061,United Kingdom,431,1,89.65,1,1,1,3,Lost,True,2010-10-04 15:29:00,2010-10-04 15:29:00,2010-10
16062,United Kingdom,10,8,2863.45,5,5,4,14,Champions,False,2010-06-21 13:32:00,2011-11-30 12:15:00,2010-06
16063,United Kingdom,260,1,335.32,2,1,2,5,Lost,True,2011-03-24 14:55:00,2011-03-24 14:56:00,2011-03
16064,United Kingdom,725,1,109.31,1,1,1,3,Lost,True,2009-12-14 16:11:00,2009-12-14 16:11:00,2009-12
16065,United Kingdom,365,8,1992.13,2,5,4,11,At Risk,True,2010-09-02 13:27:00,2010-12-09 13:03:00,2010-09
16066,United Kingdom,17,5,1521.04,5,4,4,13,Champions,False,2011-08-07 14:33:00,2011-11-23 11:54:00,2011-08
16067,United Kingdom,563,3,3269.11,1,3,5,9,At Risk,True,2010-02-02 18:01:00,2010-05-26 12:33:00,2010-02
16068,United Kingdom,594,1,115.73,1,1,1,3,Lost,True,2010-04-25 11:52:00,2010-04-25 11:52:00,2010-04
16069,United Kingdom,418,1,457.7,1,1,2,4,Lost,True,2010-10-18 10:32:00,2010-10-18 10:32:00,2010-10
16070,United Kingdom,22,2,852.15,4,2,3,9,New Customers,False,2011-11-07 16:36:00,2011-11-17 15:50:00,2011-11
16071,United Kingdom,45,4,1076.8,4,4,3,11,Loyal Customers,False,2010-02-22 14:48:00,2011-10-26 11:14:00,2010-02
16072,United Kingdom,288,4,4180.09,2,4,5,11,At Risk,True,2010-06-08 16:47:00,2011-02-24 14:32:00,2010-06
16073,United Kingdom,297,1,122.4,2,1,1,4,Lost,True,2011-02-15 15:41:00,2011-02-15 15:41:00,2011-02
16074,United Kingdom,390,1,252.5,2,1,1,4,Lost,True,2010-11-14 13:19:00,2010-11-14 13:19:00,2010-11
16075,United Kingdom,503,2,736.9300000000001,1,2,3,6,Lost,True,2010-05-24 15:57:00,2010-07-25 11:31:00,2010-05
16076,United Kingdom,3,10,2234.73,5,5,4,14,Champions,False,2011-05-15 12:31:00,2011-12-06 14:59:00,2011-05
16077,United Kingdom,626,1,2300.4,1,1,4,6,Cant Lose Them,True,2010-03-24 10:42:00,2010-03-24 10:42:00,2010-03
16078,United Kingdom,284,2,362.99,2,2,2,6,Lost,True,2010-02-08 13:29:00,2011-03-01 09:47:00,2010-02
16079,United Kingdom,17,3,1352.0,5,3,4,12,Loyal Customers,False,2011-10-30 13:06:00,2011-11-23 12:48:00,2011-10
16080,United Kingdom,82,4,602.5600000000001,3,4,2,9,Potential Loyalists,False,2010-09-15 14:19:00,2011-09-19 10:42:00,2010-09
16081,United Kingdom,56,8,4278.96,4,5,5,14,Champions,False,2010-02-03 12:46:00,2011-10-14 13:06:00,2010-02
16082,United Kingdom,670,1,106.75,1,1,1,3,Lost,True,2010-02-07 15:16:00,2010-02-07 15:16:00,2010-02
16083,United Kingdom,101,4,2351.42,3,4,4,11,Potential Loyalists,True,2010-11-16 11:53:00,2011-08-31 10:47:00,2010-11
16084,United Kingdom,299,1,436.18,2,1,2,5,Lost,True,2011-02-13 16:05:00,2011-02-13 16:05:00,2011-02
16085,United Kingdom,23,12,2324.71,4,5,4,13,Champions,False,2010-01-20 14:03:00,2011-11-16 13:24:00,2010-01
16086,United Kingdom,59,10,2687.73,4,5,4,13,Champions,False,2009-12-02 13:20:00,2011-10-11 13:09:00,2009-12
16087,United Kingdom,389,5,1739.92,2,4,4,10,At Risk,True,2010-01-19 12:30:00,2010-11-15 16:44:00,2010-01
16088,United Kingdom,576,2,1437.43,1,2,4,7,Cant Lose Them,True,2010-04-27 10:56:00,2010-05-13 10:16:00,2010-04
16089,United Kingdom,386,2,263.49,2,2,1,5,Lost,True,2010-07-18 15:51:00,2010-11-18 13:51:00,2010-07
16090,United Kingdom,624,1,180.56,1,1,1,3,Lost,True,2010-03-25 13:05:00,2010-03-25 13:05:00,2010-03
16091,United Kingdom,155,2,315.06,3,2,2,7,Needs Attention,True,2011-05-25 09:18:00,2011-07-08 08:45:00,2011-05
16092,United Kingdom,115,6,1587.94,3,4,4,11,Potential Loyalists,True,2010-05-09 16:10:00,2011-08-17 10:46:00,2010-05
16093,United Kingdom,107,1,17.0,3,1,1,5,Needs Attention,True,2011-08-25 11:09:00,2011-08-25 11:09:00,2011-08
16094,United Kingdom,12,11,3695.56,5,5,5,15,Champions,False,2010-04-16 14:00:00,2011-11-28 12:45:00,2010-04
16095,United Kingdom,456,1,447.05,1,1,2,4,Lost,True,2010-09-09 16:54:00,2010-09-09 16:54:00,2010-09
16096,United Kingdom,264,4,1584.97,2,4,4,10,At Risk,True,2010-03-04 15:44:00,2011-03-20 13:38:00,2010-03
16097,United Kingdom,240,1,185.04999999999998,2,1,1,4,Lost,True,2011-04-13 13:47:00,2011-04-13 13:47:00,2011-04
16098,United Kingdom,88,14,4010.7,3,5,5,13,Potential Loyalists,False,2009-12-15 09:40:00,2011-09-13 09:59:00,2009-12
16099,United Kingdom,50,7,1573.2,4,4,4,12,Champions,False,2010-03-03 11:13:00,2011-10-20 13:13:00,2010-03
16100,United Kingdom,463,1,582.64,1,1,2,4,Lost,True,2010-09-03 11:39:00,2010-09-03 11:39:00,2010-09
16101,United Kingdom,71,4,3229.16,3,4,5,12,Potential Loyalists,False,2010-05-27 12:50:00,2011-09-30 10:18:00,2010-05
16102,United Kingdom,42,3,1842.14,4,3,4,11,Loyal Customers,False,2011-08-03 12:50:00,2011-10-28 13:19:00,2011-08
16103,United Kingdom,7,22,6191.71,5,5,5,15,Champions,False,2010-01-08 12:08:00,2011-12-02 14:16:00,2010-01
16104,United Kingdom,62,9,2774.46,3,5,4,12,Potential Loyalists,False,2009-12-06 10:41:00,2011-10-09 10:23:00,2009-12
16105,United Kingdom,249,5,2386.19,2,4,4,10,At Risk,True,2010-04-14 13:27:00,2011-04-05 10:13:00,2010-04
16106,United Kingdom,66,1,108.38,3,1,1,5,Needs Attention,False,2011-10-05 10:37:00,2011-10-05 10:37:00,2011-10
16107,United Kingdom,18,7,3204.1600000000003,5,4,5,14,Champions,False,2011-06-09 18:42:00,2011-11-22 09:40:00,2011-06
16108,United Kingdom,85,4,2235.92,3,4,4,11,Potential Loyalists,False,2010-03-18 14:14:00,2011-09-16 11:48:00,2010-03
16109,United Kingdom,219,3,939.48,2,3,3,8,At Risk,True,2010-01-10 10:37:00,2011-05-05 09:17:00,2010-01
16110,United Kingdom,45,4,1781.59,4,4,4,12,Champions,False,2010-07-05 13:04:00,2011-10-25 14:35:00,2010-07
16111,United Kingdom,428,1,549.33,1,1,2,4,Lost,True,2010-10-07 19:51:00,2010-10-07 19:51:00,2010-10
16112,United Kingdom,143,4,195.74,3,4,1,8,Potential Loyalists,True,2011-01-05 11:47:00,2011-07-19 14:28:00,2011-01
16113,United Kingdom,183,1,161.38,3,1,1,5,Needs Attention,True,2011-06-09 16:16:00,2011-06-09 16:16:00,2011-06
16114,United Kingdom,171,1,135.75000000000003,3,1,1,5,Needs Attention,True,2011-06-22 10:13:00,2011-06-22 10:13:00,2011-06
16115,United Kingdom,10,12,2553.8,5,5,4,14,Champions,False,2010-05-14 11:59:00,2011-11-30 11:32:00,2010-05
16116,United Kingdom,212,1,612.78,2,1,3,6,Lost,True,2011-05-12 12:01:00,2011-05-12 12:01:00,2011-05
16117,United Kingdom,190,3,654.4,2,3,3,8,At Risk,True,2010-04-27 11:50:00,2011-06-03 11:42:00,2010-04
16118,United Kingdom,653,1,4376.25,1,1,5,7,Cant Lose Them,True,2010-02-25 09:40:00,2010-02-25 09:40:00,2010-02
16119,United Kingdom,8,8,1720.81,5,5,4,14,Champions,False,2009-12-16 11:56:00,2011-12-01 15:11:00,2009-12
16120,United Kingdom,59,6,2967.51,4,4,5,13,Champions,False,2010-10-13 15:07:00,2011-10-11 14:22:00,2010-10
16121,United Kingdom,57,5,1450.04,4,4,4,12,Champions,False,2010-05-23 10:52:00,2011-10-13 12:59:00,2010-05
16122,United Kingdom,73,6,895.62,3,4,3,10,Potential Loyalists,False,2010-10-10 15:26:00,2011-09-27 15:34:00,2010-10
16123,United Kingdom,52,1,307.78000000000003,4,1,2,7,New Customers,False,2011-10-19 09:18:00,2011-10-19 09:18:00,2011-10
16124,United Kingdom,317,4,1772.49,2,4,4,10,At Risk,True,2009-12-07 10:33:00,2011-01-26 14:45:00,2009-12
16125,United Kingdom,367,14,4292.35,2,5,5,12,At Risk,True,2009-12-14 15:38:00,2010-12-07 15:48:00,2009-12
16126,United Kingdom,29,15,14644.6,4,5,5,14,Champions,False,2009-12-02 13:34:00,2011-11-10 16:03:00,2009-12
16127,United Kingdom,39,2,801.3100000000001,4,2,3,9,New Customers,False,2009-12-13 12:19:00,2011-10-31 13:58:00,2009-12
16128,United Kingdom,18,11,3801.05,5,5,5,15,Champions,False,2010-07-16 16:30:00,2011-11-22 11:14:00,2010-07
16129,United Kingdom,407,3,1396.05,2,3,4,9,At Risk,True,2010-07-20 12:32:00,2010-10-28 14:29:00,2010-07
16130,United Kingdom,422,4,987.48,1,4,3,8,At Risk,True,2010-04-01 13:58:00,2010-10-13 15:14:00,2010-04
16131,United Kingdom,52,12,9957.42,4,5,5,14,Champions,False,2009-12-02 10:09:00,2011-10-19 11:53:00,2009-12
16132,United Kingdom,544,2,664.1999999999999,1,2,3,6,Lost,True,2010-03-22 10:25:00,2010-06-13 13:49:00,2010-03
16133,United Kingdom,4,56,22992.26,5,5,5,15,Champions,False,2010-03-31 12:21:00,2011-12-06 11:24:00,2010-03
16134,United Kingdom,22,5,2145.34,4,4,4,12,Champions,False,2010-06-17 09:48:00,2011-11-18 10:05:00,2010-06
16135,United Kingdom,263,2,819.45,2,2,3,7,Lost,True,2010-05-05 09:35:00,2011-03-22 12:30:00,2010-05
16136,United Kingdom,60,4,946.8000000000001,3,4,3,10,Potential Loyalists,False,2010-02-14 12:49:00,2011-10-11 09:10:00,2010-02
16137,United Kingdom,680,1,422.7,1,1,2,4,Lost,True,2010-01-28 15:04:00,2010-01-28 15:04:00,2010-01
16138,United Kingdom,379,3,910.35,2,3,3,8,At Risk,True,2010-04-28 09:51:00,2010-11-26 12:13:00,2010-04
16139,United Kingdom,19,5,1111.15,5,4,3,12,Loyal Customers,False,2009-12-03 13:51:00,2011-11-21 08:37:00,2009-12
16140,United Kingdom,66,3,1433.46,3,3,4,10,Potential Loyalists,False,2010-09-24 12:03:00,2011-10-05 12:15:00,2010-09
16141,United Kingdom,88,2,955.94,3,2,3,8,Needs Attention,False,2010-10-18 14:12:00,2011-09-12 13:11:00,2010-10
16142,United Kingdom,250,1,535.34,2,1,2,5,Lost,True,2011-04-04 10:16:00,2011-04-04 10:16:00,2011-04
16143,United Kingdom,3,12,4555.08,5,5,5,15,Champions,False,2009-12-10 09:44:00,2011-12-06 14:13:00,2009-12
16144,United Kingdom,247,1,175.2,2,1,1,4,Lost,True,2011-04-07 10:09:00,2011-04-07 10:09:00,2011-04
16145,United Kingdom,9,19,6805.4400000000005,5,5,5,15,Champions,False,2010-05-04 13:31:00,2011-12-01 10:33:00,2010-05
16146,United Kingdom,157,4,946.38,3,4,3,10,Potential Loyalists,True,2010-09-17 10:46:00,2011-07-05 14:20:00,2010-09
16147,United Kingdom,134,5,2398.91,3,4,4,11,Potential Loyalists,True,2010-02-05 12:26:00,2011-07-29 09:57:00,2010-02
16148,United Kingdom,296,2,386.62,2,2,2,6,Lost,True,2010-09-29 10:12:00,2011-02-16 14:01:00,2010-09
16149,United Kingdom,5,3,422.21999999999997,5,3,2,10,Loyal Customers,False,2010-10-06 15:54:00,2011-12-05 11:29:00,2010-10
16150,United Kingdom,43,10,4002.17,4,5,5,14,Champions,False,2009-12-17 15:33:00,2011-10-28 12:39:00,2009-12
16152,United Kingdom,269,1,1829.04,2,1,4,7,Cant Lose Them,True,2011-03-16 09:47:00,2011-03-16 09:47:00,2011-03
16153,United Kingdom,50,11,5133.49,4,5,5,14,Champions,False,2010-05-26 12:41:00,2011-10-21 10:50:00,2010-05
16155,United Kingdom,382,5,796.9,2,4,3,9,At Risk,True,2010-06-18 11:23:00,2010-11-23 12:03:00,2010-06
16156,United Kingdom,9,20,6188.18,5,5,5,15,Champions,False,2009-12-02 17:06:00,2011-12-01 12:42:00,2009-12
16157,United Kingdom,16,3,656.69,5,3,3,11,Loyal Customers,False,2011-09-28 11:48:00,2011-11-24 11:41:00,2011-09
16158,United Kingdom,522,9,628.32,1,5,3,9,At Risk,True,2009-12-05 15:00:00,2010-07-05 13:55:00,2009-12
16159,United Kingdom,282,4,1232.79,2,4,4,10,At Risk,True,2009-12-03 11:51:00,2011-03-03 12:27:00,2009-12
16160,United Kingdom,65,2,1025.44,3,2,3,8,Needs Attention,False,2011-09-15 10:53:00,2011-10-05 14:19:00,2011-09
16161,United Kingdom,2,43,12580.06,5,5,5,15,Champions,False,2010-02-08 11:06:00,2011-12-08 12:10:00,2010-02
16162,United Kingdom,252,1,37.4,2,1,1,4,Lost,True,2011-04-01 15:03:00,2011-04-01 15:03:00,2011-04
16163,United Kingdom,232,6,2407.98,2,4,4,10,At Risk,True,2009-12-02 10:00:00,2011-04-21 15:15:00,2009-12
16164,United Kingdom,17,3,822.48,5,3,3,11,Loyal Customers,False,2011-10-28 09:12:00,2011-11-22 15:04:00,2011-10
16165,United Kingdom,505,1,79.9,1,1,1,3,Lost,True,2010-07-22 14:17:00,2010-07-22 14:17:00,2010-07
16166,United Kingdom,428,2,435.83,1,2,2,5,Lost,True,2010-01-17 14:16:00,2010-10-07 15:44:00,2010-01
16167,United Kingdom,414,5,1386.12,1,4,4,9,At Risk,True,2009-12-01 10:46:00,2010-10-21 15:33:00,2009-12
16168,United Kingdom,11,66,10360.67,5,5,5,15,Champions,False,2009-12-03 12:38:00,2011-11-29 12:45:00,2009-12
16169,United Kingdom,8,4,1822.97,5,4,4,13,Champions,False,2011-09-25 11:33:00,2011-12-01 15:28:00,2011-09
16170,United Kingdom,51,20,6869.0,4,5,5,14,Champions,False,2010-02-18 13:50:00,2011-10-20 08:21:00,2010-02
16171,United Kingdom,59,1,73.19999999999999,4,1,1,6,New Customers,False,2011-10-11 14:51:00,2011-10-11 14:51:00,2011-10
16172,United Kingdom,95,8,1884.55,3,5,4,12,Potential Loyalists,True,2010-07-14 15:34:00,2011-09-05 13:22:00,2010-07
16173,United Kingdom,16,6,1418.32,5,4,4,13,Champions,False,2011-09-02 15:23:00,2011-11-24 10:53:00,2011-09
16174,United Kingdom,126,7,2246.75,3,4,4,11,Potential Loyalists,True,2010-04-15 15:12:00,2011-08-05 13:26:00,2010-04
16175,United Kingdom,94,7,1836.44,3,4,4,11,Potential Loyalists,True,2010-05-25 12:01:00,2011-09-06 14:32:00,2010-05
16176,United Kingdom,421,4,2052.69,1,4,4,9,At Risk,True,2010-03-29 14:52:00,2010-10-14 13:54:00,2010-03
16177,United Kingdom,50,8,2247.31,4,5,4,13,Champions,False,2010-03-02 14:03:00,2011-10-20 12:57:00,2010-03
16178,United Kingdom,138,2,612.6,3,2,3,8,Needs Attention,True,2010-11-03 14:46:00,2011-07-24 16:05:00,2010-11
16179,United Kingdom,61,1,215.83,3,1,1,5,Needs Attention,False,2011-10-10 09:41:00,2011-10-10 09:41:00,2011-10
16180,United Kingdom,100,13,16249.87,3,5,5,13,Potential Loyalists,True,2010-06-23 13:19:00,2011-08-31 16:28:00,2010-06
16181,United Kingdom,73,1,305.54,3,1,2,6,Needs Attention,False,2011-09-27 13:38:00,2011-09-27 13:38:00,2011-09
16182,United Kingdom,72,9,9971.65,3,5,5,13,Potential Loyalists,False,2010-03-09 09:34:00,2011-09-28 13:23:00,2010-03
16183,United Kingdom,67,4,1077.81,3,4,3,10,Potential Loyalists,False,2010-10-28 14:43:00,2011-10-03 14:59:00,2010-10
16184,United Kingdom,64,6,1158.79,3,4,3,10,Potential Loyalists,False,2011-05-12 13:33:00,2011-10-06 17:43:00,2011-05
16185,United Kingdom,17,3,644.72,5,3,3,11,Loyal Customers,False,2010-05-24 11:04:00,2011-11-23 09:41:00,2010-05
16186,United Kingdom,23,26,8718.43,4,5,5,14,Champions,False,2009-12-09 15:36:00,2011-11-17 12:43:00,2009-12
16187,United Kingdom,32,15,6911.4400000000005,4,5,5,14,Champions,False,2011-02-28 13:34:00,2011-11-08 09:50:00,2011-02
16188,United Kingdom,45,5,1087.66,4,4,3,11,Loyal Customers,False,2010-10-27 11:50:00,2011-10-26 12:19:00,2010-10
16189,United Kingdom,16,2,215.48,5,2,1,8,New Customers,False,2011-09-15 15:21:00,2011-11-24 11:47:00,2011-09
16190,United Kingdom,40,8,2723.55,4,5,4,13,Champions,False,2009-12-14 11:59:00,2011-10-30 15:59:00,2009-12
16191,United Kingdom,3,24,15677.820000000002,5,5,5,15,Champions,False,2009-12-11 12:24:00,2011-12-07 11:26:00,2009-12
16192,United Kingdom,736,1,351.3,1,1,2,4,Lost,True,2009-12-04 12:28:00,2009-12-04 12:28:00,2009-12
16193,United Kingdom,237,2,630.4300000000001,2,2,3,7,Lost,True,2010-10-25 10:25:00,2011-04-17 11:45:00,2010-10
16194,United Kingdom,375,1,308.6,2,1,2,5,Lost,True,2010-11-29 13:28:00,2010-11-29 13:28:00,2010-11
16195,United Kingdom,723,1,323.25,1,1,2,4,Lost,True,2009-12-16 14:09:00,2009-12-16 14:09:00,2009-12
16196,United Kingdom,489,1,93.3,1,1,1,3,Lost,True,2010-08-08 11:40:00,2010-08-08 11:40:00,2010-08
16197,United Kingdom,469,9,2016.71,1,5,4,10,At Risk,True,2009-12-16 11:44:00,2010-08-27 12:56:00,2009-12
16198,United Kingdom,75,2,1030.04,3,2,3,8,Needs Attention,False,2010-09-28 13:59:00,2011-09-25 14:58:00,2010-09
16199,United Kingdom,392,7,942.75,2,4,3,9,At Risk,True,2010-03-18 18:47:00,2010-11-12 12:55:00,2010-03
16200,United Kingdom,4,12,5608.1,5,5,5,15,Champions,False,2009-12-02 15:04:00,2011-12-05 14:40:00,2009-12
16201,United Kingdom,3,5,2112.12,5,4,4,13,Champions,False,2010-10-20 12:00:00,2011-12-06 16:02:00,2010-10
16202,United Kingdom,361,9,2501.9900000000002,2,5,4,11,At Risk,True,2009-12-02 10:48:00,2010-12-14 10:43:00,2009-12
16203,United Kingdom,59,6,943.84,4,4,3,11,Loyal Customers,False,2010-07-23 13:09:00,2011-10-12 12:31:00,2010-07
16204,United Kingdom,23,3,918.71,4,3,3,10,Loyal Customers,False,2009-12-08 17:44:00,2011-11-16 13:40:00,2009-12
16205,United Kingdom,31,7,1813.51,4,4,4,12,Champions,False,2010-06-15 11:58:00,2011-11-09 09:32:00,2010-06
16206,United Kingdom,55,13,2577.12,4,5,4,13,Champions,False,2010-01-24 15:25:00,2011-10-16 10:41:00,2010-01
16207,United Kingdom,25,1,394.38,4,1,2,7,New Customers,False,2011-11-14 13:51:00,2011-11-14 13:51:00,2011-11
16208,United Kingdom,45,10,3440.4500000000003,4,5,5,14,Champions,False,2010-02-24 14:24:00,2011-10-26 11:36:00,2010-02
16209,United Kingdom,89,9,4146.78,3,5,5,13,Potential Loyalists,False,2010-06-11 11:58:00,2011-09-12 11:58:00,2010-06
16210,United Kingdom,2,33,33730.97,5,5,5,15,Champions,False,2009-12-02 12:54:00,2011-12-08 12:36:00,2009-12
16211,United Kingdom,89,3,1090.59,3,3,3,9,Potential Loyalists,False,2010-09-27 15:24:00,2011-09-12 12:11:00,2010-09
16212,United Kingdom,19,4,1293.71,5,4,4,13,Champions,False,2010-02-07 15:26:00,2011-11-20 13:00:00,2010-02
16213,United Kingdom,79,1,159.0,3,1,1,5,Needs Attention,False,2011-09-22 10:03:00,2011-09-22 10:03:00,2011-09
16214,United Kingdom,171,4,2038.25,3,4,4,11,Potential Loyalists,True,2010-09-30 13:57:00,2011-06-22 11:30:00,2010-09
16215,United Kingdom,81,1,242.35,3,1,1,5,Needs Attention,False,2011-09-20 10:18:00,2011-09-20 10:18:00,2011-09
16216,United Kingdom,267,1,914.9300000000001,2,1,3,6,Lost,True,2011-03-17 15:34:00,2011-03-17 15:34:00,2011-03
16217,United Kingdom,235,2,304.25,2,2,2,6,Lost,True,2011-03-02 15:28:00,2011-04-18 13:31:00,2011-03
16218,United Kingdom,30,13,3968.67,4,5,5,14,Champions,False,2010-05-27 16:09:00,2011-11-10 09:59:00,2010-05
16219,United Kingdom,501,1,40.8,1,1,1,3,Lost,True,2010-07-27 11:44:00,2010-07-27 11:44:00,2010-07
16221,United Kingdom,37,9,2018.47,4,5,4,13,Champions,False,2010-08-10 13:32:00,2011-11-03 11:43:00,2010-08
16222,United Kingdom,318,2,1272.05,2,2,4,8,Cant Lose Them,True,2009-12-18 14:31:00,2011-01-25 13:38:00,2009-12
16223,United Kingdom,375,2,1087.05,2,2,3,7,Lost,True,2010-11-09 12:07:00,2010-11-30 11:50:00,2010-11
16224,United Kingdom,57,5,1616.54,4,4,4,12,Champions,False,2010-11-17 13:14:00,2011-10-13 17:51:00,2010-11
16225,United Kingdom,45,15,2859.31,4,5,4,13,Champions,False,2010-02-07 12:41:00,2011-10-26 08:30:00,2010-02
16226,United Kingdom,203,5,672.17,2,4,3,9,At Risk,True,2010-10-22 11:19:00,2011-05-20 14:41:00,2010-10
16227,United Kingdom,225,3,1027.22,2,3,3,8,At Risk,True,2010-06-22 13:28:00,2011-04-28 13:33:00,2010-06
16228,United Kingdom,385,3,885.71,2,3,3,8,At Risk,True,2010-11-04 18:54:00,2010-11-19 14:20:00,2010-11
16229,United Kingdom,87,6,2867.86,3,4,4,11,Potential Loyalists,False,2010-05-24 12:59:00,2011-09-13 17:16:00,2010-05
16230,United Kingdom,190,2,542.03,2,2,2,6,Lost,True,2011-05-03 15:12:00,2011-06-03 10:06:00,2011-05
16231,United Kingdom,379,4,1074.47,2,4,3,9,At Risk,True,2010-04-21 12:06:00,2010-11-25 15:00:00,2010-04
16232,United Kingdom,44,7,2712.97,4,4,4,12,Champions,False,2010-06-07 14:04:00,2011-10-27 12:16:00,2010-06
16233,United Kingdom,71,9,1818.31,3,5,4,12,Potential Loyalists,False,2009-12-02 13:23:00,2011-09-29 17:27:00,2009-12
16234,United Kingdom,476,3,333.18,1,3,2,6,At Risk,True,2010-05-27 10:39:00,2010-08-20 14:33:00,2010-05
16235,United Kingdom,41,8,2043.71,4,5,4,13,Champions,False,2010-08-26 12:10:00,2011-10-30 10:56:00,2010-08
16236,United Kingdom,78,1,432.2,3,1,2,6,Needs Attention,False,2011-09-22 14:10:00,2011-09-22 14:10:00,2011-09
16237,United Kingdom,437,1,136.65,1,1,1,3,Lost,True,2010-09-28 17:02:00,2010-09-28 17:02:00,2010-09
16238,United Kingdom,423,1,63.66,1,1,1,3,Lost,True,2010-10-13 12:36:00,2010-10-13 12:36:00,2010-10
16239,United Kingdom,57,6,1492.2,4,4,4,12,Champions,False,2010-09-02 19:17:00,2011-10-14 08:29:00,2010-09
16240,United Kingdom,24,2,3718.8,4,2,5,11,New Customers,False,2011-09-23 13:44:00,2011-11-15 14:30:00,2011-09
16241,United Kingdom,10,16,3989.81,5,5,5,15,Champions,False,2010-10-25 13:40:00,2011-11-30 11:08:00,2010-10
16242,United Kingdom,8,14,7404.650000000001,5,5,5,15,Champions,False,2010-03-15 16:02:00,2011-12-01 15:12:00,2010-03
16243,United Kingdom,34,2,409.1,4,2,2,8,New Customers,False,2011-10-16 12:09:00,2011-11-06 12:32:00,2011-10
16244,United Kingdom,212,2,1522.75,2,2,4,8,Cant Lose Them,True,2010-12-02 11:41:00,2011-05-12 10:18:00,2010-12
16245,United Kingdom,24,3,1413.66,4,3,4,11,Loyal Customers,False,2011-03-28 09:30:00,2011-11-16 10:14:00,2011-03
16246,United Kingdom,460,2,821.35,1,2,3,6,Lost,True,2010-02-08 12:32:00,2010-09-06 12:04:00,2010-02
16247,United Kingdom,170,1,114.56,3,1,1,5,Needs Attention,True,2011-06-22 14:23:00,2011-06-22 14:23:00,2011-06
16248,United Kingdom,62,1,152.94,3,1,1,5,Needs Attention,False,2011-10-09 11:32:00,2011-10-09 11:32:00,2011-10
16249,United Kingdom,53,5,1800.07,4,4,4,12,Champions,False,2011-04-14 13:50:00,2011-10-18 10:07:00,2011-04
16250,United Kingdom,261,3,565.24,2,3,2,7,At Risk,True,2010-11-18 10:43:00,2011-03-23 15:07:00,2010-11
16251,United Kingdom,512,1,128.31,1,1,1,3,Lost,True,2010-07-15 14:55:00,2010-07-15 14:55:00,2010-07
16252,United Kingdom,383,1,295.09000000000003,2,1,2,5,Lost,True,2010-11-22 11:57:00,2010-11-22 11:57:00,2010-11
16253,United Kingdom,67,7,7222.2,3,4,5,12,Potential Loyalists,False,2009-12-08 17:24:00,2011-10-04 09:09:00,2009-12
16254,United Kingdom,378,3,967.44,2,3,3,8,At Risk,True,2010-03-17 15:43:00,2010-11-26 13:22:00,2010-03
16255,United Kingdom,17,15,4530.0,5,5,5,15,Champions,False,2010-01-24 12:21:00,2011-11-23 12:40:00,2010-01
16256,United Kingdom,267,3,1579.37,2,3,4,9,At Risk,True,2010-04-21 10:34:00,2011-03-18 12:18:00,2010-04
16257,United Kingdom,177,1,21.95,3,1,1,5,Needs Attention,True,2011-06-16 10:11:00,2011-06-16 10:11:00,2011-06
16258,United Kingdom,45,15,11942.52,4,5,5,14,Champions,False,2010-03-10 14:19:00,2011-10-25 13:30:00,2010-03
16259,United Kingdom,410,3,340.94,1,3,2,6,At Risk,True,2010-04-13 16:57:00,2010-10-25 14:27:00,2010-04
16260,United Kingdom,51,1,1035.45,4,1,3,8,New Customers,False,2011-10-20 09:40:00,2011-10-20 09:40:00,2011-10
16261,United Kingdom,17,6,1041.16,5,4,3,12,Loyal Customers,False,2010-09-23 16:40:00,2011-11-22 17:23:00,2010-09
16262,United Kingdom,378,1,755.15,2,1,3,6,Lost,True,2010-11-26 13:22:00,2010-11-26 13:22:00,2010-11
16263,United Kingdom,423,1,348.16,1,1,2,4,Lost,True,2010-10-12 14:52:00,2010-10-12 14:52:00,2010-10
16264,United Kingdom,438,2,823.53,1,2,3,6,Lost,True,2010-09-19 16:14:00,2010-09-27 15:00:00,2010-09
16265,United Kingdom,9,12,6685.17,5,5,5,15,Champions,False,2010-10-28 15:18:00,2011-11-30 16:41:00,2010-10
16266,United Kingdom,74,14,1757.95,3,5,4,12,Potential Loyalists,False,2010-02-04 16:21:00,2011-09-27 12:08:00,2010-02
16267,United Kingdom,591,1,186.66,1,1,1,3,Lost,True,2010-04-27 14:10:00,2010-04-27 14:10:00,2010-04
16268,United Kingdom,71,2,617.65,3,2,3,8,Needs Attention,False,2011-09-29 18:30:00,2011-09-29 18:30:00,2011-09
16269,United Kingdom,438,1,717.57,1,1,3,5,Lost,True,2010-09-28 11:50:00,2010-09-28 11:50:00,2010-09
16270,United Kingdom,353,1,1141.24,2,1,3,6,Lost,True,2010-12-21 14:26:00,2010-12-21 14:26:00,2010-12
16271,United Kingdom,16,8,3367.82,5,5,5,15,Champions,False,2010-03-07 12:03:00,2011-11-24 12:12:00,2010-03
16272,United Kingdom,117,1,411.7,3,1,2,6,Needs Attention,True,2011-08-15 10:53:00,2011-08-15 10:54:00,2011-08
16273,United Kingdom,648,2,318.34000000000003,1,2,2,5,Lost,True,2010-02-21 16:02:00,2010-03-01 13:24:00,2010-02
16274,United Kingdom,373,1,331.55,2,1,2,5,Lost,True,2010-12-01 15:35:00,2010-12-01 15:35:00,2010-12
16275,United Kingdom,197,3,2151.11,2,3,4,9,At Risk,True,2010-03-08 14:41:00,2011-05-27 12:41:00,2010-03
16276,United Kingdom,177,3,2629.3900000000003,3,3,4,10,Potential Loyalists,True,2010-04-11 12:02:00,2011-06-16 09:34:00,2010-04
16277,United Kingdom,734,1,188.69,1,1,1,3,Lost,True,2009-12-06 11:27:00,2009-12-06 11:27:00,2009-12
16278,United Kingdom,100,3,1117.84,3,3,3,9,Potential Loyalists,True,2010-07-28 15:40:00,2011-08-31 17:12:00,2010-07
16279,United Kingdom,21,9,5698.28,4,5,5,14,Champions,False,2010-04-22 14:09:00,2011-11-18 15:00:00,2010-04
16280,United Kingdom,725,1,238.05,1,1,1,3,Lost,True,2009-12-14 15:49:00,2009-12-14 15:49:00,2009-12
16281,United Kingdom,72,3,3424.02,3,3,5,11,Potential Loyalists,False,2010-01-26 13:41:00,2011-09-28 14:57:00,2010-01
16282,United Kingdom,340,3,1307.5800000000002,2,3,4,9,At Risk,True,2009-12-21 11:52:00,2011-01-04 11:42:00,2009-12
16283,United Kingdom,6,8,4348.62,5,5,5,15,Champions,False,2010-02-28 14:12:00,2011-12-04 12:08:00,2010-02
16284,United Kingdom,31,3,1018.48,4,3,3,10,Loyal Customers,False,2010-11-11 13:27:00,2011-11-08 16:12:00,2010-11
16285,United Kingdom,646,1,176.9,1,1,1,3,Lost,True,2010-03-03 16:03:00,2010-03-03 16:03:00,2010-03
16286,United Kingdom,477,2,328.95,1,2,2,5,Lost,True,2010-03-26 09:58:00,2010-08-19 14:48:00,2010-03
16287,United Kingdom,170,5,1006.98,3,4,3,10,Potential Loyalists,True,2010-01-19 09:46:00,2011-06-23 09:08:00,2010-01
16288,United Kingdom,470,1,129.85,1,1,1,3,Lost,True,2010-08-26 14:45:00,2010-08-26 14:45:00,2010-08
16289,United Kingdom,462,1,136.31,1,1,1,3,Lost,True,2010-09-03 14:02:00,2010-09-03 14:02:00,2010-09
16290,United Kingdom,465,4,1957.7,1,4,4,9,At Risk,True,2010-05-23 11:46:00,2010-09-01 11:52:00,2010-05
16292,United Kingdom,122,5,1253.76,3,4,4,11,Potential Loyalists,True,2010-04-14 13:29:00,2011-08-10 12:24:00,2010-04
16293,United Kingdom,22,15,4279.2,4,5,5,14,Champions,False,2009-12-11 09:58:00,2011-11-18 09:58:00,2009-12
16294,United Kingdom,477,1,126.05000000000001,1,1,1,3,Lost,True,2010-08-20 12:01:00,2010-08-20 12:01:00,2010-08
16295,United Kingdom,10,4,1328.55,5,4,4,13,Champions,False,2011-10-06 10:45:00,2011-11-30 08:17:00,2011-10
16296,United Kingdom,626,4,1313.67,1,4,4,9,At Risk,True,2009-12-18 12:03:00,2010-03-23 13:11:00,2009-12
16297,United Kingdom,269,1,301.9,2,1,2,5,Lost,True,2011-03-16 08:29:00,2011-03-16 08:29:00,2011-03
16298,United Kingdom,23,7,1085.7,4,4,3,11,Loyal Customers,False,2010-09-23 15:23:00,2011-11-17 11:59:00,2010-09
16299,United Kingdom,477,1,193.65,1,1,1,3,Lost,True,2010-08-19 17:46:00,2010-08-19 17:46:00,2010-08
16300,United Kingdom,430,3,1367.32,1,3,4,8,At Risk,True,2010-02-02 11:40:00,2010-10-05 13:14:00,2010-02
16301,United Kingdom,737,1,107.33,1,1,1,3,Lost,True,2009-12-03 10:20:00,2009-12-03 10:20:00,2009-12
16302,United Kingdom,127,1,233.22,3,1,1,5,Needs Attention,True,2011-08-05 09:44:00,2011-08-05 09:44:00,2011-08
16303,United Kingdom,26,7,7928.27,4,4,5,13,Champions,False,2010-03-18 14:12:00,2011-11-14 10:49:00,2010-03
16304,United Kingdom,695,1,381.66,1,1,2,4,Lost,True,2010-01-14 08:30:00,2010-01-14 08:30:00,2010-01
16305,United Kingdom,139,1,361.22,3,1,2,6,Needs Attention,True,2011-07-24 12:18:00,2011-07-24 12:18:00,2011-07
16306,United Kingdom,214,7,1124.72,2,4,3,9,At Risk,True,2010-10-01 09:36:00,2011-05-10 12:12:00,2010-10
16307,United Kingdom,429,3,1194.92,1,3,3,7,At Risk,True,2010-05-11 14:40:00,2010-10-06 14:31:00,2010-05
16308,United Kingdom,38,7,5120.0,4,4,5,13,Champions,False,2009-12-15 15:48:00,2011-11-02 11:24:00,2009-12
16309,United Kingdom,106,2,706.57,3,2,3,8,Needs Attention,True,2011-04-13 11:46:00,2011-08-25 15:35:00,2011-04
16310,United Kingdom,414,2,460.08,1,2,2,5,Lost,True,2010-03-07 15:41:00,2010-10-21 14:47:00,2010-03
16311,United Kingdom,18,2,616.26,5,2,3,10,New Customers,False,2011-10-21 13:13:00,2011-11-22 08:54:00,2011-10
16312,United Kingdom,432,1,171.15,1,1,1,3,Lost,True,2010-10-03 14:15:00,2010-10-03 14:15:00,2010-10
16313,United Kingdom,3,2,274.15000000000003,5,2,1,8,New Customers,False,2011-10-21 09:04:00,2011-12-06 13:02:00,2011-10
16314,United Kingdom,390,3,1491.4,2,3,4,9,At Risk,True,2010-08-24 11:52:00,2010-11-15 12:06:00,2010-08
16315,United Kingdom,331,2,402.71,2,2,2,6,Lost,True,2010-06-21 13:53:00,2011-01-13 11:57:00,2010-06
16316,United Kingdom,64,13,5744.91,3,5,5,13,Potential Loyalists,False,2010-08-03 14:38:00,2011-10-06 13:48:00,2010-08
16317,United Kingdom,120,5,2192.51,3,4,4,11,Potential Loyalists,True,2010-05-04 10:17:00,2011-08-12 12:46:00,2010-05
16318,United Kingdom,35,1,328.15000000000003,4,1,2,7,New Customers,False,2011-11-04 13:05:00,2011-11-04 13:05:00,2011-11
16319,United Kingdom,218,1,404.40000000000003,2,1,2,5,Lost,True,2011-05-06 11:27:00,2011-05-06 11:27:00,2011-05
16320,Unspecified,172,6,5628.99,3,4,5,12,Potential Loyalists,True,2010-01-27 13:29:00,2011-06-20 15:25:00,2010-01
16321,Australia,72,7,604.5500000000001,3,4,3,10,Potential Loyalists,False,2009-12-01 10:36:00,2011-09-28 14:55:00,2009-12
16322,United Kingdom,1,2,326.75,5,2,2,9,New Customers,False,2011-11-03 14:33:00,2011-12-08 15:41:00,2011-11
16323,United Kingdom,196,2,353.66,2,2,2,6,Lost,True,2010-05-11 09:48:00,2011-05-27 14:48:00,2010-05
16324,United Kingdom,128,3,408.59000000000003,3,3,2,8,Potential Loyalists,True,2011-06-15 14:26:00,2011-08-03 12:58:00,2011-06
16325,United Kingdom,47,12,3597.5,4,5,5,14,Champions,False,2009-12-04 13:21:00,2011-10-24 08:48:00,2009-12
16326,United Kingdom,6,24,4626.25,5,5,5,15,Champions,False,2010-01-28 13:23:00,2011-12-04 10:11:00,2010-01
16327,United Kingdom,14,16,10129.04,5,5,5,15,Champions,False,2009-12-14 13:06:00,2011-11-25 13:23:00,2009-12
16328,United Kingdom,563,1,310.83,1,1,2,4,Lost,True,2010-05-25 14:02:00,2010-05-25 14:02:00,2010-05
16329,United Kingdom,428,4,1664.92,1,4,4,9,At Risk,True,2009-12-01 11:34:00,2010-10-08 12:44:00,2009-12
16330,United Kingdom,18,7,625.38,5,4,3,12,Loyal Customers,False,2010-02-15 12:36:00,2011-11-22 12:24:00,2010-02
16331,United Kingdom,432,6,2037.7,1,4,4,9,At Risk,True,2010-03-07 10:55:00,2010-10-03 13:47:00,2010-03
16332,United Kingdom,28,11,1997.49,4,5,4,13,Champions,False,2010-04-29 13:41:00,2011-11-11 14:22:00,2010-04
16333,United Kingdom,8,22,26626.8,5,5,5,15,Champions,False,2011-02-03 10:50:00,2011-12-02 12:19:00,2011-02
16334,United Kingdom,492,1,263.73,1,1,1,3,Lost,True,2010-08-04 16:38:00,2010-08-04 16:38:00,2010-08
16335,United Kingdom,552,7,2753.52,1,4,4,9,At Risk,True,2009-12-04 10:18:00,2010-06-06 11:35:00,2009-12
16336,United Kingdom,421,4,3517.69,1,4,5,10,At Risk,True,2010-03-18 08:05:00,2010-10-15 12:32:00,2010-03
16337,United Kingdom,37,1,151.05,4,1,1,6,New Customers,False,2011-11-03 10:03:00,2011-11-03 10:03:00,2011-11
16338,United Kingdom,157,1,214.8,3,1,1,5,Needs Attention,True,2011-07-05 13:56:00,2011-07-05 13:56:00,2011-07
16339,United Kingdom,284,1,94.05,2,1,1,4,Lost,True,2011-02-28 13:41:00,2011-02-28 13:41:00,2011-02
16340,United Kingdom,107,3,1496.24,3,3,4,10,Potential Loyalists,True,2010-06-06 13:26:00,2011-08-24 14:53:00,2010-06
16341,United Kingdom,25,7,3850.79,4,4,5,13,Champions,False,2010-04-09 10:30:00,2011-11-15 09:12:00,2010-04
16342,United Kingdom,75,4,322.41,3,4,2,9,Potential Loyalists,False,2011-06-13 10:10:00,2011-09-25 14:36:00,2011-06
16343,United Kingdom,16,3,614.12,5,3,3,11,Loyal Customers,False,2010-10-28 14:15:00,2011-11-23 17:45:00,2010-10
16344,United Kingdom,158,4,842.42,3,4,3,10,Potential Loyalists,True,2010-02-09 12:16:00,2011-07-04 15:50:00,2010-02
16345,United Kingdom,44,2,1178.79,4,2,3,9,New Customers,False,2010-08-13 17:13:00,2011-10-26 16:03:00,2010-08
16346,United Kingdom,385,1,224.51,2,1,1,4,Lost,True,2010-11-19 15:55:00,2010-11-19 15:55:00,2010-11
16347,United Kingdom,11,11,3442.96,5,5,5,15,Champions,False,2010-03-12 12:41:00,2011-11-28 13:14:00,2010-03
16348,United Kingdom,32,8,1742.08,4,5,4,13,Champions,False,2010-10-05 13:57:00,2011-11-07 15:44:00,2010-10
16349,United Kingdom,291,1,53.5,2,1,1,4,Lost,True,2011-02-22 12:40:00,2011-02-22 12:40:00,2011-02
16350,United Kingdom,21,9,2253.89,4,5,4,13,Champions,False,2010-10-07 16:33:00,2011-11-18 15:53:00,2010-10
16351,United Kingdom,333,13,3330.03,2,5,5,12,At Risk,True,2009-12-04 16:12:00,2011-01-11 10:26:00,2009-12
16352,United Kingdom,18,2,494.44,5,2,2,9,New Customers,False,2011-11-02 08:44:00,2011-11-22 10:32:00,2011-11
16353,United Kingdom,4,38,9795.460000000001,5,5,5,15,Champions,False,2009-12-07 13:55:00,2011-12-06 12:23:00,2009-12
16354,United Kingdom,63,5,1119.46,3,4,3,10,Potential Loyalists,False,2010-04-27 13:33:00,2011-10-07 14:28:00,2010-04
16355,United Kingdom,375,1,416.35,2,1,2,5,Lost,True,2010-11-29 14:21:00,2010-11-29 14:21:00,2010-11
16356,United Kingdom,198,6,415.87,2,4,2,8,At Risk,True,2010-06-06 11:26:00,2011-05-26 11:51:00,2010-06
16357,United Kingdom,33,4,868.37,4,4,3,11,Loyal Customers,False,2010-11-23 18:52:00,2011-11-06 16:04:00,2010-11
16358,United Kingdom,1,5,2919.65,5,4,5,14,Champions,False,2010-11-10 11:36:00,2011-12-08 15:09:00,2010-11
16359,United Kingdom,7,16,2697.75,5,5,4,14,Champions,False,2010-02-16 10:39:00,2011-12-02 17:04:00,2010-02
16360,United Kingdom,5,6,3450.41,5,4,5,14,Champions,False,2011-09-12 13:50:00,2011-12-05 12:16:00,2011-09
16361,United Kingdom,10,4,891.21,5,4,3,12,Loyal Customers,False,2011-09-29 13:13:00,2011-11-30 12:32:00,2011-09
16362,United Kingdom,32,6,922.16,4,4,3,11,Loyal Customers,False,2010-09-28 09:24:00,2011-11-07 13:01:00,2010-09
16363,United Kingdom,53,1,109.36000000000001,4,1,1,6,New Customers,False,2011-10-17 14:14:00,2011-10-17 14:14:00,2011-10
16364,United Kingdom,12,2,705.79,5,2,3,10,New Customers,False,2011-07-25 14:35:00,2011-11-28 11:27:00,2011-07
16365,United Kingdom,18,15,3167.34,5,5,5,15,Champions,False,2009-12-11 12:41:00,2011-11-22 11:24:00,2009-12
16366,United Kingdom,19,4,1548.13,5,4,4,13,Champions,False,2009-12-16 10:39:00,2011-11-21 08:19:00,2009-12
16367,United Kingdom,37,3,1350.48,4,3,4,11,Loyal Customers,False,2010-11-21 13:23:00,2011-11-02 13:13:00,2010-11
16368,United Kingdom,2,3,621.44,5,3,3,11,Loyal Customers,False,2010-09-30 11:30:00,2011-12-07 13:12:00,2010-09
16369,United Kingdom,18,7,2654.48,5,4,4,13,Champions,False,2010-04-07 16:52:00,2011-11-21 16:25:00,2010-04
16370,United Kingdom,82,4,1301.91,3,4,4,11,Potential Loyalists,False,2011-04-28 16:40:00,2011-09-18 15:55:00,2011-04
16371,United Kingdom,449,1,157.2,1,1,1,3,Lost,True,2010-09-17 12:09:00,2010-09-17 12:09:00,2010-09
16372,United Kingdom,33,5,1290.31,4,4,4,12,Champions,False,2010-04-11 15:20:00,2011-11-06 13:08:00,2010-04
16373,United Kingdom,382,2,309.49,2,2,2,6,Lost,True,2010-10-24 13:10:00,2010-11-22 15:50:00,2010-10
16374,United Kingdom,66,5,1709.55,3,4,4,11,Potential Loyalists,False,2010-04-30 13:10:00,2011-10-04 15:21:00,2010-04
16375,United Kingdom,470,2,104.0,1,2,1,4,Lost,True,2010-08-26 14:12:00,2010-08-26 14:25:00,2010-08
16376,United Kingdom,9,2,974.96,5,2,3,10,New Customers,False,2011-11-22 16:47:00,2011-12-01 11:38:00,2011-11
16377,United Kingdom,267,2,1308.48,2,2,4,8,Cant Lose Them,True,2010-04-01 10:36:00,2011-03-17 15:41:00,2010-04
16378,United Kingdom,247,3,362.95,2,3,2,7,At Risk,True,2011-02-02 12:42:00,2011-04-06 15:07:00,2011-02
16379,United Kingdom,4,4,2157.4,5,4,4,13,Champions,False,2011-09-22 09:33:00,2011-12-05 15:38:00,2011-09
16380,United Kingdom,61,1,1743.1499999999999,3,1,4,8,Needs Attention,False,2011-10-09 15:40:00,2011-10-09 15:40:00,2011-10
16381,United Kingdom,396,2,247.85,2,2,1,5,Lost,True,2010-10-17 13:06:00,2010-11-09 09:56:00,2010-10
16382,United Kingdom,408,2,353.1,2,2,2,6,Lost,True,2010-06-07 12:42:00,2010-10-27 16:23:00,2010-06
16383,United Kingdom,75,7,2887.99,3,4,5,12,Potential Loyalists,False,2010-02-04 13:18:00,2011-09-26 12:45:00,2010-02
16384,United Kingdom,90,4,1358.95,3,4,4,11,Potential Loyalists,False,2010-04-28 14:01:00,2011-09-11 11:19:00,2010-04
16385,United Kingdom,60,5,881.35,3,4,3,10,Potential Loyalists,False,2010-03-18 12:45:00,2011-10-10 13:12:00,2010-03
16386,United Kingdom,29,3,1068.16,4,3,3,10,Loyal Customers,False,2010-11-17 11:19:00,2011-11-11 12:28:00,2010-11
16387,United Kingdom,323,5,882.46,2,4,3,9,At Risk,True,2010-03-11 12:22:00,2011-01-21 11:34:00,2010-03
16388,United Kingdom,654,1,186.05,1,1,1,3,Lost,True,2010-02-24 10:20:00,2010-02-24 10:20:00,2010-02
16389,United Kingdom,53,4,1382.0700000000002,4,4,4,12,Champions,False,2011-03-01 15:47:00,2011-10-17 14:41:00,2011-03
16390,United Kingdom,537,3,467.5,1,3,2,6,At Risk,True,2010-01-29 15:25:00,2010-06-21 10:11:00,2010-01
16391,United Kingdom,401,4,1048.86,2,4,3,9,At Risk,True,2010-05-27 11:27:00,2010-11-04 12:27:00,2010-05
16392,United Kingdom,270,3,755.45,2,3,3,8,At Risk,True,2010-05-27 11:17:00,2011-03-15 12:11:00,2010-05
16393,United Kingdom,2,23,5297.77,5,5,5,15,Champions,False,2009-12-01 12:13:00,2011-12-07 12:51:00,2009-12
16394,United Kingdom,57,5,1555.34,4,4,4,12,Champions,False,2011-02-23 10:58:00,2011-10-14 09:48:00,2011-02
16395,United Kingdom,61,14,3517.56,3,5,5,13,Potential Loyalists,False,2009-12-06 12:26:00,2011-10-10 12:50:00,2009-12
16396,United Kingdom,476,1,137.8,1,1,1,3,Lost,True,2010-08-20 14:17:00,2010-08-20 14:17:00,2010-08
16397,United Kingdom,628,1,123.13,1,1,1,3,Lost,True,2010-03-21 15:36:00,2010-03-21 15:36:00,2010-03
16398,United Kingdom,154,2,1705.8,3,2,4,9,Needs Attention,True,2011-03-31 09:38:00,2011-07-08 15:16:00,2011-03
16399,United Kingdom,19,3,628.42,5,3,3,11,Loyal Customers,False,2010-11-15 15:03:00,2011-11-20 16:12:00,2010-11
16400,United Kingdom,95,9,3059.85,3,5,5,13,Potential Loyalists,True,2009-12-08 12:38:00,2011-09-06 12:27:00,2009-12
16401,United Kingdom,1,23,6847.45,5,5,5,15,Champions,False,2010-06-02 13:13:00,2011-12-08 18:15:00,2010-06
16402,United Kingdom,265,2,293.45,2,2,2,6,Lost,True,2010-12-05 13:42:00,2011-03-20 12:25:00,2010-12
16403,United Kingdom,312,1,177.5,2,1,1,4,Lost,True,2011-01-31 13:39:00,2011-01-31 13:39:00,2011-01
16404,United Kingdom,70,1,443.05,3,1,2,6,Needs Attention,False,2011-09-30 14:55:00,2011-09-30 14:55:00,2011-09
16405,United Kingdom,302,2,167.25,2,2,1,5,Lost,True,2011-02-02 17:08:00,2011-02-10 15:24:00,2011-02
16406,United Kingdom,19,3,528.36,5,3,2,10,Loyal Customers,False,2010-02-24 11:51:00,2011-11-21 11:57:00,2010-02
16407,United Kingdom,13,14,2761.65,5,5,4,14,Champions,False,2010-10-03 13:56:00,2011-11-27 11:05:00,2010-10
16408,United Kingdom,591,1,231.93,1,1,1,3,Lost,True,2010-04-27 14:08:00,2010-04-27 14:08:00,2010-04
16409,United Kingdom,36,12,5652.74,4,5,5,14,Champions,False,2009-12-13 15:38:00,2011-11-03 16:45:00,2009-12
16410,United Kingdom,734,1,130.32,1,1,1,3,Lost,True,2009-12-05 14:51:00,2009-12-05 14:51:00,2009-12
16411,United Kingdom,19,4,756.39,5,4,3,12,Loyal Customers,False,2010-10-07 15:09:00,2011-11-20 13:23:00,2010-10
16412,United Kingdom,54,5,593.19,4,4,2,10,Loyal Customers,False,2010-02-04 13:46:00,2011-10-17 12:35:00,2010-02
16413,United Kingdom,57,2,522.03,4,2,2,8,New Customers,False,2010-11-29 12:49:00,2011-10-14 12:08:00,2010-11
16414,United Kingdom,22,5,551.21,4,4,2,10,Loyal Customers,False,2010-01-14 10:21:00,2011-11-18 09:42:00,2010-01
16415,United Kingdom,44,3,696.76,4,3,3,10,Loyal Customers,False,2010-02-01 12:30:00,2011-10-26 13:35:00,2010-02
16416,United Kingdom,27,9,2957.88,4,5,5,14,Champions,False,2010-02-23 12:00:00,2011-11-13 12:50:00,2010-02
16417,United Kingdom,493,1,35.7,1,1,1,3,Lost,True,2010-08-04 09:08:00,2010-08-04 09:08:00,2010-08
16418,United Kingdom,45,5,1028.74,4,4,3,11,Loyal Customers,False,2010-10-13 12:31:00,2011-10-26 12:39:00,2010-10
16419,United Kingdom,113,8,1463.7,3,5,4,12,Potential Loyalists,True,2010-02-09 13:26:00,2011-08-19 12:33:00,2010-02
16420,United Kingdom,396,1,75.0,2,1,1,4,Lost,True,2010-11-08 15:15:00,2010-11-08 15:15:00,2010-11
16421,United Kingdom,376,3,526.27,2,3,2,7,At Risk,True,2010-08-27 12:02:00,2010-11-28 13:31:00,2010-08
16422,United Kingdom,17,108,61728.87,5,5,5,15,Champions,False,2010-01-12 11:57:00,2011-11-22 14:00:00,2010-01
16423,United Kingdom,25,1,346.12,4,1,2,7,New Customers,False,2011-11-15 09:21:00,2011-11-15 09:21:00,2011-11
16424,United Kingdom,191,2,443.06,2,2,2,6,Lost,True,2010-11-22 11:24:00,2011-06-01 13:40:00,2010-11
16425,United Kingdom,302,1,302.7,2,1,2,5,Lost,True,2011-02-10 14:30:00,2011-02-10 14:30:00,2011-02
16426,United Kingdom,2,10,1863.76,5,5,4,14,Champions,False,2011-03-08 15:45:00,2011-12-07 14:01:00,2011-03
16427,United Kingdom,263,2,241.06,2,2,1,5,Lost,True,2011-02-28 15:18:00,2011-03-21 17:10:00,2011-02
16428,United Kingdom,414,3,638.49,1,3,3,7,At Risk,True,2010-07-30 12:10:00,2010-10-22 12:22:00,2010-07
16429,United Kingdom,106,1,284.55,3,1,1,5,Needs Attention,True,2011-08-25 13:54:00,2011-08-25 13:54:00,2011-08
16430,United Kingdom,57,6,1102.94,4,4,3,11,Loyal Customers,False,2010-01-27 12:45:00,2011-10-13 14:47:00,2010-01
16431,United Kingdom,213,3,623.28,2,3,3,8,At Risk,True,2011-02-15 14:02:00,2011-05-10 14:09:00,2011-02
16432,United Kingdom,64,1,287.40000000000003,3,1,2,6,Needs Attention,False,2011-10-06 13:59:00,2011-10-06 13:59:00,2011-10
16433,United Kingdom,28,2,384.52,4,2,2,8,New Customers,False,2010-10-27 12:26:00,2011-11-11 14:09:00,2010-10
16434,United Kingdom,29,12,2673.69,4,5,4,13,Champions,False,2010-01-17 14:51:00,2011-11-10 14:28:00,2010-01
16435,United Kingdom,512,3,1003.0699999999999,1,3,3,7,At Risk,True,2010-07-13 13:29:00,2010-07-15 18:22:00,2010-07
16436,United Kingdom,668,3,319.14,1,3,2,6,At Risk,True,2009-12-06 16:02:00,2010-02-09 13:19:00,2009-12
16437,United Kingdom,381,2,301.25,2,2,2,6,Lost,True,2010-10-06 12:34:00,2010-11-23 16:59:00,2010-10
16438,United Kingdom,6,5,798.35,5,4,3,12,Loyal Customers,False,2011-09-18 13:31:00,2011-12-04 10:51:00,2011-09
16439,United Kingdom,722,1,310.70000000000005,1,1,2,4,Lost,True,2009-12-17 14:22:00,2009-12-17 14:22:00,2009-12
16440,United Kingdom,8,6,3856.97,5,4,5,14,Champions,False,2010-08-03 11:32:00,2011-12-02 12:02:00,2010-08
16441,United Kingdom,67,5,1013.1800000000001,3,4,3,10,Potential Loyalists,False,2010-03-22 18:00:00,2011-10-03 17:48:00,2010-03
16442,United Kingdom,2,5,891.98,5,4,3,12,Loyal Customers,False,2009-12-13 11:05:00,2011-12-08 11:43:00,2009-12
16443,United Kingdom,521,1,162.24,1,1,1,3,Lost,True,2010-07-07 11:57:00,2010-07-07 11:57:00,2010-07
16444,United Kingdom,46,17,3625.88,4,5,5,14,Champions,False,2010-03-24 14:06:00,2011-10-24 13:50:00,2010-03
16445,United Kingdom,34,4,583.16,4,4,2,10,Loyal Customers,False,2010-10-24 12:39:00,2011-11-06 12:32:00,2010-10
16446,United Kingdom,1,2,168472.5,5,2,5,12,New Customers,False,2011-05-18 09:52:00,2011-12-09 09:15:00,2011-05
16447,United Kingdom,136,3,727.1,3,3,3,9,Potential Loyalists,True,2010-02-17 14:09:00,2011-07-27 12:45:00,2010-02
16448,United Kingdom,198,2,361.12,2,2,2,6,Lost,True,2010-08-25 16:58:00,2011-05-25 16:28:00,2010-08
16449,United Kingdom,198,2,707.69,2,2,3,7,Lost,True,2011-03-04 12:15:00,2011-05-26 10:25:00,2011-03
16450,United Kingdom,150,3,1505.73,3,3,4,10,Potential Loyalists,True,2010-02-21 15:46:00,2011-07-13 11:47:00,2010-02
16451,United Kingdom,88,3,1013.15,3,3,3,9,Potential Loyalists,False,2009-12-04 15:11:00,2011-09-13 09:17:00,2009-12
16452,United Kingdom,631,2,332.17,1,2,2,5,Lost,True,2010-01-15 12:22:00,2010-03-19 12:39:00,2010-01
16453,United Kingdom,531,2,251.71,1,2,1,4,Lost,True,2010-06-09 13:15:00,2010-06-27 12:46:00,2010-06
16454,United Kingdom,64,3,29.950000000000003,3,3,1,7,Potential Loyalists,False,2010-04-07 15:54:00,2011-10-06 16:57:00,2010-04
16455,United Kingdom,64,11,3995.57,3,5,5,13,Potential Loyalists,False,2010-03-30 10:31:00,2011-10-07 12:17:00,2010-03
16456,United Kingdom,99,13,6000.94,3,5,5,13,Potential Loyalists,True,2010-03-29 11:16:00,2011-09-01 13:50:00,2010-03
16457,United Kingdom,218,1,208.36,2,1,1,4,Lost,True,2011-05-05 13:19:00,2011-05-05 13:19:00,2011-05
16458,United Kingdom,3,30,5690.89,5,5,5,15,Champions,False,2010-05-26 14:38:00,2011-12-07 09:34:00,2010-05
16459,United Kingdom,730,1,71.78999999999999,1,1,1,3,Lost,True,2009-12-10 12:42:00,2009-12-10 12:42:00,2009-12
16460,United Kingdom,28,3,811.23,4,3,3,10,Loyal Customers,False,2011-09-19 10:15:00,2011-11-11 13:46:00,2011-09
16461,United Kingdom,178,3,1539.83,3,3,4,10,Potential Loyalists,True,2010-03-03 13:57:00,2011-06-15 12:07:00,2010-03
16462,United Kingdom,74,3,136.0,3,3,1,7,Potential Loyalists,False,2011-03-01 08:58:00,2011-09-27 10:24:00,2011-03
16463,United Kingdom,21,4,1422.4,4,4,4,12,Champions,False,2011-05-19 14:45:00,2011-11-18 14:01:00,2011-05
16464,United Kingdom,20,3,1298.66,4,3,4,11,Loyal Customers,False,2011-07-20 13:53:00,2011-11-20 12:11:00,2011-07
16465,United Kingdom,421,2,746.24,1,2,3,6,Lost,True,2010-09-21 10:46:00,2010-10-15 09:27:00,2010-09
16466,United Kingdom,34,15,3767.09,4,5,5,14,Champions,False,2010-03-07 14:31:00,2011-11-06 11:35:00,2010-03
16467,United Kingdom,509,7,2869.16,1,4,4,9,At Risk,True,2009-12-02 11:59:00,2010-07-19 11:49:00,2009-12
16468,United Kingdom,74,3,787.52,3,3,3,9,Potential Loyalists,False,2010-08-15 13:10:00,2011-09-26 14:13:00,2010-08
16469,United Kingdom,24,5,803.9,4,4,3,11,Loyal Customers,False,2010-07-13 13:17:00,2011-11-16 12:25:00,2010-07
16470,United Kingdom,52,11,2416.85,4,5,4,13,Champions,False,2009-12-11 12:21:00,2011-10-19 12:11:00,2009-12
16471,United Kingdom,275,4,1189.98,2,4,3,9,At Risk,True,2010-02-25 10:07:00,2011-03-10 09:41:00,2010-02
16472,United Kingdom,434,2,789.6,1,2,3,6,Lost,True,2010-04-21 11:48:00,2010-10-01 13:56:00,2010-04
16473,United Kingdom,165,4,470.83,3,4,2,9,Potential Loyalists,True,2010-11-30 16:29:00,2011-06-28 09:10:00,2010-11
16474,United Kingdom,7,7,1810.49,5,4,4,13,Champions,False,2011-07-17 14:51:00,2011-12-02 13:02:00,2011-07
16475,United Kingdom,88,4,544.3,3,4,2,9,Potential Loyalists,False,2011-03-11 09:39:00,2011-09-12 14:37:00,2011-03
16476,United Kingdom,432,1,350.35,1,1,2,4,Lost,True,2010-10-04 10:29:00,2010-10-04 10:29:00,2010-10
16477,United Kingdom,64,11,4094.37,3,5,5,13,Potential Loyalists,False,2010-08-12 09:43:00,2011-10-07 09:44:00,2010-08
16478,United Kingdom,25,3,331.0,4,3,2,9,Loyal Customers,False,2011-10-05 12:02:00,2011-11-14 15:51:00,2011-10
16479,United Kingdom,10,2,300.83,5,2,2,9,New Customers,False,2011-11-29 13:04:00,2011-11-29 13:40:00,2011-11
16480,United Kingdom,76,1,769.29,3,1,3,7,Needs Attention,False,2011-09-25 11:40:00,2011-09-25 11:40:00,2011-09
16481,United Kingdom,682,1,453.38,1,1,2,4,Lost,True,2010-01-26 13:09:00,2010-01-26 13:09:00,2010-01
16482,United Kingdom,16,1,220.62,5,1,1,7,New Customers,False,2011-11-24 12:33:00,2011-11-24 12:33:00,2011-11
16483,United Kingdom,192,1,139.35,2,1,1,4,Lost,True,2011-05-31 13:08:00,2011-05-31 13:08:00,2011-05
16484,United Kingdom,174,2,404.3,3,2,2,7,Needs Attention,True,2011-06-02 10:39:00,2011-06-19 12:06:00,2011-06
16485,United Kingdom,77,5,2287.19,3,4,4,11,Potential Loyalists,False,2009-12-06 12:28:00,2011-09-23 15:50:00,2009-12
16486,United Kingdom,538,1,134.36,1,1,1,3,Lost,True,2010-06-20 12:16:00,2010-06-20 12:16:00,2010-06
16487,United Kingdom,577,2,209.4,1,2,1,4,Lost,True,2010-02-18 17:36:00,2010-05-11 13:38:00,2010-02
16488,United Kingdom,33,3,498.8,4,3,2,9,Loyal Customers,False,2011-07-14 11:46:00,2011-11-06 13:42:00,2011-07
16489,United Kingdom,380,2,303.7,2,2,2,6,Lost,True,2010-09-29 15:02:00,2010-11-24 14:40:00,2010-09
16490,United Kingdom,436,1,205.41000000000003,1,1,1,3,Lost,True,2010-09-29 16:30:00,2010-09-29 16:30:00,2010-09
16491,United Kingdom,47,2,1533.16,4,2,4,10,New Customers,False,2010-10-22 15:42:00,2011-10-24 10:18:00,2010-10
16492,United Kingdom,541,1,385.56,1,1,2,4,Lost,True,2010-06-17 08:20:00,2010-06-17 08:20:00,2010-06
16493,United Kingdom,80,7,2132.09,3,4,4,11,Potential Loyalists,False,2010-03-26 13:05:00,2011-09-21 11:10:00,2010-03
16494,United Kingdom,297,1,826.53,2,1,3,6,Lost,True,2011-02-16 12:49:00,2011-02-16 12:49:00,2011-02
16495,United Kingdom,3,3,648.26,5,3,3,11,Loyal Customers,False,2011-03-08 16:38:00,2011-12-06 13:20:00,2011-03
16496,United Kingdom,9,6,2330.77,5,4,4,13,Champions,False,2010-07-18 13:42:00,2011-12-01 10:31:00,2010-07
16497,United Kingdom,50,23,6695.28,4,5,5,14,Champions,False,2009-12-03 14:11:00,2011-10-21 10:55:00,2009-12
16498,United Kingdom,161,2,100.97,3,2,1,6,Needs Attention,True,2011-06-30 19:52:00,2011-07-01 15:07:00,2011-06
16499,United Kingdom,360,8,2578.34,2,5,4,11,At Risk,True,2010-06-11 12:22:00,2010-12-14 13:31:00,2010-06
16500,United Kingdom,5,9,843.9100000000001,5,5,3,13,Loyal Customers,False,2010-06-14 14:54:00,2011-12-05 12:04:00,2010-06
16501,United Kingdom,383,1,1191.23,2,1,3,6,Lost,True,2010-11-21 14:10:00,2010-11-21 14:10:00,2010-11
16502,United Kingdom,620,2,258.55,1,2,1,4,Lost,True,2010-03-29 13:39:00,2010-03-29 13:44:00,2010-03
16503,United Kingdom,107,11,3614.34,3,5,5,13,Potential Loyalists,True,2010-06-21 14:07:00,2011-08-25 11:46:00,2010-06
16504,United Kingdom,25,1,465.88,4,1,2,7,New Customers,False,2011-11-14 15:18:00,2011-11-14 15:18:00,2011-11
16505,United Kingdom,32,1,777.6,4,1,3,8,New Customers,False,2011-11-08 12:14:00,2011-11-08 12:14:00,2011-11
16506,United Kingdom,20,2,90.30000000000001,4,2,1,7,New Customers,False,2011-10-30 15:50:00,2011-11-20 12:17:00,2011-10
16507,United Kingdom,572,1,142.71,1,1,1,3,Lost,True,2010-05-16 12:56:00,2010-05-16 12:56:00,2010-05
16508,United Kingdom,630,1,240.95,1,1,1,3,Lost,True,2010-03-19 13:41:00,2010-03-19 13:41:00,2010-03
16509,United Kingdom,297,1,363.70000000000005,2,1,2,5,Lost,True,2011-02-16 09:25:00,2011-02-16 09:25:00,2011-02
16510,United Kingdom,372,6,1757.25,2,4,4,10,At Risk,True,2010-01-17 12:30:00,2010-12-02 13:39:00,2010-01
16511,United Kingdom,22,6,1758.49,4,4,4,12,Champions,False,2010-03-01 12:21:00,2011-11-18 10:41:00,2010-03
16513,United Kingdom,5,4,874.59,5,4,3,12,Loyal Customers,False,2011-10-27 14:56:00,2011-12-05 10:18:00,2011-10
16515,United Kingdom,52,10,3179.06,4,5,5,14,Champions,False,2010-06-17 12:17:00,2011-10-18 13:10:00,2010-06
16516,United Kingdom,30,1,101.69999999999999,4,1,1,6,New Customers,False,2011-11-09 14:59:00,2011-11-09 14:59:00,2011-11
16517,United Kingdom,277,1,162.70000000000002,2,1,1,4,Lost,True,2011-03-07 13:50:00,2011-03-07 13:50:00,2011-03
16518,United Kingdom,61,4,959.37,3,4,3,10,Potential Loyalists,False,2010-06-01 13:31:00,2011-10-09 15:04:00,2010-06
16519,United Kingdom,25,4,436.96,4,4,2,10,Loyal Customers,False,2010-03-01 13:51:00,2011-11-14 15:41:00,2010-03
16520,United Kingdom,186,6,2148.38,3,4,4,11,Potential Loyalists,True,2010-03-02 16:50:00,2011-06-06 13:24:00,2010-03
16521,United Kingdom,415,3,1136.36,1,3,3,7,At Risk,True,2010-03-01 13:22:00,2010-10-20 13:09:00,2010-03
16522,United Kingdom,436,2,433.36,1,2,2,5,Lost,True,2010-09-15 13:32:00,2010-09-30 10:54:00,2010-09
16523,United Kingdom,2,28,11916.33,5,5,5,15,Champions,False,2010-01-24 13:14:00,2011-12-08 09:06:00,2010-01
16524,United Kingdom,446,2,306.19,1,2,2,5,Lost,True,2010-01-17 13:16:00,2010-09-19 13:37:00,2010-01
16525,United Kingdom,2,48,24151.3,5,5,5,15,Champions,False,2009-12-02 13:53:00,2011-12-07 15:07:00,2009-12
16526,United Kingdom,172,2,717.21,3,2,3,8,Needs Attention,True,2010-05-04 16:34:00,2011-06-21 12:02:00,2010-05
16527,United Kingdom,81,2,1232.94,3,2,4,9,Needs Attention,False,2010-10-11 13:25:00,2011-09-19 16:21:00,2010-10
16528,United Kingdom,4,1,244.41,5,1,1,7,New Customers,False,2011-12-06 12:45:00,2011-12-06 12:45:00,2011-12
16529,United Kingdom,190,4,1986.8,2,4,4,10,At Risk,True,2010-06-27 13:29:00,2011-06-02 17:23:00,2010-06
16530,United Kingdom,668,1,48.35,1,1,1,3,Lost,True,2010-02-09 15:30:00,2010-02-09 15:30:00,2010-02
16531,United Kingdom,22,11,2298.33,4,5,4,13,Champions,False,2010-09-24 09:49:00,2011-11-17 16:29:00,2010-09
16532,United Kingdom,18,5,8756.64,5,4,5,14,Champions,False,2010-03-29 10:26:00,2011-11-22 11:08:00,2010-03
16533,United Kingdom,19,3,1082.81,5,3,3,11,Loyal Customers,False,2011-10-02 15:07:00,2011-11-20 13:08:00,2011-10
16534,United Kingdom,642,1,635.9,1,1,3,5,Lost,True,2010-03-07 15:47:00,2010-03-07 15:47:00,2010-03
16535,United Kingdom,5,2,952.04,5,2,3,10,New Customers,False,2010-11-19 13:01:00,2011-12-04 15:18:00,2010-11
16536,United Kingdom,110,1,548.12,3,1,2,6,Needs Attention,True,2011-08-21 15:54:00,2011-08-21 15:54:00,2011-08
16537,United Kingdom,641,1,10.55,1,1,1,3,Lost,True,2010-03-08 13:41:00,2010-03-08 13:41:00,2010-03
16538,United Kingdom,541,3,395.07,1,3,2,6,At Risk,True,2010-04-23 16:25:00,2010-06-16 16:59:00,2010-04
16539,United Kingdom,3,10,3289.66,5,5,5,15,Champions,False,2010-06-25 15:24:00,2011-12-07 08:41:00,2010-06
16540,United Kingdom,414,1,205.75,1,1,1,3,Lost,True,2010-10-21 17:22:00,2010-10-21 17:22:00,2010-10
16541,United Kingdom,735,1,424.03,1,1,2,4,Lost,True,2009-12-04 13:22:00,2009-12-04 13:22:00,2009-12
16542,United Kingdom,54,2,257.32,4,2,1,7,New Customers,False,2010-11-03 14:44:00,2011-10-17 10:47:00,2010-11
16543,United Kingdom,592,1,292.21,1,1,2,4,Lost,True,2010-04-27 11:38:00,2010-04-27 11:38:00,2010-04
16544,United Kingdom,520,4,376.70000000000005,1,4,2,7,At Risk,True,2010-02-15 13:20:00,2010-07-08 11:11:00,2010-02
16545,United Kingdom,165,2,689.8199999999999,3,2,3,8,Needs Attention,True,2010-11-29 10:39:00,2011-06-28 10:37:00,2010-11
16546,United Kingdom,291,5,5307.07,2,4,5,11,At Risk,True,2010-09-23 15:43:00,2011-02-22 11:20:00,2010-09
16547,United Kingdom,546,1,104.25999999999999,1,1,1,3,Lost,True,2010-06-11 13:02:00,2010-06-11 13:02:00,2010-06
16548,United Kingdom,599,1,30.15,1,1,1,3,Lost,True,2010-04-19 16:15:00,2010-04-19 16:15:00,2010-04
16549,United Kingdom,10,34,12781.8,5,5,5,15,Champions,False,2010-03-28 15:45:00,2011-11-29 15:06:00,2010-03
16550,United Kingdom,109,18,8807.68,3,5,5,13,Potential Loyalists,True,2009-12-02 11:24:00,2011-08-23 11:12:00,2009-12
16551,United Kingdom,96,7,2237.12,3,4,4,11,Potential Loyalists,True,2009-12-13 16:12:00,2011-09-05 09:38:00,2009-12
16552,United Kingdom,243,2,379.73,2,2,2,6,Lost,True,2010-12-01 12:36:00,2011-04-11 10:04:00,2010-12
16553,United Kingdom,163,33,16584.01,3,5,5,13,Potential Loyalists,True,2010-02-11 18:46:00,2011-06-29 15:42:00,2010-02
16554,United Kingdom,42,8,2841.7200000000003,4,5,4,13,Champions,False,2009-12-15 09:42:00,2011-10-28 14:51:00,2009-12
16555,United Kingdom,35,6,1915.68,4,4,4,12,Champions,False,2010-07-22 13:39:00,2011-11-04 14:31:00,2010-07
16556,United Kingdom,67,17,8012.58,3,5,5,13,Potential Loyalists,False,2009-12-07 10:51:00,2011-10-04 11:36:00,2009-12
16557,United Kingdom,24,2,281.85,4,2,1,7,New Customers,False,2011-07-25 13:28:00,2011-11-15 14:04:00,2011-07
16558,United Kingdom,1,38,13304.11,5,5,5,15,Champions,False,2009-12-03 18:11:00,2011-12-09 10:20:00,2009-12
16559,United Kingdom,397,1,175.0,2,1,1,4,Lost,True,2010-11-07 13:52:00,2010-11-07 13:52:00,2010-11
16560,United Kingdom,27,8,3048.38,4,5,5,14,Champions,False,2009-12-08 12:05:00,2011-11-13 10:35:00,2009-12
16561,United Kingdom,6,2,511.12,5,2,2,9,New Customers,False,2011-10-11 09:53:00,2011-12-04 11:50:00,2011-10
16562,United Kingdom,477,1,223.86,1,1,1,3,Lost,True,2010-08-20 11:45:00,2010-08-20 11:45:00,2010-08
16563,United Kingdom,54,6,4412.56,4,4,5,13,Champions,False,2009-12-01 18:35:00,2011-10-17 11:51:00,2009-12
16564,United Kingdom,569,1,87.80000000000001,1,1,1,3,Lost,True,2010-05-19 14:41:00,2010-05-19 14:41:00,2010-05
16565,United Kingdom,364,4,773.05,2,4,3,9,At Risk,True,2010-06-02 12:47:00,2010-12-10 15:21:00,2010-06
16566,United Kingdom,15,5,614.66,5,4,3,12,Loyal Customers,False,2011-02-20 10:29:00,2011-11-24 16:34:00,2011-02
16567,United Kingdom,194,2,865.6,2,2,3,7,Lost,True,2011-01-07 09:31:00,2011-05-29 13:57:00,2011-01
16568,United Kingdom,428,2,1020.9,1,2,3,6,Lost,True,2010-03-08 14:51:00,2010-10-08 10:54:00,2010-03
16569,United Kingdom,3,5,1455.23,5,4,4,13,Champions,False,2009-12-16 15:05:00,2011-12-06 15:32:00,2009-12
16570,United Kingdom,15,20,7434.31,5,5,5,15,Champions,False,2010-03-30 09:32:00,2011-11-24 17:02:00,2010-03
16571,United Kingdom,27,10,4248.74,4,5,5,14,Champions,False,2010-03-18 09:12:00,2011-11-13 11:46:00,2010-03
16572,United Kingdom,127,3,1009.6,3,3,3,9,Potential Loyalists,True,2011-03-09 12:04:00,2011-08-04 16:34:00,2011-03
16573,United Kingdom,85,2,663.61,3,2,3,8,Needs Attention,False,2011-02-22 15:14:00,2011-09-16 09:13:00,2011-02
16574,United Kingdom,71,3,1301.78,3,3,4,10,Potential Loyalists,False,2010-02-19 11:46:00,2011-09-29 13:39:00,2010-02
16576,United Kingdom,420,2,540.87,1,2,2,5,Lost,True,2010-07-06 10:42:00,2010-10-15 13:37:00,2010-07
16577,United Kingdom,667,1,380.0,1,1,2,4,Lost,True,2010-02-11 09:45:00,2010-02-11 09:45:00,2010-02
16578,United Kingdom,626,1,156.6,1,1,1,3,Lost,True,2010-03-23 15:11:00,2010-03-23 15:11:00,2010-03
16579,United Kingdom,426,1,295.05,1,1,2,4,Lost,True,2010-10-10 11:58:00,2010-10-10 11:58:00,2010-10
16581,United Kingdom,183,1,105.84,3,1,1,5,Needs Attention,True,2011-06-10 10:05:00,2011-06-10 10:05:00,2011-06
16582,United Kingdom,113,1,313.62,3,1,2,6,Needs Attention,True,2011-08-18 17:02:00,2011-08-18 17:02:00,2011-08
16583,United Kingdom,374,2,297.95,2,2,2,6,Lost,True,2010-02-04 12:18:00,2010-12-01 12:03:00,2010-02
16584,United Kingdom,80,5,3156.17,3,4,5,12,Potential Loyalists,False,2010-02-16 10:41:00,2011-09-20 13:45:00,2010-02
16585,United Kingdom,594,2,341.59000000000003,1,2,2,5,Lost,True,2010-01-13 13:31:00,2010-04-25 10:34:00,2010-01
16586,United Kingdom,249,3,1462.78,2,3,4,9,At Risk,True,2010-03-14 11:24:00,2011-04-05 09:32:00,2010-03
16587,United Kingdom,232,1,225.15,2,1,1,4,Lost,True,2011-04-21 15:51:00,2011-04-21 15:51:00,2011-04
16588,United Kingdom,386,4,1361.28,2,4,4,10,At Risk,True,2010-05-14 13:43:00,2010-11-18 17:56:00,2010-05
16589,United Kingdom,71,4,612.36,3,4,3,10,Potential Loyalists,False,2010-09-15 14:56:00,2011-09-29 14:50:00,2010-09
16590,United Kingdom,401,2,605.9,2,2,3,7,Lost,True,2010-10-21 12:09:00,2010-11-04 09:06:00,2010-10
16591,United Kingdom,69,1,213.5,3,1,1,5,Needs Attention,False,2011-10-02 10:43:00,2011-10-02 10:43:00,2011-10
16592,United Kingdom,4,28,7807.91,5,5,5,15,Champions,False,2009-12-18 15:57:00,2011-12-05 13:49:00,2009-12
16593,United Kingdom,51,8,1071.14,4,5,3,12,Loyal Customers,False,2009-12-05 10:44:00,2011-10-20 12:41:00,2009-12
16594,United Kingdom,75,1,181.09,3,1,1,5,Needs Attention,False,2011-09-25 14:08:00,2011-09-25 14:08:00,2011-09
16595,United Kingdom,61,5,1757.75,3,4,4,11,Potential Loyalists,False,2010-01-17 12:12:00,2011-10-09 13:15:00,2010-01
16596,United Kingdom,16,4,458.98,5,4,2,11,Loyal Customers,False,2009-12-10 13:09:00,2011-11-24 10:02:00,2009-12
16597,United Kingdom,4,1,90.04,5,1,1,7,New Customers,False,2011-12-05 15:44:00,2011-12-05 15:44:00,2011-12
16598,United Kingdom,286,1,145.05,2,1,1,4,Lost,True,2011-02-27 11:42:00,2011-02-27 11:42:00,2011-02
16599,United Kingdom,386,1,172.8,2,1,1,4,Lost,True,2010-11-19 12:45:00,2010-11-19 12:45:00,2010-11
16600,United Kingdom,4,13,2153.41,5,5,4,14,Champions,False,2009-12-18 12:59:00,2011-12-05 16:00:00,2009-12
16601,United Kingdom,41,3,675.83,4,3,3,10,Loyal Customers,False,2010-03-26 13:39:00,2011-10-30 11:09:00,2010-03
16602,United Kingdom,36,2,763.33,4,2,3,9,New Customers,False,2010-11-16 09:13:00,2011-11-03 15:54:00,2010-11
16603,United Kingdom,75,2,482.47,3,2,2,7,Needs Attention,False,2011-09-09 13:02:00,2011-09-26 10:06:00,2011-09
16604,United Kingdom,563,2,432.45000000000005,1,2,2,5,Lost,True,2010-05-20 16:34:00,2010-05-26 09:10:00,2010-05
16605,United Kingdom,724,1,60.48,1,1,1,3,Lost,True,2009-12-15 19:03:00,2009-12-15 19:03:00,2009-12
16606,United Kingdom,404,2,357.66,2,2,2,6,Lost,True,2010-10-01 13:21:00,2010-10-31 13:57:00,2010-10
16607,United Kingdom,18,25,5706.87,5,5,5,15,Champions,False,2010-04-29 14:01:00,2011-11-22 10:24:00,2010-04
16608,United Kingdom,454,2,1286.6200000000001,1,2,4,7,Cant Lose Them,True,2010-02-14 11:57:00,2010-09-12 11:44:00,2010-02
16609,United Kingdom,15,7,5493.46,5,4,5,14,Champions,False,2011-04-01 10:11:00,2011-11-24 13:32:00,2011-04
16610,United Kingdom,219,1,75.66,2,1,1,4,Lost,True,2011-05-04 13:13:00,2011-05-04 13:13:00,2011-05
16611,United Kingdom,186,6,1785.13,3,4,4,11,Potential Loyalists,True,2010-03-10 16:07:00,2011-06-06 15:46:00,2010-03
16612,United Kingdom,33,9,3245.4300000000003,4,5,5,14,Champions,False,2009-12-03 15:54:00,2011-11-07 07:38:00,2009-12
16613,United Kingdom,70,1,618.59,3,1,3,7,Needs Attention,False,2011-09-30 15:52:00,2011-09-30 15:52:00,2011-09
16614,United Kingdom,183,3,1179.79,3,3,3,9,Potential Loyalists,True,2010-05-10 15:18:00,2011-06-10 11:36:00,2010-05
16615,United Kingdom,626,1,291.5,1,1,2,4,Lost,True,2010-03-23 15:13:00,2010-03-23 15:13:00,2010-03
16616,United Kingdom,15,2,500.42,5,2,2,9,New Customers,False,2011-07-05 13:38:00,2011-11-24 16:31:00,2011-07
16617,United Kingdom,236,1,151.85,2,1,1,4,Lost,True,2011-04-18 10:35:00,2011-04-18 10:35:00,2011-04
16618,United Kingdom,31,5,2647.59,4,4,4,12,Champions,False,2011-01-21 11:55:00,2011-11-08 13:52:00,2011-01
16619,United Kingdom,264,4,1938.3300000000002,2,4,4,10,At Risk,True,2010-02-22 12:05:00,2011-03-21 08:18:00,2010-02
16620,United Kingdom,4,6,1758.93,5,4,4,13,Champions,False,2009-12-01 14:35:00,2011-12-06 12:19:00,2009-12
16621,United Kingdom,52,4,813.48,4,4,3,11,Loyal Customers,False,2011-03-07 11:32:00,2011-10-19 11:38:00,2011-03
16622,United Kingdom,544,1,225.4,1,1,1,3,Lost,True,2010-06-14 10:44:00,2010-06-14 10:44:00,2010-06
16623,United Kingdom,246,4,1015.24,2,4,3,9,At Risk,True,2010-04-26 14:04:00,2011-04-08 10:09:00,2010-04
16624,United Kingdom,81,2,810.57,3,2,3,8,Needs Attention,False,2011-05-26 14:20:00,2011-09-20 12:39:00,2011-05
16625,United Kingdom,275,5,1654.03,2,4,4,10,At Risk,True,2010-06-14 11:56:00,2011-03-10 12:50:00,2010-06
16626,United Kingdom,1,17,4413.1,5,5,5,15,Champions,False,2011-03-18 12:27:00,2011-12-09 11:56:00,2011-03
16627,United Kingdom,79,1,322.8,3,1,2,6,Needs Attention,False,2011-09-21 14:38:00,2011-09-21 14:38:00,2011-09
16628,United Kingdom,30,7,2318.1,4,4,4,12,Champions,False,2010-03-08 12:24:00,2011-11-10 12:45:00,2010-03
16629,United Kingdom,74,2,408.63,3,2,2,7,Needs Attention,False,2011-09-04 16:12:00,2011-09-27 10:34:00,2011-09
16630,United Kingdom,407,1,106.80000000000001,2,1,1,4,Lost,True,2010-10-28 14:30:00,2010-10-28 14:30:00,2010-10
16631,United Kingdom,482,7,1892.52,1,4,4,9,At Risk,True,2010-02-26 10:49:00,2010-08-15 11:20:00,2010-02
16632,United Kingdom,486,2,406.4,1,2,2,5,Lost,True,2010-05-07 16:46:00,2010-08-11 11:39:00,2010-05
16633,United Kingdom,17,6,2883.1,5,4,4,13,Champions,False,2011-04-19 14:36:00,2011-11-22 13:41:00,2011-04
16634,United Kingdom,223,6,1649.81,2,4,4,10,At Risk,True,2010-01-21 09:30:00,2011-05-01 12:09:00,2010-01
16635,United Kingdom,407,1,473.0,2,1,2,5,Lost,True,2010-10-29 09:41:00,2010-10-29 09:41:00,2010-10
16636,United Kingdom,438,4,3802.04,1,4,5,10,At Risk,True,2010-03-03 14:06:00,2010-09-27 13:13:00,2010-03
16637,United Kingdom,32,4,1154.47,4,4,3,11,Loyal Customers,False,2011-04-28 10:20:00,2011-11-07 13:17:00,2011-04
16638,United Kingdom,23,15,2380.13,4,5,4,13,Champions,False,2010-08-18 13:33:00,2011-11-17 11:09:00,2010-08
16639,United Kingdom,31,4,1747.98,4,4,4,12,Champions,False,2010-10-26 18:23:00,2011-11-08 13:20:00,2010-10
16640,United Kingdom,398,1,179.4,2,1,1,4,Lost,True,2010-11-07 10:48:00,2010-11-07 10:48:00,2010-11
16641,United Kingdom,106,2,554.5,3,2,2,7,Needs Attention,True,2010-01-07 12:22:00,2011-08-26 12:49:00,2010-01
16642,United Kingdom,5,3,1077.45,5,3,3,11,Loyal Customers,False,2010-10-20 14:22:00,2011-12-05 11:31:00,2010-10
16643,United Kingdom,246,2,923.11,2,2,3,7,Lost,True,2010-10-13 09:47:00,2011-04-08 08:24:00,2010-10
16644,United Kingdom,178,2,833.78,3,2,3,8,Needs Attention,True,2011-05-11 12:53:00,2011-06-15 12:39:00,2011-05
16645,United Kingdom,736,1,160.39,1,1,1,3,Lost,True,2009-12-04 09:49:00,2009-12-04 09:49:00,2009-12
16646,United Kingdom,449,1,678.8,1,1,3,5,Lost,True,2010-09-16 13:28:00,2010-09-16 13:28:00,2010-09
16647,United Kingdom,170,4,541.9,3,4,2,9,Potential Loyalists,True,2010-06-13 15:52:00,2011-06-23 11:47:00,2010-06
16648,United Kingdom,43,3,672.8,4,3,3,10,Loyal Customers,False,2010-04-28 14:58:00,2011-10-28 08:58:00,2010-04
16649,United Kingdom,520,1,306.58,1,1,2,4,Lost,True,2010-07-07 15:41:00,2010-07-07 15:41:00,2010-07
16650,United Kingdom,72,7,1916.11,3,4,4,11,Potential Loyalists,False,2010-07-08 14:18:00,2011-09-29 09:51:00,2010-07
16651,United Kingdom,587,1,136.2,1,1,1,3,Lost,True,2010-05-02 11:46:00,2010-05-02 11:46:00,2010-05
16652,United Kingdom,59,16,17550.39,4,5,5,14,Champions,False,2010-03-17 10:22:00,2011-10-12 09:38:00,2010-03
16653,United Kingdom,16,2,1212.66,5,2,4,11,New Customers,False,2011-09-29 13:38:00,2011-11-23 14:51:00,2011-09
16654,United Kingdom,141,8,1484.07,3,5,4,12,Potential Loyalists,True,2010-04-06 13:29:00,2011-07-21 15:23:00,2010-04
16655,United Kingdom,18,13,6423.26,5,5,5,15,Champions,False,2010-01-31 15:40:00,2011-11-22 11:25:00,2010-01
16656,United Kingdom,22,30,16833.170000000002,4,5,5,14,Champions,False,2009-12-04 12:59:00,2011-11-17 14:43:00,2009-12
16657,United Kingdom,10,4,874.43,5,4,3,12,Loyal Customers,False,2011-03-30 12:02:00,2011-11-30 11:48:00,2011-03
16658,United Kingdom,368,5,680.83,2,4,3,9,At Risk,True,2010-03-30 16:24:00,2010-12-06 13:47:00,2010-03
16659,United Kingdom,189,1,39.12,2,1,1,4,Lost,True,2011-06-03 15:03:00,2011-06-03 15:03:00,2011-06
16660,United Kingdom,16,7,1879.55,5,4,4,13,Champions,False,2010-01-14 11:09:00,2011-11-23 14:53:00,2010-01
16661,United Kingdom,540,4,932.76,1,4,3,8,At Risk,True,2009-12-17 15:39:00,2010-06-17 15:24:00,2009-12
16662,United Kingdom,394,1,151.05,2,2,1,5,Lost,True,2010-11-10 16:56:00,2010-11-10 16:56:00,2010-11
16663,United Kingdom,729,1,165.0,1,2,1,4,Lost,True,2009-12-10 13:12:00,2009-12-10 13:12:00,2009-12
16664,United Kingdom,569,1,109.2,1,2,1,4,Lost,True,2010-05-19 17:11:00,2010-05-19 17:11:00,2010-05
16665,United Kingdom,362,1,135.4,2,2,1,5,Lost,True,2010-12-12 14:03:00,2010-12-12 14:03:00,2010-12
16666,United Kingdom,19,2,217.71,5,2,1,8,New Customers,False,2010-03-28 15:13:00,2011-11-20 14:01:00,2010-03
16667,United Kingdom,68,2,567.1800000000001,3,2,2,7,Needs Attention,False,2011-02-28 12:57:00,2011-10-02 15:26:00,2011-02
16668,United Kingdom,15,13,862.42,5,5,3,13,Loyal Customers,False,2010-03-18 18:25:00,2011-11-24 17:43:00,2010-03
16669,United Kingdom,24,2,1344.48,4,2,4,10,New Customers,False,2011-09-22 14:13:00,2011-11-16 12:26:00,2011-09
16670,United Kingdom,17,20,8030.150000000001,5,5,5,15,Champions,False,2009-12-10 15:28:00,2011-11-23 09:34:00,2009-12
16671,United Kingdom,28,3,1692.27,4,3,4,11,Loyal Customers,False,2011-06-28 11:20:00,2011-11-11 13:40:00,2011-06
16672,United Kingdom,2,20,8134.9400000000005,5,5,5,15,Champions,False,2011-03-18 10:15:00,2011-12-07 16:29:00,2011-03
16673,United Kingdom,679,1,171.13,1,2,1,4,Lost,True,2010-01-29 14:22:00,2010-01-29 14:22:00,2010-01
16674,United Kingdom,55,2,304.24,4,2,2,8,New Customers,False,2011-09-02 13:59:00,2011-10-16 11:31:00,2011-09
16675,United Kingdom,442,2,608.86,1,2,3,6,Lost,True,2010-08-18 13:11:00,2010-09-24 12:15:00,2010-08
16676,United Kingdom,34,6,2361.9,4,4,4,12,Champions,False,2010-10-17 13:07:00,2011-11-06 12:01:00,2010-10
16677,United Kingdom,411,2,880.62,1,2,3,6,Lost,True,2010-02-25 16:11:00,2010-10-24 14:53:00,2010-02
16678,United Kingdom,3,12,3109.99,5,5,5,15,Champions,False,2011-03-02 09:24:00,2011-12-07 12:17:00,2011-03
16679,United Kingdom,366,3,663.31,2,3,3,8,At Risk,True,2010-06-10 18:35:00,2010-12-08 13:51:00,2010-06
16680,United Kingdom,43,3,821.45,4,3,3,10,Loyal Customers,False,2010-06-23 09:30:00,2011-10-27 17:35:00,2010-06
16681,United Kingdom,73,7,1921.8400000000001,3,4,4,11,Potential Loyalists,False,2010-03-08 14:10:00,2011-09-28 11:11:00,2010-03
16682,United Kingdom,5,5,1028.0,5,4,3,12,Loyal Customers,False,2011-06-05 11:02:00,2011-12-05 12:13:00,2011-06
16683,United Kingdom,534,1,320.25,1,2,2,5,Lost,True,2010-06-24 10:36:00,2010-06-24 10:36:00,2010-06
16684,United Kingdom,4,55,147142.77,5,5,5,15,Champions,False,2009-12-07 12:56:00,2011-12-05 14:06:00,2009-12
16685,United Kingdom,61,2,324.24,3,2,2,7,Needs Attention,False,2011-10-09 13:44:00,2011-10-09 13:58:00,2011-10
16686,United Kingdom,47,16,4881.07,4,5,5,14,Champions,False,2009-12-06 15:48:00,2011-10-23 13:49:00,2009-12
16687,United Kingdom,391,1,157.63,2,2,1,5,Lost,True,2010-11-14 11:46:00,2010-11-14 11:46:00,2010-11
16688,United Kingdom,1,4,1260.8600000000001,5,4,4,13,Champions,False,2011-10-10 12:23:00,2011-12-08 15:24:00,2011-10
16689,United Kingdom,76,2,422.6,3,2,2,7,Needs Attention,False,2011-09-18 13:29:00,2011-09-25 11:39:00,2011-09
16690,United Kingdom,72,4,353.03000000000003,3,4,2,9,Potential Loyalists,False,2010-09-14 15:00:00,2011-09-28 15:02:00,2010-09
16691,United Kingdom,418,2,178.83,1,2,1,4,Lost,True,2010-05-27 14:55:00,2010-10-17 15:03:00,2010-05
16692,United Kingdom,256,4,1764.6999999999998,2,4,4,10,At Risk,True,2010-09-24 11:31:00,2011-03-28 14:46:00,2010-09
16693,United Kingdom,69,5,1179.48,3,4,3,10,Potential Loyalists,False,2010-02-21 12:42:00,2011-10-02 11:10:00,2010-02
16694,United Kingdom,723,1,98.30000000000001,1,2,1,4,Lost,True,2009-12-16 15:45:00,2009-12-16 15:45:00,2009-12
16695,United Kingdom,562,2,191.9,1,2,1,4,Lost,True,2010-05-27 12:24:00,2010-05-27 12:36:00,2010-05
16696,United Kingdom,135,4,657.9,3,4,3,10,Potential Loyalists,True,2011-04-05 15:20:00,2011-07-27 14:23:00,2011-04
16697,United Kingdom,241,1,112.75,2,2,1,5,Lost,True,2011-04-12 17:12:00,2011-04-12 17:12:00,2011-04
16698,United Kingdom,227,2,1998.0,2,2,4,8,Cant Lose Them,True,2011-03-31 13:33:00,2011-04-27 10:52:00,2011-03
16699,United Kingdom,380,7,994.6,2,4,3,9,At Risk,True,2009-12-04 13:31:00,2010-11-24 14:38:00,2009-12
16700,United Kingdom,9,25,8830.77,5,5,5,15,Champions,False,2009-12-02 10:51:00,2011-12-01 11:00:00,2009-12
16701,United Kingdom,9,26,9916.73,5,5,5,15,Champions,False,2009-12-01 19:19:00,2011-12-01 11:10:00,2009-12
16702,United Kingdom,415,4,1109.53,1,4,3,8,At Risk,True,2009-12-07 16:40:00,2010-10-20 14:10:00,2009-12
16704,United Kingdom,618,2,664.16,1,2,3,6,Lost,True,2010-02-05 14:14:00,2010-03-31 14:02:00,2010-02
16705,United Kingdom,1,42,43515.05,5,5,5,15,Champions,False,2009-12-09 13:34:00,2011-12-09 12:08:00,2009-12
16706,United Kingdom,37,3,531.35,4,3,2,9,Loyal Customers,False,2011-08-17 15:53:00,2011-11-02 13:50:00,2011-08
16707,United Kingdom,400,4,533.41,2,4,2,8,At Risk,True,2010-03-09 15:16:00,2010-11-04 14:39:00,2010-03
16708,United Kingdom,46,1,656.63,4,2,3,9,New Customers,False,2011-10-25 12:20:00,2011-10-25 12:20:00,2011-10
16709,United Kingdom,85,14,9056.01,3,5,5,13,Potential Loyalists,False,2009-12-09 13:16:00,2011-09-16 10:56:00,2009-12
16710,United Kingdom,19,22,5921.35,5,5,5,15,Champions,False,2009-12-04 13:41:00,2011-11-20 14:50:00,2009-12
16711,United Kingdom,3,9,2868.48,5,5,4,14,Champions,False,2009-12-02 13:22:00,2011-12-06 16:32:00,2009-12
16712,United Kingdom,9,13,4225.22,5,5,5,15,Champions,False,2010-11-03 15:45:00,2011-11-30 13:48:00,2010-11
16713,United Kingdom,19,32,14115.56,5,5,5,15,Champions,False,2009-12-15 12:49:00,2011-11-21 12:36:00,2009-12
16714,United Kingdom,317,3,1482.33,2,3,4,9,At Risk,True,2010-02-07 11:17:00,2011-01-26 13:46:00,2010-02
16715,United Kingdom,78,2,625.52,3,2,3,8,Needs Attention,False,2010-05-26 12:35:00,2011-09-22 18:15:00,2010-05
16716,United Kingdom,267,3,2149.6800000000003,2,3,4,9,At Risk,True,2010-03-19 11:05:00,2011-03-18 10:03:00,2010-03
16717,United Kingdom,24,14,6663.68,4,5,5,14,Champions,False,2009-12-07 15:55:00,2011-11-16 12:16:00,2009-12
16718,United Kingdom,369,5,3006.08,2,4,5,11,At Risk,True,2009-12-06 13:07:00,2010-12-05 13:03:00,2009-12
16719,United Kingdom,15,14,3508.62,5,5,5,15,Champions,False,2009-12-13 10:59:00,2011-11-25 09:27:00,2009-12
16720,United Kingdom,26,3,566.74,4,3,2,9,Loyal Customers,False,2009-12-17 17:54:00,2011-11-13 16:22:00,2009-12
16721,United Kingdom,262,1,292.47,2,2,2,6,Lost,True,2011-03-22 16:08:00,2011-03-22 16:08:00,2011-03
16722,United Kingdom,17,22,8189.56,5,5,5,15,Champions,False,2009-12-03 19:23:00,2011-11-22 13:28:00,2009-12
16723,United Kingdom,91,4,1231.3600000000001,3,4,4,11,Potential Loyalists,True,2009-12-04 13:23:00,2011-09-09 13:01:00,2009-12
16724,United Kingdom,405,1,147.35,2,2,1,5,Lost,True,2010-10-31 11:40:00,2010-10-31 11:40:00,2010-10
16725,United Kingdom,302,13,1686.81,2,5,4,11,At Risk,True,2009-12-13 15:54:00,2011-02-10 16:52:00,2009-12
16726,United Kingdom,26,7,2063.88,4,4,4,12,Champions,False,2010-10-24 16:09:00,2011-11-13 14:53:00,2010-10
16727,United Kingdom,364,4,1377.77,2,4,4,10,At Risk,True,2010-01-20 10:48:00,2010-12-10 13:48:00,2010-01
16728,United Kingdom,46,4,1048.28,4,4,3,11,Loyal Customers,False,2011-03-20 13:28:00,2011-10-24 14:36:00,2011-03
16729,United Kingdom,38,21,7202.01,4,5,5,14,Champions,False,2011-04-12 14:22:00,2011-11-01 14:29:00,2011-04
16730,United Kingdom,52,3,743.11,4,3,3,10,Loyal Customers,False,2011-01-24 14:01:00,2011-10-18 14:11:00,2011-01
16731,United Kingdom,648,1,170.3,1,2,1,4,Lost,True,2010-03-01 15:05:00,2010-03-01 15:05:00,2010-03
16732,United Kingdom,32,4,4387.64,4,4,5,13,Champions,False,2009-12-08 13:04:00,2011-11-08 09:54:00,2009-12
16733,United Kingdom,530,1,259.68,1,2,1,4,Lost,True,2010-06-28 10:12:00,2010-06-28 10:12:00,2010-06
16734,United Kingdom,52,3,646.76,4,3,3,10,Loyal Customers,False,2011-08-17 15:00:00,2011-10-18 13:44:00,2011-08
16735,United Kingdom,79,14,6217.41,3,5,5,13,Potential Loyalists,False,2009-12-08 09:24:00,2011-09-22 11:49:00,2009-12
16736,United Kingdom,506,5,2956.56,1,4,5,10,At Risk,True,2009-12-03 16:12:00,2010-07-22 10:09:00,2009-12
16737,United Kingdom,53,2,835.2,4,2,3,9,New Customers,False,2010-05-11 09:53:00,2011-10-17 13:03:00,2010-05
16738,United Kingdom,298,1,3.75,2,2,1,5,Lost,True,2011-02-15 09:46:00,2011-02-15 09:46:00,2011-02
16739,United Kingdom,177,2,786.4300000000001,3,2,3,8,Needs Attention,True,2010-06-21 09:38:00,2011-06-16 09:17:00,2010-06
16740,United Kingdom,395,1,226.91,2,2,1,5,Lost,True,2010-11-09 13:34:00,2010-11-09 13:34:00,2010-11
16741,United Kingdom,625,1,173.06,1,2,1,4,Lost,True,2010-03-24 15:15:00,2010-03-24 15:15:00,2010-03
16742,United Kingdom,493,13,2334.9700000000003,1,5,4,10,At Risk,True,2009-12-16 17:22:00,2010-08-04 10:52:00,2009-12
16743,United Kingdom,29,14,4212.15,4,5,5,14,Champions,False,2010-04-22 13:21:00,2011-11-10 13:13:00,2010-04
16744,United Kingdom,11,7,1291.91,5,4,4,13,Champions,False,2011-06-19 15:13:00,2011-11-28 13:06:00,2011-06
16745,United Kingdom,87,17,7180.7,3,5,5,13,Potential Loyalists,False,2011-02-01 11:31:00,2011-09-14 11:58:00,2011-02
16746,United Kingdom,5,42,18045.05,5,5,5,15,Champions,False,2009-12-04 13:00:00,2011-12-05 12:33:00,2009-12
16747,United Kingdom,38,2,836.0600000000001,4,2,3,9,New Customers,False,2011-10-03 10:18:00,2011-11-02 11:37:00,2011-10
16748,United Kingdom,18,14,3637.33,5,5,5,15,Champions,False,2009-12-10 12:28:00,2011-11-22 10:17:00,2009-12
16749,United Kingdom,591,2,4157.88,1,2,5,8,Cant Lose Them,True,2009-12-15 14:05:00,2010-04-27 13:06:00,2009-12
16750,United Kingdom,45,5,623.93,4,4,3,11,Loyal Customers,False,2011-04-21 16:53:00,2011-10-26 12:48:00,2011-04
16751,United Kingdom,31,1,1764.72,4,2,4,10,New Customers,False,2011-11-09 10:48:00,2011-11-09 10:48:00,2011-11
16752,United Kingdom,373,1,207.5,2,2,1,5,Lost,True,2010-12-02 12:18:00,2010-12-02 12:18:00,2010-12
16753,United Kingdom,58,1,223.92000000000002,4,2,1,7,New Customers,False,2011-10-12 13:14:00,2011-10-12 13:14:00,2011-10
16754,United Kingdom,372,29,65500.07,2,5,5,12,At Risk,True,2010-03-08 11:32:00,2010-12-02 17:38:00,2010-03
16755,United Kingdom,114,7,2864.68,3,4,4,11,Potential Loyalists,True,2009-12-09 14:25:00,2011-08-17 13:21:00,2009-12
16756,United Kingdom,215,7,1312.3700000000001,2,4,4,10,At Risk,True,2010-03-09 15:56:00,2011-05-09 09:33:00,2010-03
16757,United Kingdom,319,2,270.48,2,2,1,5,Lost,True,2010-10-26 15:09:00,2011-01-25 11:59:00,2010-10
16758,United Kingdom,65,1,369.34000000000003,3,2,2,7,Needs Attention,False,2011-10-05 14:47:00,2011-10-05 14:47:00,2011-10
16759,United Kingdom,8,3,789.79,5,3,3,11,Loyal Customers,False,2011-11-09 09:06:00,2011-12-02 12:42:00,2011-11
16760,United Kingdom,430,1,228.0,1,2,1,4,Lost,True,2010-10-05 15:55:00,2010-10-05 15:55:00,2010-10
16761,United Kingdom,97,1,316.62,3,2,2,7,Needs Attention,True,2011-09-04 11:15:00,2011-09-04 11:15:00,2011-09
16762,United Kingdom,20,3,1207.24,4,3,3,10,Loyal Customers,False,2011-07-18 12:52:00,2011-11-20 11:43:00,2011-07
16763,United Kingdom,199,2,964.6999999999999,2,2,3,7,Lost,True,2009-12-01 15:26:00,2011-05-25 11:52:00,2009-12
16764,United Kingdom,4,13,2790.9500000000003,5,5,4,14,Champions,False,2011-07-19 17:17:00,2011-12-06 11:41:00,2011-07
16765,United Kingdom,294,2,454.75,2,2,2,6,Lost,True,2010-11-22 13:42:00,2011-02-18 15:41:00,2010-11
16766,United Kingdom,273,2,1145.6,2,2,3,7,Lost,True,2011-03-11 13:34:00,2011-03-11 15:22:00,2011-03
16767,United Kingdom,31,15,8052.41,4,5,5,14,Champions,False,2010-04-28 16:49:00,2011-11-09 09:42:00,2010-04
16768,United Kingdom,48,9,1698.57,4,5,4,13,Champions,False,2009-12-07 11:47:00,2011-10-23 10:38:00,2009-12
16769,United Kingdom,260,4,1117.05,2,4,3,9,At Risk,True,2009-12-14 11:10:00,2011-03-24 13:41:00,2009-12
16770,United Kingdom,58,9,1778.93,4,5,4,13,Champions,False,2010-08-22 16:08:00,2011-10-13 12:21:00,2010-08
16771,United Kingdom,33,10,3921.1,4,5,5,14,Champions,False,2009-12-09 11:52:00,2011-11-06 13:28:00,2009-12
16772,United Kingdom,423,3,3698.05,1,3,5,9,At Risk,True,2009-12-18 10:50:00,2010-10-12 13:19:00,2009-12
16773,United Kingdom,57,3,421.24,4,3,2,9,Loyal Customers,False,2009-12-06 15:01:00,2011-10-13 14:37:00,2009-12
16774,United Kingdom,68,8,1567.48,3,5,4,12,Potential Loyalists,False,2010-02-16 16:53:00,2011-10-03 12:41:00,2010-02
16775,United Kingdom,10,16,2820.84,5,5,4,14,Champions,False,2010-09-23 17:34:00,2011-11-29 15:22:00,2010-09
16776,United Kingdom,60,2,592.51,3,2,2,7,Needs Attention,False,2010-10-20 12:13:00,2011-10-10 13:04:00,2010-10
16777,United Kingdom,80,5,1292.18,3,4,4,11,Potential Loyalists,False,2010-03-17 12:42:00,2011-09-20 13:41:00,2010-03
16778,United Kingdom,74,2,245.94,3,2,1,6,Needs Attention,False,2011-03-10 15:21:00,2011-09-26 13:48:00,2011-03
16779,United Kingdom,2,53,32809.03,5,5,5,15,Champions,False,2009-12-03 13:03:00,2011-12-07 14:54:00,2009-12
16780,United Kingdom,100,3,596.4,3,3,2,8,Potential Loyalists,True,2010-10-28 19:41:00,2011-08-31 16:09:00,2010-10
16781,United Kingdom,372,2,623.0,2,2,3,7,Lost,True,2010-02-08 13:56:00,2010-12-02 14:26:00,2010-02
16782,United Kingdom,10,38,9636.12,5,5,5,15,Champions,False,2009-12-09 11:58:00,2011-11-29 13:20:00,2009-12
16783,United Kingdom,437,1,391.95,1,2,2,5,Lost,True,2010-09-29 11:53:00,2010-09-29 11:53:00,2010-09
16784,United Kingdom,20,5,892.33,4,4,3,11,Loyal Customers,False,2010-03-28 12:55:00,2011-11-20 12:20:00,2010-03
16785,United Kingdom,410,1,533.78,1,2,2,5,Lost,True,2010-10-26 10:36:00,2010-10-26 10:36:00,2010-10
16786,United Kingdom,394,1,51.84,2,2,1,5,Lost,True,2010-11-11 08:25:00,2010-11-11 08:25:00,2010-11
16787,United Kingdom,398,4,1017.53,2,4,3,9,At Risk,True,2010-01-10 11:12:00,2010-11-07 11:01:00,2010-01
16788,United Kingdom,123,5,1927.28,3,4,4,11,Potential Loyalists,True,2010-02-07 12:40:00,2011-08-08 14:53:00,2010-02
16789,United Kingdom,8,1,80.80000000000001,5,2,1,8,New Customers,False,2011-12-01 15:12:00,2011-12-01 15:12:00,2011-12
16790,United Kingdom,4,6,1545.6200000000001,5,4,4,13,Champions,False,2011-11-02 11:23:00,2011-12-06 11:53:00,2011-11
16791,United Kingdom,29,15,3944.88,4,5,5,14,Champions,False,2009-12-03 18:08:00,2011-11-10 19:12:00,2009-12
16792,United Kingdom,282,5,623.46,2,4,3,9,At Risk,True,2010-01-04 13:47:00,2011-03-02 14:41:00,2010-01
16793,United Kingdom,57,1,243.84,4,2,1,7,New Customers,False,2011-10-13 15:08:00,2011-10-13 15:08:00,2011-10
16794,United Kingdom,1,15,2050.68,5,5,4,14,Champions,False,2010-03-25 15:17:00,2011-12-08 17:54:00,2010-03
16795,United Kingdom,365,3,2062.41,2,3,4,9,At Risk,True,2010-01-25 13:14:00,2010-12-09 14:08:00,2010-01
16796,United Kingdom,89,1,305.62,3,2,2,7,Needs Attention,False,2011-09-11 14:01:00,2011-09-11 14:01:00,2011-09
16797,United Kingdom,393,5,1802.02,2,4,4,10,At Risk,True,2009-12-02 13:33:00,2010-11-11 19:14:00,2009-12
16798,United Kingdom,554,3,841.16,1,3,3,7,At Risk,True,2009-12-10 19:35:00,2010-06-03 19:01:00,2009-12
16799,United Kingdom,432,2,452.78000000000003,1,2,2,5,Lost,True,2010-09-12 12:46:00,2010-10-03 14:28:00,2010-09
16800,United Kingdom,11,1,1162.65,5,2,3,10,New Customers,False,2011-11-28 14:06:00,2011-11-28 14:06:00,2011-11
16801,United Kingdom,163,4,1594.23,3,4,4,11,Potential Loyalists,True,2011-03-11 13:56:00,2011-06-29 15:33:00,2011-03
16802,United Kingdom,679,2,582.61,1,2,2,5,Lost,True,2009-12-09 13:00:00,2010-01-29 13:44:00,2009-12
16803,United Kingdom,65,1,332.3,3,2,2,7,Needs Attention,False,2011-10-05 14:28:00,2011-10-05 14:28:00,2011-10
16804,United Kingdom,23,3,536.99,4,3,2,9,Loyal Customers,False,2011-03-14 15:48:00,2011-11-16 16:43:00,2011-03
16805,United Kingdom,174,4,1076.34,3,4,3,10,Potential Loyalists,True,2009-12-14 15:17:00,2011-06-19 11:23:00,2009-12
16806,United Kingdom,103,4,736.21,3,4,3,10,Potential Loyalists,True,2011-04-14 19:59:00,2011-08-28 15:27:00,2011-04
16807,United Kingdom,143,6,2123.88,3,4,4,11,Potential Loyalists,True,2010-03-26 14:38:00,2011-07-20 12:00:00,2010-03
16808,United Kingdom,99,2,288.42,3,2,2,7,Needs Attention,True,2011-03-10 19:05:00,2011-09-01 19:34:00,2011-03
16809,United Kingdom,23,9,1727.43,4,5,4,13,Champions,False,2010-04-13 15:34:00,2011-11-16 15:45:00,2010-04
16810,United Kingdom,192,2,842.04,2,2,3,7,Lost,True,2010-10-15 15:32:00,2011-05-31 15:32:00,2010-10
16811,United Kingdom,5,2,547.07,5,2,2,9,New Customers,False,2011-11-22 17:19:00,2011-12-05 11:39:00,2011-11
16812,United Kingdom,361,4,2392.0,2,4,4,10,At Risk,True,2010-11-22 14:36:00,2010-12-14 12:35:00,2010-11
16813,United Kingdom,8,10,1652.18,5,5,4,14,Champions,False,2011-05-19 13:28:00,2011-12-01 14:03:00,2011-05
16814,United Kingdom,14,36,11914.95,5,5,5,15,Champions,False,2010-04-11 12:45:00,2011-11-25 13:27:00,2010-04
16815,United Kingdom,454,2,406.02,1,3,2,6,At Risk,True,2010-06-21 12:05:00,2010-09-12 10:59:00,2010-06
16816,United Kingdom,103,4,417.06,3,4,2,9,Potential Loyalists,True,2010-12-16 17:01:00,2011-08-28 14:16:00,2010-12
16817,United Kingdom,3,13,2560.7000000000003,5,5,4,14,Champions,False,2010-10-04 09:06:00,2011-12-07 11:03:00,2010-10
16818,United Kingdom,11,11,3349.57,5,5,5,15,Champions,False,2011-05-18 11:42:00,2011-11-29 10:41:00,2011-05
16819,United Kingdom,465,2,182.59,1,3,1,5,At Risk,True,2010-08-31 17:31:00,2010-08-31 17:37:00,2010-08
16820,United Kingdom,96,1,497.61,3,2,2,7,Needs Attention,True,2011-09-05 12:06:00,2011-09-05 12:06:00,2011-09
16821,United Kingdom,382,1,113.35,2,2,1,5,Lost,True,2010-11-23 10:04:00,2010-11-23 10:04:00,2010-11
16822,United Kingdom,686,1,181.39,1,2,1,4,Lost,True,2010-01-22 14:22:00,2010-01-22 14:22:00,2010-01
16823,United Kingdom,227,7,2243.09,2,4,4,10,At Risk,True,2009-12-02 09:57:00,2011-04-26 15:00:00,2009-12
16824,United Kingdom,16,3,686.24,5,3,3,11,Loyal Customers,False,2010-11-11 12:21:00,2011-11-24 12:38:00,2010-11
16825,United Kingdom,39,5,1826.89,4,4,4,12,Champions,False,2010-06-23 13:14:00,2011-11-01 11:51:00,2010-06
16826,United Kingdom,51,1,341.7,4,2,2,8,New Customers,False,2011-10-19 14:05:00,2011-10-19 14:05:00,2011-10
16827,United Kingdom,393,5,387.18,2,4,2,8,At Risk,True,2010-04-29 19:07:00,2010-11-11 14:04:00,2010-04
16828,United Kingdom,112,1,113.5,3,2,1,6,Needs Attention,True,2011-08-19 13:24:00,2011-08-19 13:24:00,2011-08
16829,United Kingdom,157,2,513.32,3,3,2,8,Potential Loyalists,True,2010-11-16 18:11:00,2011-07-06 10:48:00,2010-11
16830,United Kingdom,39,4,1207.5,4,4,4,12,Champions,False,2009-12-13 12:11:00,2011-11-01 11:35:00,2009-12
16831,United Kingdom,565,1,91.8,1,2,1,4,Lost,True,2010-05-24 09:08:00,2010-05-24 09:08:00,2010-05
16832,United Kingdom,184,5,417.61,3,4,2,9,Potential Loyalists,True,2010-09-07 12:35:00,2011-06-08 15:36:00,2010-09
16833,United Kingdom,1,6,2409.04,5,4,4,13,Champions,False,2010-03-26 15:31:00,2011-12-08 14:39:00,2010-03
16834,United Kingdom,228,2,898.96,2,3,3,8,At Risk,True,2010-02-03 14:24:00,2011-04-26 09:37:00,2010-02
16835,United Kingdom,128,6,1456.66,3,4,4,11,Potential Loyalists,True,2010-05-19 08:41:00,2011-08-03 13:50:00,2010-05
16836,United Kingdom,40,4,782.37,4,4,3,11,Loyal Customers,False,2010-05-14 12:52:00,2011-10-31 10:05:00,2010-05
16837,United Kingdom,31,11,3170.98,4,5,5,14,Champions,False,2011-04-08 08:48:00,2011-11-08 14:27:00,2011-04
16838,United Kingdom,197,4,1159.6100000000001,2,4,3,9,At Risk,True,2010-02-14 15:27:00,2011-05-26 13:13:00,2010-02
16839,United Kingdom,9,44,21758.25,5,5,5,15,Champions,False,2010-02-11 15:02:00,2011-12-01 09:03:00,2010-02
16840,United Kingdom,603,2,139.85,1,3,1,5,At Risk,True,2010-02-03 12:42:00,2010-04-15 15:48:00,2010-02
16841,United Kingdom,37,12,4006.06,4,5,5,14,Champions,False,2010-01-12 11:32:00,2011-11-03 11:51:00,2010-01
16842,United Kingdom,101,3,1264.19,3,3,4,10,Potential Loyalists,True,2011-02-10 14:51:00,2011-08-31 10:42:00,2011-02
16843,United Kingdom,43,35,19571.43,4,5,5,14,Champions,False,2009-12-10 11:40:00,2011-10-28 09:06:00,2009-12
16844,United Kingdom,563,2,614.34,1,3,3,7,At Risk,True,2010-05-06 09:16:00,2010-05-26 10:29:00,2010-05
16845,United Kingdom,618,1,253.88,1,2,1,4,Lost,True,2010-03-31 13:09:00,2010-03-31 13:09:00,2010-03
16846,United Kingdom,50,3,842.41,4,3,3,10,Loyal Customers,False,2010-03-10 12:03:00,2011-10-20 13:55:00,2010-03
16847,United Kingdom,43,2,614.89,4,3,3,10,Loyal Customers,False,2010-03-31 13:32:00,2011-10-27 13:29:00,2010-03
16848,United Kingdom,53,4,1411.62,4,4,4,12,Champions,False,2010-10-03 11:01:00,2011-10-18 08:42:00,2010-10
16849,United Kingdom,187,1,124.57,3,2,1,6,Needs Attention,True,2011-06-06 09:16:00,2011-06-06 09:16:00,2011-06
16850,United Kingdom,334,1,332.41,2,2,2,6,Lost,True,2011-01-10 11:09:00,2011-01-10 11:09:00,2011-01
16851,United Kingdom,4,3,342.45,5,3,2,10,Loyal Customers,False,2011-10-19 09:48:00,2011-12-05 13:32:00,2011-10
16852,United Kingdom,10,2,144.91,5,3,1,9,Loyal Customers,False,2011-06-16 15:49:00,2011-11-29 13:22:00,2011-06
16854,United Kingdom,417,2,1408.96,1,3,4,8,At Risk,True,2010-03-09 14:32:00,2010-10-18 16:31:00,2010-03
16855,United Kingdom,24,2,328.40000000000003,4,3,2,9,Loyal Customers,False,2011-10-27 16:31:00,2011-11-16 12:03:00,2011-10
16856,United Kingdom,15,3,358.49,5,3,2,10,Loyal Customers,False,2010-09-23 13:11:00,2011-11-25 08:59:00,2010-09
16857,United Kingdom,443,1,352.8,1,2,2,5,Lost,True,2010-09-23 10:49:00,2010-09-23 10:49:00,2010-09
16858,United Kingdom,369,10,4292.59,2,5,5,12,At Risk,True,2009-12-15 11:09:00,2010-12-06 09:52:00,2009-12
16859,United Kingdom,145,7,1932.41,3,4,4,11,Potential Loyalists,True,2010-03-04 12:37:00,2011-07-18 12:19:00,2010-03
16860,United Kingdom,453,3,1610.62,1,3,4,8,At Risk,True,2010-02-15 13:46:00,2010-09-13 10:05:00,2010-02
16861,United Kingdom,60,5,946.59,3,4,3,10,Potential Loyalists,False,2010-07-19 11:44:00,2011-10-11 09:05:00,2010-07
16862,United Kingdom,547,4,662.33,1,4,3,8,At Risk,True,2010-01-07 12:57:00,2010-06-10 13:05:00,2010-01
16863,United Kingdom,31,3,834.27,4,3,3,10,Loyal Customers,False,2010-10-26 10:03:00,2011-11-08 15:26:00,2010-10
16864,United Kingdom,434,2,409.25,1,3,2,6,At Risk,True,2010-04-20 11:56:00,2010-10-01 16:16:00,2010-04
16865,United Kingdom,402,1,130.95,2,2,1,5,Lost,True,2010-11-03 11:34:00,2010-11-03 11:34:00,2010-11
16866,United Kingdom,141,3,207.74,3,3,1,7,Potential Loyalists,True,2011-07-01 12:34:00,2011-07-22 10:06:00,2011-07
16867,United Kingdom,690,1,76.74000000000001,1,2,1,4,Lost,True,2010-01-19 09:11:00,2010-01-19 09:11:00,2010-01
16868,United Kingdom,394,3,384.56,2,3,2,7,At Risk,True,2010-04-25 11:31:00,2010-11-10 13:17:00,2010-04
16869,United Kingdom,23,4,817.12,4,4,3,11,Loyal Customers,False,2011-06-17 13:01:00,2011-11-17 12:02:00,2011-06
16870,United Kingdom,469,1,450.16,1,2,2,5,Lost,True,2010-08-27 13:53:00,2010-08-27 13:53:00,2010-08
16871,United Kingdom,22,6,2812.34,4,4,4,12,Champions,False,2011-03-14 10:31:00,2011-11-17 19:27:00,2011-03
16872,United Kingdom,77,6,1213.13,3,4,4,11,Potential Loyalists,False,2010-09-02 17:36:00,2011-09-23 16:05:00,2010-09
16873,United Kingdom,5,12,14617.39,5,5,5,15,Champions,False,2010-02-09 14:17:00,2011-12-05 12:05:00,2010-02
16874,United Kingdom,379,1,209.89000000000001,2,2,1,5,Lost,True,2010-11-25 13:08:00,2010-11-25 13:08:00,2010-11
16875,United Kingdom,67,11,4234.53,3,5,5,13,Potential Loyalists,False,2010-01-05 09:16:00,2011-10-03 13:39:00,2010-01
16876,United Kingdom,404,1,136.01,2,2,1,5,Lost,True,2010-11-01 11:59:00,2010-11-01 11:59:00,2010-11
16877,United Kingdom,12,6,846.62,5,4,3,12,Loyal Customers,False,2011-05-15 16:13:00,2011-11-27 13:47:00,2011-05
16878,United Kingdom,84,1,13.3,3,2,1,6,Needs Attention,False,2011-09-16 17:39:00,2011-09-16 17:39:00,2011-09
16880,United Kingdom,31,8,1813.21,4,5,4,13,Champions,False,2010-08-03 13:54:00,2011-11-09 11:33:00,2010-08
16881,United Kingdom,67,1,432.0,3,2,2,7,Needs Attention,False,2011-10-04 10:33:00,2011-10-04 10:33:00,2011-10
16882,United Kingdom,67,3,705.12,3,3,3,9,Potential Loyalists,False,2011-01-26 17:43:00,2011-10-04 10:42:00,2011-01
16883,United Kingdom,187,19,2246.06,3,5,4,12,Potential Loyalists,True,2009-12-04 12:07:00,2011-06-05 12:51:00,2009-12
16884,United Kingdom,38,4,1070.97,4,4,3,11,Loyal Customers,False,2010-05-18 12:00:00,2011-11-02 11:52:00,2010-05
16885,United Kingdom,15,4,683.35,5,4,3,12,Loyal Customers,False,2010-11-19 12:51:00,2011-11-24 13:40:00,2010-11
16886,United Kingdom,456,1,134.0,1,2,1,4,Lost,True,2010-09-09 15:08:00,2010-09-09 15:08:00,2010-09
16887,United Kingdom,35,3,658.17,4,3,3,10,Loyal Customers,False,2009-12-01 13:41:00,2011-11-04 14:07:00,2009-12
16888,United Kingdom,401,3,434.2,2,3,2,7,At Risk,True,2010-01-07 13:07:00,2010-11-04 12:39:00,2010-01
16889,United Kingdom,195,6,2526.65,2,4,4,10,At Risk,True,2010-05-23 10:46:00,2011-05-29 11:05:00,2010-05
16890,United Kingdom,477,3,277.91,1,3,1,5,At Risk,True,2010-05-06 16:27:00,2010-08-20 11:23:00,2010-05
16891,United Kingdom,2,11,1727.94,5,5,4,14,Champions,False,2009-12-04 12:37:00,2011-12-08 11:15:00,2009-12
16892,United Kingdom,1,7,754.75,5,4,3,12,Loyal Customers,False,2009-12-08 14:20:00,2011-12-08 13:18:00,2009-12
16893,United Kingdom,367,2,249.47,2,3,1,6,At Risk,True,2010-11-28 15:14:00,2010-12-08 12:06:00,2010-11
16894,United Kingdom,502,3,1306.96,1,3,4,8,At Risk,True,2010-06-22 14:21:00,2010-07-25 15:43:00,2010-06
16895,United Kingdom,65,5,1102.9,3,4,3,10,Potential Loyalists,False,2010-02-12 11:07:00,2011-10-06 12:15:00,2010-02
16896,United Kingdom,555,1,103.95,1,2,1,4,Lost,True,2010-06-02 15:40:00,2010-06-02 15:40:00,2010-06
16897,United Kingdom,299,2,289.78,2,3,2,7,At Risk,True,2011-01-30 11:52:00,2011-02-13 15:02:00,2011-01
16898,United Kingdom,26,5,885.21,4,4,3,11,Loyal Customers,False,2010-05-12 12:18:00,2011-11-13 15:44:00,2010-05
16899,United Kingdom,8,8,1695.77,5,5,4,14,Champions,False,2010-11-07 15:00:00,2011-12-02 12:03:00,2010-11
16900,United Kingdom,17,3,882.16,5,3,3,11,Loyal Customers,False,2011-10-07 13:17:00,2011-11-23 10:32:00,2011-10
16901,United Kingdom,729,1,204.26,1,2,1,4,Lost,True,2009-12-10 16:30:00,2009-12-10 16:30:00,2009-12
16902,United Kingdom,116,1,1706.88,3,2,4,9,Needs Attention,True,2011-08-15 14:17:00,2011-08-15 14:17:00,2011-08
16903,United Kingdom,29,3,1041.75,4,3,3,10,Loyal Customers,False,2010-10-20 14:42:00,2011-11-10 15:32:00,2010-10
16904,United Kingdom,4,20,4656.56,5,5,5,15,Champions,False,2010-10-24 16:03:00,2011-12-05 13:10:00,2010-10
16905,United Kingdom,5,17,4704.27,5,5,5,15,Champions,False,2009-12-10 20:04:00,2011-12-04 14:01:00,2009-12
16906,United Kingdom,82,7,1410.07,3,4,4,11,Potential Loyalists,False,2010-05-13 13:23:00,2011-09-19 11:49:00,2010-05
16907,United Kingdom,29,9,1470.89,4,5,4,13,Champions,False,2010-07-01 17:30:00,2011-11-10 18:04:00,2010-07
16908,United Kingdom,722,1,252.59,1,2,1,4,Lost,True,2009-12-17 13:35:00,2009-12-17 13:35:00,2009-12
16909,United Kingdom,72,1,379.14,3,2,2,7,Needs Attention,False,2011-09-28 16:45:00,2011-09-28 16:45:00,2011-09
16910,United Kingdom,4,8,1508.96,5,5,4,14,Champions,False,2011-09-09 14:14:00,2011-12-05 12:51:00,2011-09
16911,United Kingdom,636,2,255.25,1,3,1,5,At Risk,True,2010-02-16 16:12:00,2010-03-14 12:18:00,2010-02
16912,United Kingdom,29,15,4460.51,4,5,5,14,Champions,False,2009-12-09 12:32:00,2011-11-11 12:18:00,2009-12
16913,United Kingdom,290,3,423.91,2,3,2,7,At Risk,True,2010-02-26 12:06:00,2011-02-22 12:56:00,2010-02
16914,United Kingdom,36,1,183.76,4,2,1,7,New Customers,False,2011-11-03 15:27:00,2011-11-03 15:27:00,2011-11
16915,United Kingdom,9,11,1543.18,5,5,4,14,Champions,False,2010-05-19 13:32:00,2011-11-30 16:39:00,2010-05
16916,United Kingdom,24,4,896.12,4,4,3,11,Loyal Customers,False,2010-10-20 12:56:00,2011-11-16 12:08:00,2010-10
16917,United Kingdom,277,2,1851.88,2,3,4,9,At Risk,True,2010-03-17 15:24:00,2011-03-08 11:55:00,2010-03
16918,United Kingdom,50,16,3206.54,4,5,5,14,Champions,False,2009-12-03 12:27:00,2011-10-21 12:50:00,2009-12
16919,United Kingdom,156,24,4909.66,3,5,5,13,Potential Loyalists,True,2010-08-19 15:28:00,2011-07-06 13:35:00,2010-08
16920,United Kingdom,411,1,355.45,1,2,2,5,Lost,True,2010-10-24 14:07:00,2010-10-24 14:07:00,2010-10
16921,United Kingdom,61,3,409.21,3,3,2,8,Potential Loyalists,False,2010-04-18 15:34:00,2011-10-09 16:22:00,2010-04
16922,United Kingdom,573,1,611.08,1,2,3,6,Lost,True,2010-05-16 11:24:00,2010-05-16 11:24:00,2010-05
16923,United Kingdom,12,32,13157.130000000001,5,5,5,15,Champions,False,2010-01-31 11:14:00,2011-11-27 13:00:00,2010-01
16924,United Kingdom,21,3,829.89,4,3,3,10,Loyal Customers,False,2011-09-16 12:54:00,2011-11-18 12:53:00,2011-09
16925,United Kingdom,540,1,125.65,1,2,1,4,Lost,True,2010-06-17 15:03:00,2010-06-17 15:03:00,2010-06
16926,United Kingdom,371,5,1169.6100000000001,2,4,3,9,At Risk,True,2010-07-01 12:57:00,2010-12-03 13:42:00,2010-07
16927,United Kingdom,116,3,543.05,3,3,2,8,Potential Loyalists,True,2010-12-13 11:57:00,2011-08-16 11:10:00,2010-12
16928,United Kingdom,80,26,3798.08,3,5,5,13,Potential Loyalists,False,2010-02-03 12:30:00,2011-09-20 15:10:00,2010-02
16929,United Kingdom,4,7,1295.39,5,4,4,13,Champions,False,2011-07-07 12:39:00,2011-12-06 08:37:00,2011-07
16930,United Kingdom,26,3,378.89,4,3,2,9,Loyal Customers,False,2011-10-02 14:25:00,2011-11-13 16:13:00,2011-10
16931,United Kingdom,5,23,5032.22,5,5,5,15,Champions,False,2010-11-07 13:24:00,2011-12-04 13:15:00,2010-11
16932,United Kingdom,53,3,412.55,4,3,2,9,Loyal Customers,False,2010-05-17 14:15:00,2011-10-17 14:12:00,2010-05
16933,United Kingdom,1,9,3099.3,5,5,5,15,Champions,False,2009-12-09 15:03:00,2011-12-08 12:54:00,2009-12
16934,United Kingdom,55,6,2083.14,4,4,4,12,Champions,False,2010-03-28 12:43:00,2011-10-16 12:40:00,2010-03
16935,United Kingdom,382,3,530.86,2,3,2,7,At Risk,True,2010-10-14 13:09:00,2010-11-23 09:16:00,2010-10
16936,United Kingdom,26,2,548.29,4,3,2,9,Loyal Customers,False,2010-11-19 11:54:00,2011-11-14 11:04:00,2010-11
16937,United Kingdom,499,1,196.25,1,2,1,4,Lost,True,2010-07-28 17:56:00,2010-07-28 17:56:00,2010-07
16938,United Kingdom,9,9,6995.360000000001,5,5,5,15,Champions,False,2010-02-17 14:47:00,2011-12-01 10:20:00,2010-02
16939,United Kingdom,489,3,433.84999999999997,1,3,2,6,At Risk,True,2010-02-28 13:33:00,2010-08-08 12:24:00,2010-02
16940,United Kingdom,52,8,6427.66,4,5,5,14,Champions,False,2009-12-08 13:08:00,2011-10-18 13:15:00,2009-12
16941,United Kingdom,612,1,33.0,1,2,1,4,Lost,True,2010-04-07 11:13:00,2010-04-07 11:13:00,2010-04
16942,United Kingdom,13,9,1904.99,5,5,4,14,Champions,False,2011-04-26 11:59:00,2011-11-27 12:40:00,2011-04
16943,United Kingdom,212,3,816.73,2,3,3,8,At Risk,True,2011-01-25 14:00:00,2011-05-12 11:57:00,2011-01
16944,United Kingdom,610,1,101.36,1,2,1,4,Lost,True,2010-04-09 11:03:00,2010-04-09 11:03:00,2010-04
16945,United Kingdom,22,33,8548.16,4,5,5,14,Champions,False,2009-12-09 11:33:00,2011-11-18 11:39:00,2009-12
16946,United Kingdom,383,5,1222.04,2,4,4,10,At Risk,True,2010-03-02 10:49:00,2010-11-21 14:06:00,2010-03
16947,United Kingdom,236,4,946.71,2,4,3,9,At Risk,True,2010-03-03 10:54:00,2011-04-18 09:38:00,2010-03
16948,United Kingdom,139,7,868.77,3,4,3,10,Potential Loyalists,True,2010-02-21 13:48:00,2011-07-24 12:46:00,2010-02
16949,United Kingdom,4,6,1286.27,5,4,4,13,Champions,False,2011-01-27 12:11:00,2011-12-06 11:07:00,2011-01
16950,United Kingdom,57,10,3533.77,4,5,5,14,Champions,False,2010-01-24 11:26:00,2011-10-14 09:06:00,2010-01
16951,United Kingdom,135,3,1277.75,3,3,4,10,Potential Loyalists,True,2011-02-08 14:58:00,2011-07-28 12:05:00,2011-02
16952,United Kingdom,109,5,795.83,3,4,3,10,Potential Loyalists,True,2009-12-11 13:52:00,2011-08-22 13:03:00,2009-12
16953,United Kingdom,30,1,20.8,4,2,1,7,New Customers,False,2011-11-09 15:54:00,2011-11-09 15:54:00,2011-11
16954,United Kingdom,1,20,6081.88,5,5,5,15,Champions,False,2010-01-18 14:49:00,2011-12-09 09:46:00,2010-01
16955,United Kingdom,185,6,1120.31,3,4,3,10,Potential Loyalists,True,2010-01-31 11:38:00,2011-06-08 10:36:00,2010-01
16956,United Kingdom,18,1,308.74,5,2,2,9,New Customers,False,2011-11-22 08:56:00,2011-11-22 08:56:00,2011-11
16957,United Kingdom,239,2,416.64,2,3,2,7,At Risk,True,2011-03-03 09:25:00,2011-04-14 13:56:00,2011-03
16958,United Kingdom,435,1,778.49,1,2,3,6,Lost,True,2010-09-30 14:25:00,2010-09-30 14:25:00,2010-09
16959,United Kingdom,87,1,117.35000000000001,3,2,1,6,Needs Attention,False,2011-09-13 15:03:00,2011-09-13 15:03:00,2011-09
16960,United Kingdom,39,8,1988.93,4,5,4,13,Champions,False,2010-03-02 13:36:00,2011-11-01 11:35:00,2010-03
16961,United Kingdom,116,3,794.56,3,3,3,9,Potential Loyalists,True,2010-06-25 14:36:00,2011-08-15 13:46:00,2010-06
16962,United Kingdom,410,1,251.04,1,2,1,4,Lost,True,2010-10-26 11:36:00,2010-10-26 11:36:00,2010-10
16963,United Kingdom,187,1,110.55000000000001,3,2,1,6,Needs Attention,True,2011-06-05 13:48:00,2011-06-05 13:48:00,2011-06
16964,United Kingdom,733,2,207.85,1,3,1,5,At Risk,True,2009-12-06 12:51:00,2009-12-06 12:53:00,2009-12
16965,United Kingdom,227,1,192.07,2,2,1,5,Lost,True,2011-04-27 12:08:00,2011-04-27 12:08:00,2011-04
16966,United Kingdom,8,7,2154.97,5,4,4,13,Champions,False,2011-04-13 14:17:00,2011-12-01 13:40:00,2011-04
16967,United Kingdom,189,1,319.02,2,2,2,6,Lost,True,2011-06-03 14:24:00,2011-06-03 14:24:00,2011-06
16968,United Kingdom,4,2,439.43,5,3,2,10,Loyal Customers,False,2011-08-24 10:51:00,2011-12-05 15:02:00,2011-08
16969,United Kingdom,39,3,650.41,4,3,3,10,Loyal Customers,False,2011-06-01 12:10:00,2011-10-31 13:12:00,2011-06
16970,United Kingdom,626,1,71.4,1,2,1,4,Lost,True,2010-03-23 13:50:00,2010-03-23 13:50:00,2010-03
16971,United Kingdom,38,1,357.21,4,2,2,8,New Customers,False,2011-11-01 15:06:00,2011-11-01 15:06:00,2011-11
16972,United Kingdom,383,2,749.0,2,3,3,8,At Risk,True,2010-09-09 11:20:00,2010-11-22 10:59:00,2010-09
16973,United Kingdom,386,1,127.0,2,2,1,5,Lost,True,2010-11-18 13:56:00,2010-11-18 13:56:00,2010-11
16974,United Kingdom,523,2,365.5,1,3,2,6,At Risk,True,2010-05-24 10:43:00,2010-07-05 10:18:00,2010-05
16975,United Kingdom,423,3,926.12,1,3,3,7,At Risk,True,2010-07-22 11:38:00,2010-10-12 17:53:00,2010-07
16976,United Kingdom,267,1,251.51999999999998,2,2,1,5,Lost,True,2011-03-17 16:33:00,2011-03-17 16:33:00,2011-03
16977,United Kingdom,395,4,496.0,2,4,2,8,At Risk,True,2010-03-18 11:06:00,2010-11-09 13:17:00,2010-03
16978,United Kingdom,78,3,768.88,3,3,3,9,Potential Loyalists,False,2010-02-11 16:27:00,2011-09-23 12:50:00,2010-02
16979,United Kingdom,4,9,2859.74,5,5,4,14,Champions,False,2010-09-15 14:30:00,2011-12-06 12:21:00,2010-09
16980,United Kingdom,255,3,1422.83,2,3,4,9,At Risk,True,2010-10-07 14:05:00,2011-03-29 16:36:00,2010-10
16982,United Kingdom,61,1,384.06,3,2,2,7,Needs Attention,False,2011-10-10 12:28:00,2011-10-10 12:28:00,2011-10
16983,United Kingdom,13,11,3490.53,5,5,5,15,Champions,False,2010-09-19 12:38:00,2011-11-27 12:10:00,2010-09
16984,United Kingdom,88,9,10350.53,3,5,5,13,Potential Loyalists,False,2010-03-07 15:34:00,2011-09-12 13:43:00,2010-03
16985,United Kingdom,17,23,10923.16,5,5,5,15,Champions,False,2009-12-10 13:34:00,2011-11-22 13:33:00,2009-12
16986,United Kingdom,30,11,4888.75,4,5,5,14,Champions,False,2010-02-04 14:46:00,2011-11-10 11:55:00,2010-02
16987,United Kingdom,3,11,2499.45,5,5,4,14,Champions,False,2009-12-02 14:34:00,2011-12-06 17:26:00,2009-12
16988,United Kingdom,5,2,382.67,5,3,2,10,Loyal Customers,False,2010-11-25 09:22:00,2011-12-04 16:02:00,2010-11
16989,United Kingdom,7,6,1133.25,5,4,3,12,Loyal Customers,False,2011-07-12 09:11:00,2011-12-02 16:39:00,2011-07
16990,United Kingdom,219,2,344.0,2,3,2,7,At Risk,True,2010-10-13 11:42:00,2011-05-05 08:30:00,2010-10
16991,United Kingdom,421,1,1041.21,1,2,3,6,Lost,True,2010-10-14 14:08:00,2010-10-14 14:08:00,2010-10
16992,United Kingdom,11,13,5476.5,5,5,5,15,Champions,False,2010-02-11 12:36:00,2011-11-29 11:50:00,2010-02
16993,United Kingdom,464,2,1950.95,1,3,4,8,At Risk,True,2010-05-12 13:55:00,2010-09-02 12:16:00,2010-05
16996,United Kingdom,30,9,2123.61,4,5,4,13,Champions,False,2010-10-18 12:24:00,2011-11-09 16:43:00,2010-10
16997,United Kingdom,288,3,702.0,2,3,3,8,At Risk,True,2011-01-18 11:51:00,2011-02-24 17:28:00,2011-01
16998,United Kingdom,150,5,402.0,3,4,2,9,Potential Loyalists,True,2010-09-21 14:39:00,2011-07-13 09:44:00,2010-09
16999,United Kingdom,23,2,484.82,4,3,2,9,Loyal Customers,False,2011-09-26 15:43:00,2011-11-16 13:53:00,2011-09
17000,United Kingdom,396,2,406.3,2,3,2,7,At Risk,True,2010-10-27 14:16:00,2010-11-08 13:35:00,2010-10
17001,United Kingdom,1,19,6640.8,5,5,5,15,Champions,False,2010-03-25 12:41:00,2011-12-09 09:38:00,2010-03
17002,United Kingdom,86,7,2571.55,3,4,4,11,Potential Loyalists,False,2010-03-08 15:46:00,2011-09-15 12:40:00,2010-03
17003,United Kingdom,402,4,828.21,2,4,3,9,At Risk,True,2010-05-10 11:20:00,2010-11-02 13:15:00,2010-05
17004,United Kingdom,46,4,2324.36,4,4,4,12,Champions,False,2010-10-11 15:43:00,2011-10-24 14:25:00,2010-10
17005,United Kingdom,471,2,622.36,1,3,3,7,At Risk,True,2010-04-30 10:55:00,2010-08-26 10:57:00,2010-04
17006,United Kingdom,5,8,1635.27,5,5,4,14,Champions,False,2010-03-05 13:33:00,2011-12-05 12:09:00,2010-03
17007,United Kingdom,51,7,1120.1000000000001,4,4,3,11,Loyal Customers,False,2010-09-28 13:51:00,2011-10-20 10:47:00,2010-09
17008,United Kingdom,429,1,81.36,1,2,1,4,Lost,True,2010-10-06 15:19:00,2010-10-06 15:19:00,2010-10
17009,United Kingdom,551,1,242.06,1,2,1,4,Lost,True,2010-06-06 16:01:00,2010-06-06 16:01:00,2010-06
17010,United Kingdom,18,1,195.36,5,2,1,8,New Customers,False,2011-11-21 14:49:00,2011-11-21 14:49:00,2011-11
17011,United Kingdom,30,3,671.7,4,3,3,10,Loyal Customers,False,2010-02-26 09:47:00,2011-11-09 13:30:00,2010-02
17012,United Kingdom,725,1,360.61,1,2,2,5,Lost,True,2009-12-14 17:34:00,2009-12-14 17:34:00,2009-12
17014,United Kingdom,8,3,583.4300000000001,5,3,2,10,Loyal Customers,False,2011-10-04 11:36:00,2011-12-01 14:09:00,2011-10
17015,United Kingdom,29,3,1838.61,4,3,4,11,Loyal Customers,False,2011-06-07 13:19:00,2011-11-11 10:45:00,2011-06
17016,United Kingdom,577,1,552.4,1,2,2,5,Lost,True,2010-05-12 12:32:00,2010-05-12 12:32:00,2010-05
17017,United Kingdom,3,29,12576.99,5,5,5,15,Champions,False,2009-12-03 13:22:00,2011-12-07 09:32:00,2009-12
17018,United Kingdom,41,6,2287.7,4,4,4,12,Champions,False,2009-12-05 10:27:00,2011-10-30 11:42:00,2009-12
17019,United Kingdom,11,11,3586.99,5,5,5,15,Champions,False,2009-12-02 11:52:00,2011-11-28 13:06:00,2009-12
17020,United Kingdom,542,2,935.62,1,3,3,7,At Risk,True,2010-03-03 12:27:00,2010-06-15 13:06:00,2010-03
17021,United Kingdom,442,6,1182.22,1,4,3,8,At Risk,True,2010-04-29 20:05:00,2010-09-23 20:01:00,2010-04
17022,United Kingdom,31,2,260.0,4,3,1,8,Loyal Customers,False,2010-10-03 10:27:00,2011-11-08 17:09:00,2010-10
17023,United Kingdom,417,3,800.1800000000001,1,3,3,7,At Risk,True,2010-01-11 15:09:00,2010-10-18 15:37:00,2010-01
17024,United Kingdom,45,3,95.85,4,3,1,8,Loyal Customers,False,2011-07-05 09:31:00,2011-10-25 13:47:00,2011-07
17025,United Kingdom,61,5,1349.67,3,4,4,11,Potential Loyalists,False,2010-03-08 13:37:00,2011-10-10 09:06:00,2010-03
17026,United Kingdom,185,3,175.83,3,3,1,7,Potential Loyalists,True,2010-10-18 15:22:00,2011-06-07 14:28:00,2010-10
17027,United Kingdom,79,9,1310.63,3,5,4,12,Potential Loyalists,False,2009-12-10 12:10:00,2011-09-22 12:24:00,2009-12
17028,United Kingdom,581,3,1593.83,1,3,4,8,At Risk,True,2009-12-18 14:28:00,2010-05-07 15:33:00,2009-12
17029,United Kingdom,111,7,2137.3,3,4,4,11,Potential Loyalists,True,2010-02-14 10:19:00,2011-08-21 11:06:00,2010-02
17030,United Kingdom,64,1,146.87,3,2,1,6,Needs Attention,False,2011-10-07 08:49:00,2011-10-07 08:49:00,2011-10
17031,United Kingdom,12,6,2773.85,5,4,4,13,Champions,False,2010-05-07 14:52:00,2011-11-28 10:23:00,2010-05
17032,United Kingdom,603,5,2896.69,1,4,5,10,At Risk,True,2009-12-10 15:36:00,2010-04-15 14:14:00,2009-12
17033,United Kingdom,86,4,1332.79,3,4,4,11,Potential Loyalists,False,2010-11-07 12:55:00,2011-09-14 14:34:00,2010-11
17034,United Kingdom,16,5,1276.42,5,4,4,13,Champions,False,2010-07-14 12:55:00,2011-11-23 15:14:00,2010-07
17035,United Kingdom,246,4,613.59,2,4,3,9,At Risk,True,2009-12-03 10:37:00,2011-04-08 11:23:00,2009-12
17036,United Kingdom,383,1,176.9,2,2,1,5,Lost,True,2010-11-21 14:26:00,2010-11-21 14:26:00,2010-11
17037,United Kingdom,88,1,1267.32,3,2,4,9,Needs Attention,False,2011-09-13 12:49:00,2011-09-13 12:49:00,2011-09
17038,United Kingdom,30,2,743.17,4,3,3,10,Loyal Customers,False,2010-10-20 16:04:00,2011-11-09 13:50:00,2010-10
17039,United Kingdom,604,1,1954.99,1,2,4,7,Cant Lose Them,True,2010-04-14 12:56:00,2010-04-14 12:56:00,2010-04
17040,United Kingdom,138,2,463.25,3,3,2,8,Potential Loyalists,True,2010-06-07 15:08:00,2011-07-25 10:19:00,2010-06
17041,United Kingdom,27,6,1655.2,4,4,4,12,Champions,False,2010-04-18 14:25:00,2011-11-13 11:21:00,2010-04
17042,United Kingdom,3,5,1036.58,5,4,3,12,Loyal Customers,False,2011-04-06 14:53:00,2011-12-07 12:26:00,2011-04
17043,United Kingdom,32,8,2593.65,4,5,4,13,Champions,False,2009-12-09 15:20:00,2011-11-07 15:33:00,2009-12
17044,United Kingdom,25,12,11962.300000000001,4,5,5,14,Champions,False,2009-12-07 12:25:00,2011-11-14 14:28:00,2009-12
17045,United Kingdom,113,5,827.6800000000001,3,4,3,10,Potential Loyalists,True,2010-10-06 14:52:00,2011-08-18 17:09:00,2010-10
17046,United Kingdom,157,5,1906.07,3,4,4,11,Potential Loyalists,True,2010-03-29 13:46:00,2011-07-05 14:24:00,2010-03
17047,United Kingdom,85,6,2289.23,3,4,4,11,Potential Loyalists,False,2009-12-08 08:48:00,2011-09-15 13:27:00,2009-12
17048,United Kingdom,118,7,2071.68,3,4,4,11,Potential Loyalists,True,2010-01-18 13:55:00,2011-08-14 11:49:00,2010-01
17049,United Kingdom,3,19,9942.53,5,5,5,15,Champions,False,2010-03-04 10:23:00,2011-12-07 10:48:00,2010-03
17050,United Kingdom,96,11,4648.59,3,5,5,13,Potential Loyalists,True,2010-01-26 14:54:00,2011-09-04 13:48:00,2010-01
17051,United Kingdom,194,4,706.49,2,4,3,9,At Risk,True,2010-03-21 14:55:00,2011-05-29 14:13:00,2010-03
17052,United Kingdom,28,1,399.09,4,2,2,8,New Customers,False,2011-11-11 14:50:00,2011-11-11 14:50:00,2011-11
17053,United Kingdom,131,1,498.48,3,2,2,7,Needs Attention,True,2011-08-01 10:23:00,2011-08-01 10:23:00,2011-08
17054,United Kingdom,28,5,1356.33,4,4,4,12,Champions,False,2011-04-08 13:14:00,2011-11-11 12:56:00,2011-04
17055,United Kingdom,446,1,232.85000000000002,1,2,1,4,Lost,True,2010-09-20 12:21:00,2010-09-20 12:21:00,2010-09
17056,United Kingdom,738,1,128.60000000000002,1,2,1,4,Lost,True,2009-12-01 12:55:00,2009-12-01 12:55:00,2009-12
17057,United Kingdom,596,1,288.79,1,2,2,5,Lost,True,2010-04-22 19:21:00,2010-04-22 19:21:00,2010-04
17058,United Kingdom,82,3,1179.89,3,3,3,9,Potential Loyalists,False,2011-04-14 09:18:00,2011-09-19 10:13:00,2011-04
17059,United Kingdom,30,9,4864.57,4,5,5,14,Champions,False,2010-01-26 14:43:00,2011-11-10 12:27:00,2010-01
17060,United Kingdom,266,1,234.24,2,2,1,5,Lost,True,2011-03-18 13:27:00,2011-03-18 13:27:00,2011-03
17061,United Kingdom,74,11,5232.2300000000005,3,5,5,13,Potential Loyalists,False,2011-04-21 13:29:00,2011-09-27 11:24:00,2011-04
17062,United Kingdom,314,6,884.71,2,4,3,9,At Risk,True,2010-09-26 11:57:00,2011-01-30 11:01:00,2010-09
17063,United Kingdom,21,13,3638.53,4,5,5,14,Champions,False,2009-12-01 12:36:00,2011-11-18 16:19:00,2009-12
17064,United Kingdom,59,3,855.45,4,3,3,10,Loyal Customers,False,2011-01-16 16:10:00,2011-10-12 10:18:00,2011-01
17065,United Kingdom,638,2,194.7,1,3,1,5,At Risk,True,2010-03-12 11:40:00,2010-03-12 11:41:00,2010-03
17066,United Kingdom,726,1,228.34,1,2,1,4,Lost,True,2009-12-13 13:24:00,2009-12-13 13:24:00,2009-12
17067,United Kingdom,725,3,454.54,1,3,2,6,At Risk,True,2009-12-08 12:03:00,2009-12-15 08:39:00,2009-12
17068,United Kingdom,12,47,8980.18,5,5,5,15,Champions,False,2010-03-28 14:26:00,2011-11-27 13:14:00,2010-03
17069,United Kingdom,28,14,5517.2300000000005,4,5,5,14,Champions,False,2009-12-03 12:27:00,2011-11-11 17:13:00,2009-12
17070,United Kingdom,114,2,437.42,3,3,2,8,Potential Loyalists,True,2010-10-25 15:57:00,2011-08-17 17:01:00,2010-10
17071,United Kingdom,28,13,3793.71,4,5,5,14,Champions,False,2010-01-24 13:05:00,2011-11-11 16:31:00,2010-01
17072,United Kingdom,625,1,273.35,1,2,1,4,Lost,True,2010-03-24 16:33:00,2010-03-24 16:33:00,2010-03
17073,United Kingdom,18,4,1444.84,5,4,4,13,Champions,False,2011-08-22 14:37:00,2011-11-22 11:47:00,2011-08
17074,United Kingdom,563,1,203.05,1,2,1,4,Lost,True,2010-05-26 12:04:00,2010-05-26 12:04:00,2010-05
17075,United Kingdom,18,10,2236.63,5,5,4,14,Champions,False,2009-12-14 11:24:00,2011-11-22 11:58:00,2009-12
17076,United Kingdom,36,6,1242.75,4,4,4,12,Champions,False,2009-12-04 12:12:00,2011-11-03 17:53:00,2009-12
17077,United Kingdom,578,1,306.0,1,2,2,5,Lost,True,2010-05-10 16:36:00,2010-05-10 16:36:00,2010-05
17078,United Kingdom,36,2,375.86,4,3,2,9,Loyal Customers,False,2011-11-03 18:49:00,2011-11-03 19:17:00,2011-11
17079,United Kingdom,78,1,118.80000000000001,3,2,1,6,Needs Attention,False,2011-09-22 15:34:00,2011-09-22 15:34:00,2011-09
17080,United Kingdom,22,7,957.53,4,4,3,11,Loyal Customers,False,2010-07-01 16:03:00,2011-11-17 12:59:00,2010-07
17081,United Kingdom,25,6,949.39,4,4,3,11,Loyal Customers,False,2010-02-22 13:19:00,2011-11-14 12:56:00,2010-02
17082,United Kingdom,33,6,4732.03,4,4,5,13,Champions,False,2009-12-15 11:25:00,2011-11-06 15:17:00,2009-12
17083,United Kingdom,109,9,4049.79,3,5,5,13,Potential Loyalists,True,2010-02-09 11:46:00,2011-08-22 15:43:00,2010-02
17084,United Kingdom,35,3,5001.21,4,3,5,12,Loyal Customers,False,2010-11-08 14:20:00,2011-11-04 14:54:00,2010-11
17085,United Kingdom,123,28,7839.27,3,5,5,13,Potential Loyalists,True,2009-12-06 12:16:00,2011-08-08 14:15:00,2009-12
17086,United Kingdom,7,6,2050.08,5,4,4,13,Champions,False,2011-10-07 11:22:00,2011-12-02 13:54:00,2011-10
17087,United Kingdom,738,1,221.53,1,2,1,4,Lost,True,2009-12-02 10:41:00,2009-12-02 10:41:00,2009-12
17088,United Kingdom,28,4,1991.01,4,4,4,12,Champions,False,2011-03-31 09:48:00,2011-11-11 14:23:00,2011-03
17089,United Kingdom,386,1,128.45,2,2,1,5,Lost,True,2010-11-18 15:33:00,2010-11-18 15:33:00,2010-11
17090,United Kingdom,4,13,3080.1800000000003,5,5,5,15,Champions,False,2010-07-19 16:02:00,2011-12-05 13:44:00,2010-07
17091,United Kingdom,3,19,7495.75,5,5,5,15,Champions,False,2009-12-16 15:45:00,2011-12-07 10:43:00,2009-12
17092,United Kingdom,50,11,5511.41,4,5,5,14,Champions,False,2010-02-02 16:42:00,2011-10-20 19:51:00,2010-02
17093,United Kingdom,593,1,235.88,1,2,1,4,Lost,True,2010-04-26 10:22:00,2010-04-26 10:22:00,2010-04
17094,United Kingdom,322,2,402.20000000000005,2,3,2,7,At Risk,True,2010-10-12 10:48:00,2011-01-21 13:09:00,2010-10
17095,United Kingdom,23,7,2572.25,4,4,4,12,Champions,False,2009-12-15 12:32:00,2011-11-17 12:21:00,2009-12
17096,United Kingdom,15,11,3697.9300000000003,5,5,5,15,Champions,False,2010-06-02 14:48:00,2011-11-24 15:01:00,2010-06
17097,Spain,2,9,1143.36,5,5,3,13,Loyal Customers,False,2010-10-05 14:09:00,2011-12-07 17:05:00,2010-10
17098,United Kingdom,382,3,591.07,2,3,2,7,At Risk,True,2010-06-17 10:30:00,2010-11-23 12:13:00,2010-06
17099,United Kingdom,533,1,582.17,1,2,2,5,Lost,True,2010-06-24 16:25:00,2010-06-24 16:25:00,2010-06
17100,United Kingdom,18,2,971.74,5,3,3,11,Loyal Customers,False,2011-11-21 16:36:00,2011-11-21 16:36:00,2011-11
17101,United Kingdom,10,7,2507.05,5,4,4,13,Champions,False,2010-06-07 15:12:00,2011-11-29 13:57:00,2010-06
17102,United Kingdom,262,1,25.5,2,2,1,5,Lost,True,2011-03-23 10:08:00,2011-03-23 10:08:00,2011-03
17103,United Kingdom,722,1,424.3,1,2,2,5,Lost,True,2009-12-17 14:08:00,2009-12-17 14:08:00,2009-12
17104,United Kingdom,424,1,474.03000000000003,1,2,2,5,Lost,True,2010-10-12 12:21:00,2010-10-12 12:21:00,2010-10
17105,United Kingdom,159,2,665.78,3,3,3,9,Potential Loyalists,True,2011-02-06 14:46:00,2011-07-03 15:53:00,2011-02
17106,United Kingdom,389,1,481.58000000000004,2,2,2,6,Lost,True,2010-11-15 14:11:00,2010-11-15 14:11:00,2010-11
17107,United Kingdom,33,10,16052.72,4,5,5,14,Champions,False,2010-01-31 15:47:00,2011-11-06 14:14:00,2010-01
17108,United Kingdom,664,1,174.95,1,2,1,4,Lost,True,2010-02-14 12:22:00,2010-02-14 12:22:00,2010-02
17109,United Kingdom,29,8,1291.71,4,5,4,13,Champions,False,2010-07-30 12:42:00,2011-11-10 16:59:00,2010-07
17110,United Kingdom,165,3,499.9,3,3,2,8,Potential Loyalists,True,2010-04-08 13:32:00,2011-06-27 12:58:00,2010-04
17111,United Kingdom,47,2,459.58,4,3,2,9,Loyal Customers,False,2010-10-10 15:21:00,2011-10-23 15:59:00,2010-10
17112,United Kingdom,503,1,197.57,1,2,1,4,Lost,True,2010-07-25 11:14:00,2010-07-25 11:14:00,2010-07
17113,United Kingdom,574,6,2305.59,1,4,4,9,At Risk,True,2010-01-11 10:14:00,2010-05-14 13:59:00,2010-01
17114,United Kingdom,6,8,801.12,5,5,3,13,Loyal Customers,False,2011-01-09 11:39:00,2011-12-04 12:17:00,2011-01
17115,United Kingdom,8,7,2761.4900000000002,5,4,4,13,Champions,False,2009-12-05 12:13:00,2011-12-01 14:30:00,2009-12
17116,United Kingdom,648,1,389.78,1,2,2,5,Lost,True,2010-03-01 16:29:00,2010-03-01 16:29:00,2010-03
17117,United Kingdom,288,1,116.2,2,2,1,5,Lost,True,2011-02-24 13:54:00,2011-02-24 13:54:00,2011-02
17118,United Kingdom,318,1,157.02,2,2,1,5,Lost,True,2011-01-26 12:19:00,2011-01-26 12:19:00,2011-01
17119,United Kingdom,3,2,606.91,5,3,3,11,Loyal Customers,False,2011-10-11 11:03:00,2011-12-06 14:40:00,2011-10
17120,United Kingdom,233,1,307.46,2,2,2,6,Lost,True,2011-04-20 15:21:00,2011-04-20 15:21:00,2011-04
17121,United Kingdom,403,1,314.74,2,2,2,6,Lost,True,2010-11-02 11:47:00,2010-11-02 11:47:00,2010-11
17122,United Kingdom,119,4,570.5,3,4,2,9,Potential Loyalists,True,2010-07-28 09:34:00,2011-08-12 14:33:00,2010-07
17123,United Kingdom,162,3,966.6700000000001,3,3,3,9,Potential Loyalists,True,2010-05-16 11:52:00,2011-07-01 10:47:00,2010-05
17124,United Kingdom,185,1,294.24,3,2,2,7,Needs Attention,True,2011-06-07 14:02:00,2011-06-07 14:02:00,2011-06
17125,United Kingdom,50,1,230.5,4,2,1,7,New Customers,False,2011-10-20 14:41:00,2011-10-20 14:41:00,2011-10
17126,United Kingdom,152,9,2008.93,3,5,4,12,Potential Loyalists,True,2010-08-31 13:41:00,2011-07-10 13:52:00,2010-08
17127,United Kingdom,429,5,1155.0300000000002,1,4,3,8,At Risk,True,2009-12-04 15:18:00,2010-10-07 09:54:00,2009-12
17128,United Kingdom,335,1,157.09,2,2,1,5,Lost,True,2011-01-09 12:02:00,2011-01-09 12:02:00,2011-01
17129,United Kingdom,520,1,31.85,1,2,1,4,Lost,True,2010-07-07 13:46:00,2010-07-07 13:46:00,2010-07
17131,United Kingdom,5,5,2463.17,5,4,4,13,Champions,False,2011-09-25 12:42:00,2011-12-04 12:52:00,2011-09
17132,United Kingdom,452,2,1220.91,1,3,4,8,At Risk,True,2010-08-08 13:49:00,2010-09-13 16:31:00,2010-08
17133,United Kingdom,16,12,14622.33,5,5,5,15,Champions,False,2010-03-21 12:31:00,2011-11-24 12:27:00,2010-03
17134,United Kingdom,107,3,625.3,3,3,3,9,Potential Loyalists,True,2010-09-23 18:32:00,2011-08-25 09:53:00,2010-09
17135,United Kingdom,16,10,1716.38,5,5,4,14,Champions,False,2010-05-09 16:03:00,2011-11-23 16:48:00,2010-05
17136,United Kingdom,662,1,231.68,1,2,1,4,Lost,True,2010-02-15 13:13:00,2010-02-15 13:13:00,2010-02
17137,United Kingdom,416,6,1099.81,1,4,3,8,At Risk,True,2010-01-31 12:27:00,2010-10-19 14:51:00,2010-01
17138,United Kingdom,276,7,4417.27,2,4,5,11,At Risk,True,2010-02-04 14:19:00,2011-03-09 11:54:00,2010-02
17139,United Kingdom,16,25,19566.76,5,5,5,15,Champions,False,2010-01-11 11:31:00,2011-11-24 10:12:00,2010-01
17140,United Kingdom,247,1,454.12,2,2,2,6,Lost,True,2011-04-06 13:33:00,2011-04-06 13:33:00,2011-04
17141,United Kingdom,418,4,727.58,1,4,3,8,At Risk,True,2010-01-24 14:19:00,2010-10-17 14:54:00,2010-01
17142,United Kingdom,239,4,1275.25,2,4,4,10,At Risk,True,2010-01-24 15:23:00,2011-04-14 18:22:00,2010-01
17143,United Kingdom,417,2,880.97,1,3,3,7,At Risk,True,2010-07-12 13:26:00,2010-10-18 15:27:00,2010-07
17144,United Kingdom,1,2,984.57,5,3,3,11,Loyal Customers,False,2011-09-16 12:50:00,2011-12-08 17:57:00,2011-09
17145,United Kingdom,513,4,3120.91,1,4,5,10,At Risk,True,2010-02-19 12:07:00,2010-07-15 09:02:00,2010-02
17146,United Kingdom,106,13,5852.64,3,5,5,13,Potential Loyalists,True,2010-02-02 09:39:00,2011-08-26 12:44:00,2010-02
17147,United Kingdom,23,9,3199.95,4,5,5,14,Champions,False,2010-01-11 09:38:00,2011-11-17 12:32:00,2010-01
17148,United Kingdom,52,1,124.88,4,2,1,7,New Customers,False,2011-10-19 09:59:00,2011-10-19 09:59:00,2011-10
17149,United Kingdom,451,1,143.10000000000002,1,2,1,4,Lost,True,2010-09-14 14:56:00,2010-09-14 14:56:00,2010-09
17150,United Kingdom,377,6,1357.95,2,4,4,10,At Risk,True,2009-12-06 10:51:00,2010-11-28 11:27:00,2009-12
17151,United Kingdom,735,1,231.90000000000003,1,2,1,4,Lost,True,2009-12-04 14:56:00,2009-12-04 14:56:00,2009-12
17152,United Kingdom,195,4,2016.5,2,4,4,10,At Risk,True,2010-10-10 12:40:00,2011-05-29 12:19:00,2010-10
17153,United Kingdom,24,1,213.78,4,2,1,7,New Customers,False,2011-11-15 13:42:00,2011-11-15 13:42:00,2011-11
17154,United Kingdom,75,1,329.34,3,2,2,7,Needs Attention,False,2011-09-25 13:42:00,2011-09-25 13:42:00,2011-09
17155,United Kingdom,18,7,892.46,5,4,3,12,Loyal Customers,False,2009-12-03 11:34:00,2011-11-22 12:38:00,2009-12
17156,United Kingdom,492,1,591.87,1,2,2,5,Lost,True,2010-08-05 11:30:00,2010-08-05 11:30:00,2010-08
17157,United Kingdom,8,19,5151.900000000001,5,5,5,15,Champions,False,2009-12-04 13:00:00,2011-12-02 09:10:00,2009-12
17158,United Kingdom,32,5,1980.0,4,4,4,12,Champions,False,2010-03-07 15:50:00,2011-11-07 15:15:00,2010-03
17159,United Kingdom,22,5,2099.59,4,4,4,12,Champions,False,2010-03-04 14:53:00,2011-11-18 10:52:00,2010-03
17160,United Kingdom,31,17,10209.16,4,5,5,14,Champions,False,2009-12-04 10:57:00,2011-11-08 14:05:00,2009-12
17161,United Kingdom,444,1,856.01,1,2,3,6,Lost,True,2010-09-21 16:44:00,2010-09-21 16:44:00,2010-09
17162,United Kingdom,29,10,1715.46,4,5,4,13,Champions,False,2011-02-07 12:27:00,2011-11-11 11:34:00,2011-02
17163,United Kingdom,22,4,699.78,4,4,3,11,Loyal Customers,False,2010-02-02 10:39:00,2011-11-18 08:57:00,2010-02
17164,United Kingdom,33,7,2467.35,4,4,4,12,Champions,False,2011-03-11 14:26:00,2011-11-07 09:14:00,2011-03
17165,United Kingdom,284,6,1794.32,2,4,4,10,At Risk,True,2009-12-11 09:18:00,2011-02-28 16:39:00,2009-12
17166,United Kingdom,39,2,206.34,4,3,1,8,Loyal Customers,False,2011-05-20 08:18:00,2011-11-01 09:46:00,2011-05
17167,United Kingdom,380,3,867.11,2,3,3,8,At Risk,True,2010-09-20 14:02:00,2010-11-25 10:05:00,2010-09
17168,United Kingdom,499,1,400.2,1,2,2,5,Lost,True,2010-07-29 12:33:00,2010-07-29 12:33:00,2010-07
17169,United Kingdom,58,3,1156.73,4,3,3,10,Loyal Customers,False,2010-05-10 13:00:00,2011-10-13 10:25:00,2010-05
17170,United Kingdom,374,2,178.68,2,3,1,6,At Risk,True,2010-11-15 16:23:00,2010-11-30 15:55:00,2010-11
17171,United Kingdom,289,2,384.59000000000003,2,3,2,7,At Risk,True,2010-02-16 12:02:00,2011-02-23 16:37:00,2010-02
17172,United Kingdom,79,3,956.5699999999999,3,3,3,9,Potential Loyalists,False,2009-12-13 11:46:00,2011-09-22 09:36:00,2009-12
17173,United Kingdom,5,8,3766.6,5,5,5,15,Champions,False,2011-07-31 15:26:00,2011-12-04 14:40:00,2011-07
17174,United Kingdom,218,1,59.9,2,2,1,5,Lost,True,2011-05-06 11:47:00,2011-05-06 11:47:00,2011-05
17175,United Kingdom,44,4,1443.69,4,4,4,12,Champions,False,2011-02-16 14:56:00,2011-10-26 15:31:00,2011-02
17176,United Kingdom,202,3,902.3199999999999,2,3,3,8,At Risk,True,2010-01-31 15:49:00,2011-05-22 12:41:00,2010-01
17177,United Kingdom,505,1,119.5,1,2,1,4,Lost,True,2010-07-22 14:53:00,2010-07-22 14:53:00,2010-07
17178,United Kingdom,731,1,432.96000000000004,1,2,2,5,Lost,True,2009-12-08 16:20:00,2009-12-08 16:20:00,2009-12
17179,United Kingdom,178,6,1507.26,3,4,4,11,Potential Loyalists,True,2010-05-26 11:22:00,2011-06-14 16:48:00,2010-05
17180,United Kingdom,56,11,2236.77,4,5,4,13,Champions,False,2010-01-21 17:43:00,2011-10-14 15:46:00,2010-01
17181,United Kingdom,57,3,309.85,4,3,2,9,Loyal Customers,False,2010-04-23 11:21:00,2011-10-13 14:48:00,2010-04
17182,United Kingdom,423,2,321.3,1,3,2,6,At Risk,True,2009-12-21 15:22:00,2010-10-13 10:09:00,2009-12
17183,United Kingdom,8,6,3347.31,5,4,5,14,Champions,False,2011-08-26 15:25:00,2011-12-02 10:07:00,2011-08
17184,United Kingdom,569,2,198.41000000000003,1,3,1,5,At Risk,True,2009-12-09 14:17:00,2010-05-19 14:24:00,2009-12
17185,United Kingdom,592,3,229.46,1,3,1,5,At Risk,True,2010-04-20 13:49:00,2010-04-27 12:15:00,2010-04
17186,United Kingdom,47,2,144.0,4,3,1,8,Loyal Customers,False,2011-10-10 12:52:00,2011-10-24 10:20:00,2011-10
17187,United Kingdom,227,2,467.71,2,3,2,7,At Risk,True,2010-07-01 14:38:00,2011-04-27 12:39:00,2010-07
17188,United Kingdom,11,13,4592.93,5,5,5,15,Champions,False,2009-12-08 19:16:00,2011-11-28 13:53:00,2009-12
17189,United Kingdom,106,5,953.63,3,4,3,10,Potential Loyalists,True,2009-12-02 11:45:00,2011-08-25 19:39:00,2009-12
17190,United Kingdom,59,7,1724.73,4,4,4,12,Champions,False,2010-03-05 13:21:00,2011-10-12 11:33:00,2010-03
17191,United Kingdom,28,15,4310.34,4,5,5,14,Champions,False,2009-12-01 16:34:00,2011-11-11 16:58:00,2009-12
17192,United Kingdom,536,1,75.28,1,2,1,4,Lost,True,2010-06-21 16:07:00,2010-06-21 16:07:00,2010-06
17193,United Kingdom,36,9,2310.04,4,5,4,13,Champions,False,2009-12-02 10:02:00,2011-11-04 12:47:00,2009-12
17194,United Kingdom,361,2,776.66,2,3,3,8,At Risk,True,2010-06-27 13:16:00,2010-12-14 12:06:00,2010-06
17195,United Kingdom,655,1,562.98,1,2,2,5,Lost,True,2010-02-22 13:05:00,2010-02-22 13:05:00,2010-02
17196,United Kingdom,428,1,327.75,1,2,2,5,Lost,True,2010-10-08 11:31:00,2010-10-08 11:31:00,2010-10
17197,United Kingdom,30,1,1013.01,4,2,3,9,New Customers,False,2011-11-10 10:32:00,2011-11-10 10:32:00,2011-11
17198,United Kingdom,24,3,692.22,4,3,3,10,Loyal Customers,False,2010-12-03 14:54:00,2011-11-16 10:39:00,2010-12
17199,United Kingdom,582,1,135.04000000000002,1,2,1,4,Lost,True,2010-05-06 13:53:00,2010-05-06 13:53:00,2010-05
17200,United Kingdom,387,4,356.71,2,4,2,8,At Risk,True,2010-02-25 13:23:00,2010-11-17 13:04:00,2010-02
17201,United Kingdom,54,4,1132.6,4,4,3,11,Loyal Customers,False,2010-02-10 12:26:00,2011-10-17 11:55:00,2010-02
17202,United Kingdom,421,1,160.65,1,2,1,4,Lost,True,2010-10-15 11:25:00,2010-10-15 11:25:00,2010-10
17203,United Kingdom,36,10,5564.09,4,5,5,14,Champions,False,2010-11-16 12:52:00,2011-11-04 12:27:00,2010-11
17204,United Kingdom,175,9,5504.6900000000005,3,5,5,13,Potential Loyalists,True,2010-06-10 11:37:00,2011-06-17 14:46:00,2010-06
17205,United Kingdom,54,3,999.35,4,3,3,10,Loyal Customers,False,2010-05-24 15:36:00,2011-10-17 12:46:00,2010-05
17206,United Kingdom,53,1,204.24,4,2,1,7,New Customers,False,2011-10-17 13:25:00,2011-10-17 13:25:00,2011-10
17207,United Kingdom,652,1,291.77,1,2,2,5,Lost,True,2010-02-25 19:08:00,2010-02-25 19:08:00,2010-02
17208,United Kingdom,396,1,111.15,2,2,1,5,Lost,True,2010-11-09 12:50:00,2010-11-09 12:50:00,2010-11
17209,United Kingdom,649,3,595.7,1,3,2,6,At Risk,True,2009-12-03 11:10:00,2010-02-28 16:01:00,2009-12
17210,United Kingdom,393,1,251.72,2,2,1,5,Lost,True,2010-11-12 12:15:00,2010-11-12 12:15:00,2010-11
17211,United Kingdom,27,13,3773.35,4,5,5,14,Champions,False,2009-12-13 13:17:00,2011-11-13 12:03:00,2009-12
17212,United Kingdom,253,3,794.41,2,3,3,8,At Risk,True,2010-08-10 09:22:00,2011-03-31 19:42:00,2010-08
17213,United Kingdom,40,13,4869.400000000001,4,5,5,14,Champions,False,2009-12-15 10:28:00,2011-10-30 14:53:00,2009-12
17214,United Kingdom,60,6,1059.1200000000001,3,4,3,10,Potential Loyalists,False,2010-12-15 15:14:00,2011-10-10 13:17:00,2010-12
17215,United Kingdom,464,1,186.15,1,2,1,4,Lost,True,2010-09-01 13:39:00,2010-09-01 13:39:00,2010-09
17216,United Kingdom,554,1,63.6,1,2,1,4,Lost,True,2010-06-03 13:03:00,2010-06-03 13:03:00,2010-06
17217,United Kingdom,234,2,210.1,2,3,1,6,At Risk,True,2010-03-30 13:35:00,2011-04-19 17:19:00,2010-03
17218,United Kingdom,4,18,3889.39,5,5,5,15,Champions,False,2010-01-25 16:12:00,2011-12-05 13:52:00,2010-01
17219,United Kingdom,32,2,259.13,4,3,1,8,Loyal Customers,False,2010-10-19 11:29:00,2011-11-08 11:25:00,2010-10
17220,United Kingdom,24,21,4451.41,4,5,5,14,Champions,False,2010-01-20 11:57:00,2011-11-15 13:47:00,2010-01
17221,United Kingdom,7,5,976.62,5,4,3,12,Loyal Customers,False,2010-04-11 15:34:00,2011-12-02 13:35:00,2010-04
17222,United Kingdom,65,6,1563.6100000000001,3,4,4,11,Potential Loyalists,False,2010-01-10 15:24:00,2011-10-05 13:58:00,2010-01
17223,United Kingdom,310,3,523.04,2,3,2,7,At Risk,True,2010-11-29 17:19:00,2011-02-02 15:57:00,2010-11
17224,United Kingdom,501,1,100.86000000000001,1,2,1,4,Lost,True,2010-07-26 13:30:00,2010-07-26 13:30:00,2010-07
17225,United Kingdom,582,1,131.15,1,2,1,4,Lost,True,2010-05-07 11:38:00,2010-05-07 11:38:00,2010-05
17226,United Kingdom,309,3,895.47,2,3,3,8,At Risk,True,2010-02-12 14:31:00,2011-02-04 11:52:00,2010-02
17227,United Kingdom,19,12,1878.93,5,5,4,14,Champions,False,2010-01-15 15:05:00,2011-11-21 10:51:00,2010-01
17228,United Kingdom,16,13,2820.03,5,5,4,14,Champions,False,2010-03-12 11:54:00,2011-11-24 10:24:00,2010-03
17229,United Kingdom,96,2,318.76,3,3,2,8,Potential Loyalists,True,2011-07-20 12:38:00,2011-09-04 13:56:00,2011-07
17230,United Kingdom,264,18,9388.49,2,5,5,12,At Risk,True,2009-12-08 13:41:00,2011-03-20 16:12:00,2009-12
17231,United Kingdom,12,25,7064.8,5,5,5,15,Champions,False,2009-12-07 16:38:00,2011-11-27 15:18:00,2009-12
17232,United Kingdom,3,2,417.77,5,3,2,10,Loyal Customers,False,2011-11-25 12:24:00,2011-12-07 12:21:00,2011-11
17233,United Kingdom,35,3,560.86,4,3,2,9,Loyal Customers,False,2009-12-15 12:03:00,2011-11-04 14:06:00,2009-12
17234,United Kingdom,183,1,149.89,3,2,1,6,Needs Attention,True,2011-06-10 11:20:00,2011-06-10 11:20:00,2011-06
17235,United Kingdom,25,8,1562.98,4,5,4,13,Champions,False,2010-06-04 17:01:00,2011-11-14 15:51:00,2010-06
17236,United Kingdom,13,12,1929.26,5,5,4,14,Champions,False,2010-03-07 13:00:00,2011-11-27 12:00:00,2010-03
17237,United Kingdom,11,4,994.13,5,4,3,12,Loyal Customers,False,2010-11-23 11:45:00,2011-11-28 15:02:00,2010-11
17238,United Kingdom,3,32,7331.17,5,5,5,15,Champions,False,2009-12-01 10:59:00,2011-12-07 11:35:00,2009-12
17239,United Kingdom,313,4,1189.45,2,4,3,9,At Risk,True,2010-07-01 10:53:00,2011-01-31 09:41:00,2010-07
17240,United Kingdom,596,1,130.60000000000002,1,2,1,4,Lost,True,2010-04-22 15:44:00,2010-04-22 15:44:00,2010-04
17241,United Kingdom,385,12,2736.64,2,5,4,11,At Risk,True,2010-02-15 14:47:00,2010-11-19 13:01:00,2010-02
17242,United Kingdom,108,5,2889.2799999999997,3,4,5,12,Potential Loyalists,True,2010-01-24 10:27:00,2011-08-23 14:55:00,2010-01
17243,United Kingdom,1,69,20184.68,5,5,5,15,Champions,False,2009-12-01 15:36:00,2011-12-08 13:26:00,2009-12
17244,United Kingdom,53,5,1826.04,4,4,4,12,Champions,False,2009-12-06 11:27:00,2011-10-17 15:19:00,2009-12
17245,United Kingdom,205,2,371.63,2,3,2,7,At Risk,True,2010-01-19 15:39:00,2011-05-19 10:43:00,2010-01
17246,United Kingdom,547,2,38.92,1,3,1,5,At Risk,True,2009-12-01 17:45:00,2010-06-11 12:36:00,2009-12
17247,United Kingdom,15,1,280.09000000000003,5,2,1,8,New Customers,False,2011-11-24 15:21:00,2011-11-24 15:21:00,2011-11
17248,United Kingdom,120,2,500.54,3,3,2,8,Potential Loyalists,True,2010-08-15 11:55:00,2011-08-11 13:34:00,2010-08
17249,United Kingdom,429,1,68.03,1,2,1,4,Lost,True,2010-10-07 11:33:00,2010-10-07 11:33:00,2010-10
17250,United Kingdom,4,2,381.97,5,3,2,10,Loyal Customers,False,2011-03-23 16:45:00,2011-12-06 12:15:00,2011-03
17251,United Kingdom,363,3,798.98,2,3,3,8,At Risk,True,2009-12-15 10:36:00,2010-12-12 11:06:00,2009-12
17252,United Kingdom,117,2,348.90999999999997,3,3,2,8,Potential Loyalists,True,2011-06-06 16:41:00,2011-08-15 09:45:00,2011-06
17253,United Kingdom,18,1,178.26,5,2,1,8,New Customers,False,2011-11-21 12:59:00,2011-11-21 12:59:00,2011-11
17254,United Kingdom,5,3,469.48,5,3,2,10,Loyal Customers,False,2010-11-03 14:00:00,2011-12-05 12:46:00,2010-11
17255,United Kingdom,41,4,781.7,4,4,3,11,Loyal Customers,False,2010-09-19 15:53:00,2011-10-30 12:18:00,2010-09
17256,United Kingdom,107,5,498.93,3,4,2,9,Potential Loyalists,True,2010-04-18 13:40:00,2011-08-24 13:30:00,2010-04
17257,United Kingdom,436,2,189.78,1,3,1,5,At Risk,True,2010-09-29 12:49:00,2010-09-29 12:51:00,2010-09
17258,United Kingdom,397,2,417.3,2,3,2,7,At Risk,True,2010-02-12 15:51:00,2010-11-08 12:37:00,2010-02
17259,United Kingdom,148,6,1452.39,3,4,4,11,Potential Loyalists,True,2010-02-22 13:38:00,2011-07-14 15:01:00,2010-02
17260,United Kingdom,411,1,120.95,1,2,1,4,Lost,True,2010-10-24 13:21:00,2010-10-24 13:21:00,2010-10
17261,United Kingdom,510,1,221.59,1,2,1,4,Lost,True,2010-07-18 11:49:00,2010-07-18 11:49:00,2010-07
17262,United Kingdom,52,11,2488.76,4,5,4,13,Champions,False,2009-12-15 11:26:00,2011-10-18 12:56:00,2009-12
17263,United Kingdom,208,1,63.440000000000005,2,2,1,5,Lost,True,2011-05-15 14:32:00,2011-05-15 14:32:00,2011-05
17264,United Kingdom,424,1,268.28,1,2,1,4,Lost,True,2010-10-11 12:52:00,2010-10-11 12:52:00,2010-10
17265,United Kingdom,139,2,550.01,3,3,2,8,Potential Loyalists,True,2011-06-12 12:00:00,2011-07-24 10:49:00,2011-06
17266,United Kingdom,2,5,501.72,5,4,2,11,Loyal Customers,False,2010-03-09 10:42:00,2011-12-07 14:12:00,2010-03
17267,United Kingdom,127,2,317.2,3,3,2,8,Potential Loyalists,True,2011-08-04 17:19:00,2011-08-04 17:22:00,2011-08
17268,United Kingdom,108,11,1733.8899999999999,3,5,4,12,Potential Loyalists,True,2009-12-08 11:46:00,2011-08-24 10:06:00,2009-12
17269,United Kingdom,386,1,491.81,2,2,2,6,Lost,True,2010-11-19 11:12:00,2010-11-19 11:12:00,2010-11
17270,United Kingdom,469,2,601.45,1,3,2,6,At Risk,True,2009-12-07 17:18:00,2010-08-27 14:09:00,2009-12
17271,United Kingdom,736,1,204.3,1,2,1,4,Lost,True,2009-12-03 13:49:00,2009-12-03 13:49:00,2009-12
17272,United Kingdom,42,4,2148.63,4,4,4,12,Champions,False,2011-03-22 12:05:00,2011-10-28 16:37:00,2011-03
17273,United Kingdom,424,1,141.12,1,2,1,4,Lost,True,2010-10-11 15:57:00,2010-10-11 15:57:00,2010-10
17274,United Kingdom,35,2,573.22,4,3,2,9,Loyal Customers,False,2010-11-09 12:06:00,2011-11-04 13:16:00,2010-11
17275,United Kingdom,383,1,114.1,2,2,1,5,Lost,True,2010-11-21 13:26:00,2010-11-21 13:26:00,2010-11
17276,United Kingdom,402,1,501.24,2,2,2,6,Lost,True,2010-11-02 16:20:00,2010-11-02 16:20:00,2010-11
17277,United Kingdom,228,2,1065.3500000000001,2,3,3,8,At Risk,True,2011-01-21 12:37:00,2011-04-26 12:47:00,2011-01
17278,United Kingdom,241,2,271.24,2,3,1,6,At Risk,True,2010-05-23 13:49:00,2011-04-12 13:10:00,2010-05
17279,United Kingdom,58,1,187.82999999999998,4,2,1,7,New Customers,False,2011-10-13 11:58:00,2011-10-13 11:58:00,2011-10
17280,United Kingdom,438,1,118.86,1,2,1,4,Lost,True,2010-09-27 16:46:00,2010-09-27 16:46:00,2010-09
17281,United Kingdom,374,6,797.85,2,4,3,9,At Risk,True,2010-02-04 13:00:00,2010-11-30 18:05:00,2010-02
17282,United Kingdom,130,5,2308.54,3,4,4,11,Potential Loyalists,True,2010-06-09 12:07:00,2011-08-01 14:29:00,2010-06
17283,United Kingdom,379,1,188.46,2,2,1,5,Lost,True,2010-11-26 11:53:00,2010-11-26 11:53:00,2010-11
17284,United Kingdom,60,7,2558.6,3,4,4,11,Potential Loyalists,False,2010-11-15 17:14:00,2011-10-10 14:38:00,2010-11
17285,United Kingdom,628,2,400.44,1,3,2,6,At Risk,True,2010-02-14 14:10:00,2010-03-21 13:38:00,2010-02
17286,United Kingdom,22,3,389.18,4,3,2,9,Loyal Customers,False,2010-11-04 13:43:00,2011-11-18 12:47:00,2010-11
17287,United Kingdom,26,21,3826.86,4,5,5,14,Champions,False,2009-12-03 12:45:00,2011-11-13 13:27:00,2009-12
17288,United Kingdom,9,11,2468.43,5,5,4,14,Champions,False,2010-11-10 14:44:00,2011-11-30 16:09:00,2010-11
17289,United Kingdom,32,9,2041.8,4,5,4,13,Champions,False,2010-03-08 12:52:00,2011-11-08 12:01:00,2010-03
17290,United Kingdom,4,8,1427.48,5,5,4,14,Champions,False,2009-12-13 13:28:00,2011-12-06 12:38:00,2009-12
17291,United Kingdom,308,1,550.8000000000001,2,2,2,6,Lost,True,2011-02-04 13:04:00,2011-02-04 13:04:00,2011-02
17292,United Kingdom,472,2,271.75,1,3,1,5,At Risk,True,2010-05-09 14:52:00,2010-08-24 17:14:00,2010-05
17293,United Kingdom,8,17,3750.63,5,5,5,15,Champions,False,2009-12-03 15:09:00,2011-12-01 14:37:00,2009-12
17294,United Kingdom,669,2,467.79,1,3,2,6,At Risk,True,2010-02-08 14:21:00,2010-02-08 16:12:00,2010-02
17295,United Kingdom,29,3,547.0,4,3,2,9,Loyal Customers,False,2011-10-06 12:22:00,2011-11-11 10:49:00,2011-10
17296,United Kingdom,730,1,338.13,1,2,2,5,Lost,True,2009-12-09 14:01:00,2009-12-09 14:01:00,2009-12
17297,United Kingdom,17,1,128.18,5,2,1,8,New Customers,False,2011-11-22 14:43:00,2011-11-22 14:43:00,2011-11
17298,United Kingdom,101,5,938.36,3,4,3,10,Potential Loyalists,True,2010-03-08 08:56:00,2011-08-30 16:43:00,2010-03
17299,United Kingdom,12,6,993.23,5,4,3,12,Loyal Customers,False,2010-08-15 16:00:00,2011-11-28 12:01:00,2010-08
17300,United Kingdom,391,2,393.64,2,3,2,7,At Risk,True,2010-08-15 11:02:00,2010-11-14 10:56:00,2010-08
17301,United Kingdom,21,2,294.39,4,3,2,9,Loyal Customers,False,2010-03-25 13:16:00,2011-11-18 13:43:00,2010-03
17302,United Kingdom,15,5,1135.63,5,4,3,12,Loyal Customers,False,2011-02-07 10:14:00,2011-11-25 09:36:00,2011-02
17303,United Kingdom,361,1,250.04,2,2,1,5,Lost,True,2010-12-13 13:32:00,2010-12-13 13:32:00,2010-12
17304,United Kingdom,534,1,111.5,1,2,1,4,Lost,True,2010-06-23 16:23:00,2010-06-23 16:23:00,2010-06
17305,United Kingdom,649,1,2135.46,1,2,4,7,Cant Lose Them,True,2010-03-01 12:47:00,2010-03-01 12:47:00,2010-03
17306,United Kingdom,11,21,9782.35,5,5,5,15,Champions,False,2010-11-01 11:38:00,2011-11-29 12:14:00,2010-11
17307,United Kingdom,395,11,3999.8900000000003,2,5,5,12,At Risk,True,2010-01-19 16:38:00,2010-11-09 13:40:00,2010-01
17308,United Kingdom,393,2,4511.76,2,3,5,10,At Risk,True,2010-09-13 09:35:00,2010-11-11 13:19:00,2010-09
17309,United Kingdom,95,3,320.39,3,3,2,8,Potential Loyalists,True,2010-02-04 15:49:00,2011-09-05 15:20:00,2010-02
17310,United Kingdom,387,2,1025.1,2,3,3,8,At Risk,True,2010-06-23 11:38:00,2010-11-17 16:00:00,2010-06
17311,United Kingdom,78,6,3566.56,3,4,5,12,Potential Loyalists,False,2010-02-03 12:38:00,2011-09-22 14:11:00,2010-02
17312,United Kingdom,139,3,644.3,3,3,3,9,Potential Loyalists,True,2011-07-03 13:12:00,2011-07-24 11:52:00,2011-07
17313,United Kingdom,31,1,2328.84,4,2,4,10,New Customers,False,2011-11-08 15:45:00,2011-11-08 15:45:00,2011-11
17314,United Kingdom,25,17,4904.43,4,5,5,14,Champions,False,2009-12-03 11:25:00,2011-11-15 09:41:00,2009-12
17315,United Kingdom,2,41,9559.5,5,5,5,15,Champions,False,2010-09-27 12:45:00,2011-12-08 12:15:00,2010-09
17316,United Kingdom,420,1,124.45,1,2,1,4,Lost,True,2010-10-15 14:35:00,2010-10-15 14:35:00,2010-10
17317,United Kingdom,46,3,2600.34,4,3,4,11,Loyal Customers,False,2011-09-11 12:45:00,2011-10-24 17:19:00,2011-09
17318,United Kingdom,725,1,157.32999999999998,1,2,1,4,Lost,True,2009-12-14 13:11:00,2009-12-14 13:11:00,2009-12
17319,United Kingdom,669,1,29.099999999999998,1,2,1,4,Lost,True,2010-02-08 15:47:00,2010-02-08 15:47:00,2010-02
17320,United Kingdom,100,6,2444.85,3,4,4,11,Potential Loyalists,True,2010-01-21 16:29:00,2011-08-31 13:31:00,2010-01
17321,United Kingdom,8,6,1665.21,5,4,4,13,Champions,False,2010-05-11 12:10:00,2011-12-01 13:41:00,2010-05
17322,United Kingdom,376,5,922.59,2,4,3,9,At Risk,True,2009-12-03 11:46:00,2010-11-28 14:41:00,2009-12
17323,United Kingdom,15,12,1547.64,5,5,4,14,Champions,False,2010-01-10 11:58:00,2011-11-24 17:29:00,2010-01
17324,United Kingdom,18,12,2171.07,5,5,4,14,Champions,False,2009-12-18 15:29:00,2011-11-22 10:34:00,2009-12
17325,United Kingdom,280,3,609.5699999999999,2,3,3,8,At Risk,True,2010-03-08 11:31:00,2011-03-04 13:09:00,2010-03
17326,United Kingdom,408,2,312.35,2,3,2,7,At Risk,True,2010-06-28 14:05:00,2010-10-27 15:38:00,2010-06
17327,United Kingdom,410,2,152.35,1,3,1,5,At Risk,True,2010-05-26 11:20:00,2010-10-26 09:54:00,2010-05
17328,United Kingdom,673,1,104.7,1,2,1,4,Lost,True,2010-02-04 17:11:00,2010-02-04 17:11:00,2010-02
17329,United Kingdom,14,5,998.53,5,4,3,12,Loyal Customers,False,2009-12-03 16:09:00,2011-11-25 14:24:00,2009-12
17330,United Kingdom,23,4,423.8,4,4,2,10,Loyal Customers,False,2010-03-02 09:20:00,2011-11-17 08:56:00,2010-03
17331,United Kingdom,124,1,175.2,3,2,1,6,Needs Attention,True,2011-08-08 11:55:00,2011-08-08 11:55:00,2011-08
17332,United Kingdom,528,5,827.77,1,4,3,8,At Risk,True,2010-02-21 14:41:00,2010-06-29 16:10:00,2010-02
17333,United Kingdom,86,1,494.25,3,2,2,7,Needs Attention,False,2011-09-15 10:11:00,2011-09-15 10:11:00,2011-09
17334,United Kingdom,302,3,635.1500000000001,2,3,3,8,At Risk,True,2010-10-29 12:16:00,2011-02-10 14:59:00,2010-10
17335,United Kingdom,384,2,497.04,2,3,2,7,At Risk,True,2010-01-24 11:15:00,2010-11-21 10:17:00,2010-01
17336,United Kingdom,472,1,81.12,1,2,1,4,Lost,True,2010-08-24 15:37:00,2010-08-24 15:37:00,2010-08
17337,United Kingdom,151,4,1979.61,3,4,4,11,Potential Loyalists,True,2011-02-02 17:06:00,2011-07-11 14:55:00,2011-02
17338,United Kingdom,17,17,11880.54,5,5,5,15,Champions,False,2010-03-10 16:09:00,2011-11-22 14:23:00,2010-03
17339,United Kingdom,94,3,302.36,3,3,2,8,Potential Loyalists,True,2010-07-18 13:08:00,2011-09-06 13:29:00,2010-07
17340,United Kingdom,30,18,19617.95,4,5,5,14,Champions,False,2010-02-14 14:54:00,2011-11-10 10:45:00,2010-02
17341,United Kingdom,157,5,1272.21,3,4,4,11,Potential Loyalists,True,2010-06-17 18:17:00,2011-07-06 12:33:00,2010-06
17342,United Kingdom,380,4,1227.54,2,4,4,10,At Risk,True,2010-02-08 09:16:00,2010-11-25 11:07:00,2010-02
17343,United Kingdom,355,6,1259.94,2,4,4,10,At Risk,True,2009-12-03 18:30:00,2010-12-19 15:07:00,2009-12
17344,United Kingdom,46,2,457.36,4,3,2,9,Loyal Customers,False,2009-12-11 12:31:00,2011-10-24 12:56:00,2009-12
17345,United Kingdom,15,10,1586.63,5,5,4,14,Champions,False,2009-12-01 16:17:00,2011-11-24 15:03:00,2009-12
17346,United Kingdom,4,26,4991.41,5,5,5,15,Champions,False,2010-04-18 12:18:00,2011-12-06 12:18:00,2010-04
17347,United Kingdom,86,1,228.96,3,2,1,6,Needs Attention,False,2011-09-14 13:12:00,2011-09-14 13:12:00,2011-09
17348,United Kingdom,15,9,2430.99,5,5,4,14,Champions,False,2010-03-10 12:13:00,2011-11-25 11:25:00,2010-03
17349,United Kingdom,179,5,772.41,3,4,3,10,Potential Loyalists,True,2010-03-18 14:26:00,2011-06-13 14:29:00,2010-03
17350,United Kingdom,8,7,1893.7,5,4,4,13,Champions,False,2010-02-01 15:38:00,2011-12-01 15:47:00,2010-02
17351,United Kingdom,36,12,1964.38,4,5,4,13,Champions,False,2009-12-10 18:43:00,2011-11-03 18:45:00,2009-12
17352,United Kingdom,696,1,36.25,1,2,1,4,Lost,True,2010-01-12 16:13:00,2010-01-12 16:13:00,2010-01
17353,United Kingdom,129,4,3242.0,3,4,5,12,Potential Loyalists,True,2010-03-25 12:52:00,2011-08-02 17:19:00,2010-03
17354,United Kingdom,51,4,3133.96,4,4,5,13,Champions,False,2010-10-07 13:22:00,2011-10-20 10:34:00,2010-10
17355,United Kingdom,386,1,273.31,2,2,1,5,Lost,True,2010-11-18 13:18:00,2010-11-18 13:18:00,2010-11
17356,United Kingdom,312,5,946.47,2,4,3,9,At Risk,True,2010-01-20 12:14:00,2011-02-01 11:07:00,2010-01
17357,United Kingdom,24,2,384.39,4,3,2,9,Loyal Customers,False,2011-11-15 16:29:00,2011-11-15 16:30:00,2011-11
17358,United Kingdom,303,5,861.01,2,4,3,9,At Risk,True,2010-02-24 16:42:00,2011-02-09 16:57:00,2010-02
17359,United Kingdom,11,2,284.46,5,3,1,9,Loyal Customers,False,2010-03-01 14:48:00,2011-11-28 14:37:00,2010-03
17360,United Kingdom,17,6,1200.51,5,4,3,12,Loyal Customers,False,2010-10-01 12:07:00,2011-11-22 13:11:00,2010-10
17361,United Kingdom,49,5,871.7900000000001,4,4,3,11,Loyal Customers,False,2010-02-01 14:30:00,2011-10-21 15:43:00,2010-02
17362,United Kingdom,239,7,1024.04,2,4,3,9,At Risk,True,2010-01-06 10:53:00,2011-04-14 14:43:00,2010-01
17363,United Kingdom,395,3,920.46,2,3,3,8,At Risk,True,2010-11-02 17:25:00,2010-11-09 17:11:00,2010-11
17364,United Kingdom,1,28,11972.92,5,5,5,15,Champions,False,2009-12-07 15:28:00,2011-12-09 09:00:00,2009-12
17365,United Kingdom,13,15,8179.45,5,5,5,15,Champions,False,2010-02-01 11:56:00,2011-11-27 12:13:00,2010-02
17366,United Kingdom,432,2,1077.24,1,3,3,7,At Risk,True,2010-09-09 19:46:00,2010-10-03 16:04:00,2010-09
17367,United Kingdom,238,1,167.55,2,2,1,5,Lost,True,2011-04-15 14:21:00,2011-04-15 14:21:00,2011-04
17368,United Kingdom,23,14,2758.29,4,5,4,13,Champions,False,2009-12-15 17:45:00,2011-11-16 15:26:00,2009-12
17369,United Kingdom,456,1,979.2,1,2,3,6,Lost,True,2010-09-10 09:49:00,2010-09-10 09:49:00,2010-09
17370,United Kingdom,73,4,446.18,3,4,2,9,Potential Loyalists,False,2011-06-23 11:50:00,2011-09-28 10:14:00,2011-06
17371,United Kingdom,17,6,651.37,5,4,3,12,Loyal Customers,False,2009-12-08 12:25:00,2011-11-22 13:30:00,2009-12
17372,United Kingdom,41,27,4316.46,4,5,5,14,Champions,False,2009-12-03 18:41:00,2011-10-30 11:37:00,2009-12
17373,United Kingdom,40,7,1167.5,4,4,3,11,Loyal Customers,False,2010-02-28 14:17:00,2011-10-30 15:28:00,2010-02
17374,United Kingdom,219,3,727.11,2,3,3,8,At Risk,True,2010-11-09 17:14:00,2011-05-05 09:05:00,2010-11
17375,United Kingdom,199,4,660.55,2,4,3,9,At Risk,True,2010-10-04 09:14:00,2011-05-24 15:45:00,2010-10
17376,United Kingdom,71,4,453.64,3,4,2,9,Potential Loyalists,False,2010-07-05 11:11:00,2011-09-30 12:36:00,2010-07
17377,United Kingdom,24,78,17639.23,4,5,5,14,Champions,False,2009-12-02 12:39:00,2011-11-16 11:17:00,2009-12
17378,United Kingdom,374,1,10.95,2,2,1,5,Lost,True,2010-11-30 18:46:00,2010-11-30 18:46:00,2010-11
17379,United Kingdom,11,1,389.71999999999997,5,2,2,9,New Customers,False,2011-11-28 13:56:00,2011-11-28 13:56:00,2011-11
17380,United Kingdom,434,3,645.0,1,3,3,7,At Risk,True,2010-06-23 11:24:00,2010-10-01 16:42:00,2010-06
17381,United Kingdom,9,38,36398.65,5,5,5,15,Champions,False,2010-06-09 12:55:00,2011-12-01 11:59:00,2010-06
17382,United Kingdom,65,8,902.28,3,5,3,11,Potential Loyalists,False,2010-05-19 11:33:00,2011-10-05 13:05:00,2010-05
17383,United Kingdom,4,2,304.09000000000003,5,3,2,10,Loyal Customers,False,2010-09-12 14:54:00,2011-12-05 17:36:00,2010-09
17384,United Kingdom,19,3,507.55,5,3,2,10,Loyal Customers,False,2010-08-29 16:01:00,2011-11-20 15:48:00,2010-08
17385,United Kingdom,15,1,256.11,5,2,1,8,New Customers,False,2011-11-25 11:02:00,2011-11-25 11:02:00,2011-11
17386,United Kingdom,8,7,2812.77,5,4,4,13,Champions,False,2010-11-19 13:40:00,2011-12-02 11:28:00,2010-11
17387,United Kingdom,20,2,746.81,4,3,3,10,Loyal Customers,False,2011-11-06 11:25:00,2011-11-20 11:00:00,2011-11
17388,United Kingdom,78,11,2675.37,3,5,4,12,Potential Loyalists,False,2009-12-10 11:45:00,2011-09-23 10:31:00,2009-12
17389,United Kingdom,1,61,57215.33,5,5,5,15,Champions,False,2009-12-04 12:06:00,2011-12-09 09:38:00,2009-12
17390,United Kingdom,421,1,149.3,1,2,1,4,Lost,True,2010-10-15 11:29:00,2010-10-15 11:29:00,2010-10
17391,United Kingdom,164,2,508.8,3,3,2,8,Potential Loyalists,True,2011-06-28 12:21:00,2011-06-29 09:58:00,2011-06
17392,United Kingdom,307,3,579.92,2,3,2,7,At Risk,True,2010-09-15 16:17:00,2011-02-06 12:48:00,2010-09
17393,United Kingdom,411,2,381.15000000000003,1,3,2,6,At Risk,True,2010-08-08 15:53:00,2010-10-25 11:10:00,2010-08
17394,United Kingdom,219,1,203.86999999999998,2,2,1,5,Lost,True,2011-05-04 13:22:00,2011-05-04 13:22:00,2011-05
17395,United Kingdom,508,1,97.5,1,2,1,4,Lost,True,2010-07-19 15:34:00,2010-07-19 15:34:00,2010-07
17396,United Kingdom,39,13,8391.6,4,5,5,14,Champions,False,2010-09-24 13:04:00,2011-10-31 14:12:00,2010-09
17397,United Kingdom,22,3,1198.28,4,3,3,10,Loyal Customers,False,2010-10-19 13:20:00,2011-11-17 14:08:00,2010-10
17398,United Kingdom,115,3,653.38,3,3,3,9,Potential Loyalists,True,2011-03-29 13:04:00,2011-08-17 09:48:00,2011-03
17400,United Kingdom,126,8,4623.28,3,5,5,13,Potential Loyalists,True,2009-12-17 15:41:00,2011-08-05 15:38:00,2009-12
17401,United Kingdom,541,1,114.85,1,2,1,4,Lost,True,2010-06-16 16:54:00,2010-06-16 16:54:00,2010-06
17402,United Kingdom,5,22,4600.5599999999995,5,5,5,15,Champions,False,2009-12-16 17:40:00,2011-12-05 10:15:00,2009-12
17403,United Kingdom,36,2,382.87,4,3,2,9,Loyal Customers,False,2010-09-15 12:29:00,2011-11-03 15:18:00,2010-09
17404,Sweden,4,21,47638.12,5,5,5,15,Champions,False,2010-01-07 11:31:00,2011-12-05 16:26:00,2010-01
17405,United Kingdom,1,3,1031.41,5,3,3,11,Loyal Customers,False,2011-07-12 14:17:00,2011-12-08 17:12:00,2011-07
17406,United Kingdom,333,13,4186.95,2,5,5,12,At Risk,True,2009-12-06 13:45:00,2011-01-10 15:07:00,2009-12
17407,United Kingdom,412,1,552.9,1,2,2,5,Lost,True,2010-10-24 11:57:00,2010-10-24 11:57:00,2010-10
17408,United Kingdom,163,3,316.09000000000003,3,3,2,8,Potential Loyalists,True,2010-07-13 14:02:00,2011-06-29 12:53:00,2010-07
17409,United Kingdom,185,10,7793.51,3,5,5,13,Potential Loyalists,True,2009-12-11 12:17:00,2011-06-08 10:36:00,2009-12
17410,United Kingdom,16,5,1214.72,5,4,4,13,Champions,False,2011-05-08 15:21:00,2011-11-23 15:46:00,2011-05
17411,United Kingdom,12,5,1425.38,5,4,4,13,Champions,False,2009-12-03 12:02:00,2011-11-27 14:25:00,2009-12
17412,United Kingdom,3,16,4220.22,5,5,5,15,Champions,False,2009-12-02 13:51:00,2011-12-07 11:36:00,2009-12
17413,United Kingdom,405,2,560.14,2,3,2,7,At Risk,True,2010-05-19 11:11:00,2010-10-31 12:33:00,2010-05
17414,United Kingdom,44,6,2249.52,4,4,4,12,Champions,False,2009-12-03 16:49:00,2011-10-27 12:13:00,2009-12
17415,United Kingdom,80,1,507.84,3,2,2,7,Needs Attention,False,2011-09-21 12:50:00,2011-09-21 12:50:00,2011-09
17416,United Kingdom,30,22,17298.45,4,5,5,14,Champions,False,2009-12-14 16:29:00,2011-11-10 12:47:00,2009-12
17417,United Kingdom,549,1,164.18,1,2,1,4,Lost,True,2010-06-09 10:00:00,2010-06-09 10:00:00,2010-06
17418,United Kingdom,42,3,670.0600000000001,4,3,3,10,Loyal Customers,False,2010-11-17 13:42:00,2011-10-28 13:00:00,2010-11
17419,United Kingdom,11,18,6126.25,5,5,5,15,Champions,False,2010-01-25 13:19:00,2011-11-28 13:47:00,2010-01
17420,United Kingdom,50,6,953.58,4,4,3,11,Loyal Customers,False,2010-11-03 13:09:00,2011-10-20 14:52:00,2010-11
17421,United Kingdom,386,3,1059.41,2,3,3,8,At Risk,True,2009-12-04 15:43:00,2010-11-18 16:57:00,2009-12
17422,United Kingdom,16,11,3594.76,5,5,5,15,Champions,False,2010-06-23 10:19:00,2011-11-23 13:27:00,2010-06
17423,United Kingdom,46,3,1118.95,4,3,3,10,Loyal Customers,False,2010-11-11 12:26:00,2011-10-24 13:36:00,2010-11
17425,United Kingdom,19,2,759.1700000000001,5,3,3,11,Loyal Customers,False,2011-10-10 11:37:00,2011-11-20 15:30:00,2011-10
17426,United Kingdom,8,13,8077.77,5,5,5,15,Champions,False,2010-02-17 13:39:00,2011-12-01 18:07:00,2010-02
17427,United Kingdom,72,1,100.8,3,2,1,6,Needs Attention,False,2011-09-29 11:29:00,2011-09-29 11:29:00,2011-09
17428,United Kingdom,1,45,31466.760000000002,5,5,5,15,Champions,False,2009-12-01 17:28:00,2011-12-09 09:45:00,2009-12
17429,United Kingdom,128,5,1357.46,3,4,4,11,Potential Loyalists,True,2010-10-06 12:30:00,2011-08-03 13:22:00,2010-10
17430,United Kingdom,33,4,622.57,4,4,3,11,Loyal Customers,False,2010-08-17 11:52:00,2011-11-07 09:24:00,2010-08
17431,United Kingdom,313,1,403.3,2,2,2,6,Lost,True,2011-01-30 14:36:00,2011-01-30 14:36:00,2011-01
17432,United Kingdom,18,9,1728.99,5,5,4,14,Champions,False,2009-12-03 19:13:00,2011-11-21 17:33:00,2009-12
17433,United Kingdom,88,2,569.96,3,3,2,8,Potential Loyalists,False,2010-11-19 13:37:00,2011-09-12 14:24:00,2010-11
17434,United Kingdom,2,7,2373.82,5,4,4,13,Champions,False,2011-09-15 13:54:00,2011-12-07 13:16:00,2011-09
17435,United Kingdom,411,1,331.35,1,2,2,5,Lost,True,2010-10-24 13:55:00,2010-10-24 13:55:00,2010-10
17436,United Kingdom,2,5,534.0600000000001,5,4,2,11,Loyal Customers,False,2009-12-07 12:31:00,2011-12-08 12:30:00,2009-12
17437,United Kingdom,530,1,369.68,1,2,2,5,Lost,True,2010-06-28 11:11:00,2010-06-28 11:11:00,2010-06
17438,United Kingdom,254,5,1422.77,2,4,4,10,At Risk,True,2010-03-08 16:53:00,2011-03-31 10:26:00,2010-03
17439,United Kingdom,656,1,325.74,1,2,2,5,Lost,True,2010-02-22 12:48:00,2010-02-22 12:48:00,2010-02
17440,United Kingdom,157,4,323.58,3,4,2,9,Potential Loyalists,True,2010-06-08 14:40:00,2011-07-06 11:54:00,2010-06
17441,United Kingdom,732,1,293.35,1,2,2,5,Lost,True,2009-12-07 13:32:00,2009-12-07 13:32:00,2009-12
17442,United Kingdom,37,15,4620.3,4,5,5,14,Champions,False,2010-02-15 15:54:00,2011-11-03 09:17:00,2010-02
17443,Canada,220,1,534.24,2,2,2,6,Lost,True,2011-05-04 10:47:00,2011-05-04 10:47:00,2011-05
17444,Canada,152,2,2389.1,3,3,4,10,Potential Loyalists,True,2011-06-20 09:04:00,2011-07-11 10:33:00,2011-06
17446,United Kingdom,177,2,120.89999999999999,3,3,1,7,Potential Loyalists,True,2011-02-02 14:40:00,2011-06-16 10:42:00,2011-02
17447,United Kingdom,40,2,541.53,4,3,2,9,Loyal Customers,False,2011-09-29 10:10:00,2011-10-30 14:18:00,2011-09
17448,United Kingdom,529,41,14448.67,1,5,5,11,At Risk,True,2010-03-04 17:29:00,2010-06-28 13:58:00,2010-03
17449,United Kingdom,2,13,4865.15,5,5,5,15,Champions,False,2009-12-09 14:16:00,2011-12-07 16:56:00,2009-12
17450,United Kingdom,8,51,244784.25,5,5,5,15,Champions,False,2010-09-27 16:59:00,2011-12-01 13:29:00,2010-09
17451,United Kingdom,1,7,1721.4,5,4,4,13,Champions,False,2011-08-26 11:54:00,2011-12-08 15:02:00,2011-08
17453,United Kingdom,18,2,486.72,5,3,2,10,Loyal Customers,False,2011-10-06 17:02:00,2011-11-22 09:42:00,2011-10
17454,United Kingdom,192,10,1547.94,2,5,4,11,At Risk,True,2010-01-15 15:40:00,2011-05-31 13:58:00,2010-01
17455,United Kingdom,204,1,131.7,2,2,1,5,Lost,True,2011-05-20 12:31:00,2011-05-20 12:31:00,2011-05
17456,United Kingdom,365,2,975.5600000000001,2,3,3,8,At Risk,True,2010-09-09 15:28:00,2010-12-09 15:23:00,2010-09
17457,United Kingdom,127,14,5984.81,3,5,5,13,Potential Loyalists,True,2009-12-07 14:52:00,2011-08-05 12:48:00,2009-12
17458,United Kingdom,15,2,529.58,5,3,2,10,Loyal Customers,False,2010-11-23 11:43:00,2011-11-24 13:01:00,2010-11
17459,United Kingdom,43,2,657.3,4,3,3,10,Loyal Customers,False,2011-10-10 17:00:00,2011-10-27 13:25:00,2011-10
17460,United Kingdom,94,16,2157.9700000000003,3,5,4,12,Potential Loyalists,True,2010-01-22 13:25:00,2011-09-06 15:04:00,2010-01
17461,United Kingdom,23,3,735.82,4,3,3,10,Loyal Customers,False,2011-11-10 12:01:00,2011-11-17 10:21:00,2011-11
17462,United Kingdom,60,2,675.69,3,3,3,9,Potential Loyalists,False,2011-02-28 17:01:00,2011-10-10 13:56:00,2011-02
17463,United Kingdom,16,7,2535.26,5,4,4,13,Champions,False,2010-04-29 17:57:00,2011-11-23 13:40:00,2010-04
17464,United Kingdom,158,3,907.1400000000001,3,3,3,9,Potential Loyalists,True,2010-03-30 13:15:00,2011-07-04 13:19:00,2010-03
17465,United Kingdom,426,7,2542.79,1,4,4,9,At Risk,True,2009-12-03 13:25:00,2010-10-10 11:56:00,2009-12
17466,United Kingdom,10,2,763.28,5,3,3,11,Loyal Customers,False,2011-09-22 09:16:00,2011-11-29 13:15:00,2011-09
17467,United Kingdom,395,1,102.6,2,2,1,5,Lost,True,2010-11-09 12:58:00,2010-11-09 12:58:00,2010-11
17468,United Kingdom,10,3,194.8,5,3,1,9,Loyal Customers,False,2010-11-29 17:25:00,2011-11-29 15:33:00,2010-11
17469,United Kingdom,16,17,5051.25,5,5,5,15,Champions,False,2009-12-16 15:06:00,2011-11-23 13:15:00,2009-12
17470,United Kingdom,45,11,2626.47,4,5,4,13,Champions,False,2010-07-19 16:16:00,2011-10-26 12:42:00,2010-07
17471,United Kingdom,475,1,321.65000000000003,1,2,2,5,Lost,True,2010-08-22 11:53:00,2010-08-22 11:53:00,2010-08
17472,United Kingdom,191,4,922.35,2,4,3,9,At Risk,True,2010-03-21 13:27:00,2011-06-01 14:57:00,2010-03
17473,United Kingdom,409,2,607.0,2,3,3,8,At Risk,True,2010-09-09 19:03:00,2010-10-27 11:45:00,2010-09
17474,United Kingdom,600,1,1047.0,1,2,3,6,Lost,True,2010-04-19 10:43:00,2010-04-19 10:43:00,2010-04
17475,United Kingdom,79,1,194.37,3,2,1,6,Needs Attention,False,2011-09-21 14:55:00,2011-09-21 14:55:00,2011-09
17476,United Kingdom,396,2,489.86,2,3,2,7,At Risk,True,2009-12-02 12:09:00,2010-11-09 10:21:00,2009-12
17477,United Kingdom,613,2,1144.3,1,3,3,7,At Risk,True,2010-03-02 11:53:00,2010-04-06 10:06:00,2010-03
17478,United Kingdom,408,2,1272.8000000000002,2,3,4,9,At Risk,True,2010-03-16 14:19:00,2010-10-27 15:01:00,2010-03
17479,United Kingdom,633,1,389.26000000000005,1,2,2,5,Lost,True,2010-03-17 09:26:00,2010-03-17 09:26:00,2010-03
17480,United Kingdom,78,2,882.23,3,3,3,9,Potential Loyalists,False,2010-09-21 12:31:00,2011-09-23 11:39:00,2010-09
17481,United Kingdom,4,4,1255.59,5,4,4,13,Champions,False,2011-09-07 09:57:00,2011-12-06 12:28:00,2011-09
17482,United Kingdom,487,2,775.64,1,3,3,7,At Risk,True,2010-05-10 14:10:00,2010-08-09 15:33:00,2010-05
17483,United Kingdom,65,4,591.73,3,4,2,9,Potential Loyalists,False,2010-10-21 12:43:00,2011-10-05 13:10:00,2010-10
17484,United Kingdom,576,2,209.57,1,3,1,5,At Risk,True,2010-03-25 16:17:00,2010-05-12 15:41:00,2010-03
17486,United Kingdom,261,1,396.87,2,2,2,6,Lost,True,2011-03-23 14:00:00,2011-03-23 14:00:00,2011-03
17487,United Kingdom,728,1,160.55,1,2,1,4,Lost,True,2009-12-11 15:06:00,2009-12-11 15:06:00,2009-12
17488,United Kingdom,641,1,336.5,1,2,2,5,Lost,True,2010-03-08 14:07:00,2010-03-08 14:07:00,2010-03
17489,United Kingdom,59,2,376.64,4,3,2,9,Loyal Customers,False,2011-05-11 11:34:00,2011-10-12 08:56:00,2011-05
17490,United Kingdom,1,9,2750.5,5,5,4,14,Champions,False,2010-05-19 12:40:00,2011-12-09 09:08:00,2010-05
17491,United Kingdom,1,17,5653.67,5,5,5,15,Champions,False,2010-04-28 11:57:00,2011-12-08 16:18:00,2010-04
17492,United Kingdom,248,3,1122.42,2,3,3,8,At Risk,True,2010-07-09 13:27:00,2011-04-05 15:21:00,2010-07
17493,United Kingdom,385,1,100.91,2,2,1,5,Lost,True,2010-11-19 16:57:00,2010-11-19 16:57:00,2010-11
17494,United Kingdom,502,1,54.7,1,2,1,4,Lost,True,2010-07-26 10:06:00,2010-07-26 10:06:00,2010-07
17495,United Kingdom,8,3,806.72,5,3,3,11,Loyal Customers,False,2010-11-14 11:50:00,2011-12-02 12:08:00,2010-11
17496,United Kingdom,359,4,1412.89,2,4,4,10,At Risk,True,2010-01-14 13:36:00,2010-12-16 08:39:00,2010-01
17497,United Kingdom,390,2,287.25,2,3,2,7,At Risk,True,2010-04-08 08:01:00,2010-11-14 14:17:00,2010-04
17498,United Kingdom,76,1,272.21999999999997,3,2,1,6,Needs Attention,False,2011-09-25 12:25:00,2011-09-25 12:25:00,2011-09
17499,United Kingdom,290,2,1341.3899999999999,2,3,4,9,At Risk,True,2010-05-27 09:59:00,2011-02-23 09:14:00,2010-05
17500,United Kingdom,17,3,1138.0,5,3,3,11,Loyal Customers,False,2011-11-10 09:08:00,2011-11-22 14:25:00,2011-11
17501,United Kingdom,221,2,288.6,2,3,2,7,At Risk,True,2011-05-03 09:46:00,2011-05-03 09:47:00,2011-05
17502,United Kingdom,9,4,689.1,5,4,3,12,Loyal Customers,False,2011-11-10 16:39:00,2011-11-30 13:13:00,2011-11
17503,United Kingdom,3,2,558.96,5,3,2,10,Loyal Customers,False,2011-11-01 11:12:00,2011-12-07 09:18:00,2011-11
17504,United Kingdom,206,18,9490.17,2,5,5,12,At Risk,True,2010-02-08 09:22:00,2011-05-17 12:59:00,2010-02
17505,United Kingdom,162,5,2435.48,3,4,4,11,Potential Loyalists,True,2010-04-13 16:33:00,2011-07-01 12:50:00,2010-04
17506,United Kingdom,76,1,302.2,3,2,2,7,Needs Attention,False,2011-09-25 11:39:00,2011-09-25 11:39:00,2011-09
17507,United Kingdom,262,2,605.58,2,3,3,8,At Risk,True,2011-02-03 18:08:00,2011-03-23 11:48:00,2011-02
17508,Greece,281,8,4579.23,2,5,5,12,At Risk,True,2009-12-07 11:46:00,2011-03-04 08:10:00,2009-12
17509,United Kingdom,58,8,6083.64,4,5,5,14,Champions,False,2011-10-07 13:14:00,2011-10-13 10:26:00,2011-10
17510,United Kingdom,25,2,514.56,4,3,2,9,Loyal Customers,False,2010-10-15 10:20:00,2011-11-15 10:00:00,2010-10
17511,United Kingdom,3,60,172132.87,5,5,5,15,Champions,False,2009-12-02 10:52:00,2011-12-07 10:12:00,2009-12
17512,United Kingdom,29,18,5467.820000000001,4,5,5,14,Champions,False,2009-12-10 19:35:00,2011-11-11 12:11:00,2009-12
17513,United Kingdom,72,3,1158.8,3,3,3,9,Potential Loyalists,False,2010-08-17 15:08:00,2011-09-28 16:42:00,2010-08
17514,United Kingdom,128,2,522.0,3,3,2,8,Potential Loyalists,True,2010-02-08 14:00:00,2011-08-03 15:45:00,2010-02
17515,United Kingdom,31,9,1602.51,4,5,4,13,Champions,False,2010-06-07 13:29:00,2011-11-08 14:04:00,2010-06
17516,United Kingdom,15,6,947.5,5,4,3,12,Loyal Customers,False,2010-11-26 12:50:00,2011-11-24 16:51:00,2010-11
17517,United Kingdom,309,1,153.94,2,2,1,5,Lost,True,2011-02-04 11:48:00,2011-02-04 11:48:00,2011-02
17518,United Kingdom,426,2,329.42,1,3,2,6,At Risk,True,2010-03-28 13:31:00,2010-10-10 12:40:00,2010-03
17519,United Kingdom,17,15,4774.17,5,5,5,15,Champions,False,2009-12-01 09:57:00,2011-11-22 16:43:00,2009-12
17520,United Kingdom,54,1,546.81,4,2,2,8,New Customers,False,2011-10-17 12:04:00,2011-10-17 12:04:00,2011-10
17521,United Kingdom,30,5,1278.06,4,4,4,12,Champions,False,2010-10-01 11:49:00,2011-11-10 11:22:00,2010-10
17522,United Kingdom,2,5,1066.15,5,4,3,12,Loyal Customers,False,2011-05-05 16:31:00,2011-12-08 12:31:00,2011-05
17523,United Kingdom,11,4,652.74,5,4,3,12,Loyal Customers,False,2011-11-20 13:40:00,2011-11-28 13:20:00,2011-11
17524,United Kingdom,361,3,539.14,2,3,2,7,At Risk,True,2010-09-27 16:20:00,2010-12-13 14:32:00,2010-09
17525,United Kingdom,360,3,1161.9,2,3,3,8,At Risk,True,2010-10-07 09:12:00,2010-12-15 12:05:00,2010-10
17526,United Kingdom,5,12,3939.24,5,5,5,15,Champions,False,2009-12-17 16:18:00,2011-12-05 11:05:00,2009-12
17527,United Kingdom,54,4,939.37,4,4,3,11,Loyal Customers,False,2011-05-05 13:43:00,2011-10-17 12:32:00,2011-05
17528,United Kingdom,1,8,3628.5,5,5,5,15,Champions,False,2011-09-29 13:04:00,2011-12-08 13:27:00,2011-09
17529,United Kingdom,610,2,1240.25,1,3,4,8,At Risk,True,2010-01-11 12:29:00,2010-04-08 17:51:00,2010-01
17530,United Kingdom,1,12,2787.1,5,5,4,14,Champions,False,2009-12-06 16:17:00,2011-12-08 18:42:00,2009-12
17531,United Kingdom,190,3,1266.82,2,3,4,9,At Risk,True,2010-03-31 12:57:00,2011-06-02 19:17:00,2010-03
17532,United Kingdom,386,1,65.34,2,2,1,5,Lost,True,2010-11-19 08:13:00,2010-11-19 08:13:00,2010-11
17533,United Kingdom,435,1,34.8,1,2,1,4,Lost,True,2010-10-01 09:14:00,2010-10-01 09:14:00,2010-10
17534,United Kingdom,54,5,1668.83,4,4,4,12,Champions,False,2010-02-25 16:55:00,2011-10-17 12:47:00,2010-02
17535,United Kingdom,280,1,164.4,2,2,1,5,Lost,True,2011-03-04 15:20:00,2011-03-04 15:20:00,2011-03
17536,United Kingdom,177,3,364.83,3,3,2,8,Potential Loyalists,True,2010-01-26 12:00:00,2011-06-15 13:23:00,2010-01
17537,United Kingdom,30,2,887.6700000000001,4,3,3,10,Loyal Customers,False,2011-02-09 13:37:00,2011-11-10 10:56:00,2011-02
17538,United Kingdom,26,1,98.42,4,2,1,7,New Customers,False,2011-11-14 12:12:00,2011-11-14 12:12:00,2011-11
17539,United Kingdom,628,3,1161.84,1,3,3,7,At Risk,True,2009-12-13 12:36:00,2010-03-21 15:23:00,2009-12
17540,United Kingdom,25,6,1590.6000000000001,4,4,4,12,Champions,False,2010-04-19 09:47:00,2011-11-15 11:56:00,2010-04
17541,United Kingdom,510,1,119.86,1,2,1,4,Lost,True,2010-07-18 11:36:00,2010-07-18 11:36:00,2010-07
17542,United Kingdom,270,3,340.85,2,3,2,7,At Risk,True,2010-03-08 12:08:00,2011-03-15 11:45:00,2010-03
17543,United Kingdom,550,1,120.05,1,2,1,4,Lost,True,2010-06-08 12:41:00,2010-06-08 12:41:00,2010-06
17544,United Kingdom,390,3,944.82,2,3,3,8,At Risk,True,2010-11-14 14:47:00,2010-11-14 15:08:00,2010-11
17545,United Kingdom,43,6,1409.8600000000001,4,4,4,12,Champions,False,2010-05-11 10:04:00,2011-10-27 14:04:00,2010-05
17547,United Kingdom,376,2,727.85,2,3,3,8,At Risk,True,2010-02-12 14:34:00,2010-11-29 09:41:00,2010-02
17548,United Kingdom,234,4,731.26,2,4,3,9,At Risk,True,2010-11-08 16:19:00,2011-04-20 12:01:00,2010-11
17549,United Kingdom,24,2,148.86,4,3,1,8,Loyal Customers,False,2011-10-19 10:05:00,2011-11-16 09:59:00,2011-10
17550,United Kingdom,197,9,2506.64,2,5,4,11,At Risk,True,2010-02-07 15:07:00,2011-05-26 14:09:00,2010-02
17551,United Kingdom,359,1,290.34,2,2,2,6,Lost,True,2010-12-15 14:12:00,2010-12-15 14:12:00,2010-12
17552,United Kingdom,60,12,2786.77,3,5,4,12,Potential Loyalists,False,2010-03-22 09:19:00,2011-10-10 17:00:00,2010-03
17553,United Kingdom,130,4,3757.6,3,4,5,12,Potential Loyalists,True,2010-04-08 09:44:00,2011-08-02 10:00:00,2010-04
17554,United Kingdom,1,5,1952.45,5,4,4,13,Champions,False,2011-07-14 20:01:00,2011-12-08 14:15:00,2011-07
17555,United Kingdom,20,5,1045.74,4,4,3,11,Loyal Customers,False,2010-05-02 16:02:00,2011-11-20 12:22:00,2010-05
17556,United Kingdom,206,2,300.67,2,3,2,7,At Risk,True,2010-11-25 17:00:00,2011-05-18 10:48:00,2010-11
17557,United Kingdom,14,4,575.46,5,4,2,11,Loyal Customers,False,2009-12-07 10:15:00,2011-11-25 12:57:00,2009-12
17558,United Kingdom,393,1,259.17,2,2,1,5,Lost,True,2010-11-11 14:36:00,2010-11-11 14:36:00,2010-11
17559,United Kingdom,513,1,167.62,1,2,1,4,Lost,True,2010-07-15 12:02:00,2010-07-15 12:02:00,2010-07
17560,United Kingdom,95,8,1895.8,3,5,4,12,Potential Loyalists,True,2010-02-17 12:11:00,2011-09-06 09:18:00,2010-02
17561,United Kingdom,19,4,703.02,5,4,3,12,Loyal Customers,False,2009-12-06 13:29:00,2011-11-20 12:53:00,2009-12
17562,United Kingdom,14,7,1122.38,5,4,3,12,Loyal Customers,False,2011-06-19 13:06:00,2011-11-25 14:21:00,2011-06
17563,United Kingdom,578,2,392.38,1,3,2,6,At Risk,True,2010-04-07 10:02:00,2010-05-10 14:54:00,2010-04
17564,United Kingdom,24,3,454.01,4,3,2,9,Loyal Customers,False,2011-09-20 14:00:00,2011-11-15 13:27:00,2011-09
17565,United Kingdom,587,1,131.83,1,2,1,4,Lost,True,2010-05-02 11:54:00,2010-05-02 11:54:00,2010-05
17566,United Kingdom,8,2,869.77,5,3,3,11,Loyal Customers,False,2011-11-14 13:42:00,2011-12-01 19:54:00,2011-11
17567,United Kingdom,7,9,4838.08,5,5,5,15,Champions,False,2010-09-24 10:48:00,2011-12-02 15:48:00,2010-09
17568,United Kingdom,633,1,374.45,1,2,2,5,Lost,True,2010-03-16 16:45:00,2010-03-16 16:45:00,2010-03
17569,United Kingdom,332,1,344.14,2,2,2,6,Lost,True,2011-01-11 14:15:00,2011-01-11 14:15:00,2011-01
17571,United Kingdom,50,5,1629.66,4,4,4,12,Champions,False,2010-06-15 12:50:00,2011-10-20 15:57:00,2010-06
17572,United Kingdom,71,10,652.21,3,5,3,11,Potential Loyalists,False,2009-12-15 10:00:00,2011-09-29 17:53:00,2009-12
17573,United Kingdom,29,3,380.6,4,3,2,9,Loyal Customers,False,2011-09-07 10:36:00,2011-11-10 13:01:00,2011-09
17574,United Kingdom,243,1,185.65,2,2,1,5,Lost,True,2011-04-11 09:47:00,2011-04-11 09:47:00,2011-04
17575,United Kingdom,667,1,171.7,1,2,1,4,Lost,True,2010-02-10 13:48:00,2010-02-10 13:48:00,2010-02
17576,United Kingdom,8,41,8705.6,5,5,5,15,Champions,False,2009-12-03 16:54:00,2011-12-01 17:56:00,2009-12
17577,United Kingdom,645,2,348.75,1,3,2,6,At Risk,True,2010-02-09 10:10:00,2010-03-04 13:01:00,2010-02
17578,United Kingdom,218,7,1047.33,2,4,3,9,At Risk,True,2010-06-28 11:55:00,2011-05-05 18:38:00,2010-06
17579,United Kingdom,5,4,753.28,5,4,3,12,Loyal Customers,False,2010-05-10 14:28:00,2011-12-05 12:28:00,2010-05
17580,United Kingdom,253,5,538.07,2,4,2,8,At Risk,True,2010-10-13 14:28:00,2011-04-01 12:41:00,2010-10
17581,United Kingdom,1,43,17951.17,5,5,5,15,Champions,False,2009-12-03 12:34:00,2011-12-09 12:21:00,2009-12
17582,United Kingdom,236,5,1446.95,2,4,4,10,At Risk,True,2010-03-26 12:23:00,2011-04-17 13:18:00,2010-03
17583,United Kingdom,560,1,135.95,1,2,1,4,Lost,True,2010-05-28 14:24:00,2010-05-28 14:24:00,2010-05
17584,United Kingdom,7,6,5309.42,5,4,5,14,Champions,False,2010-01-25 08:17:00,2011-12-02 17:12:00,2010-01
17585,United Kingdom,109,7,2064.71,3,4,4,11,Potential Loyalists,True,2010-08-18 16:39:00,2011-08-22 13:30:00,2010-08
17586,United Kingdom,619,1,167.4,1,2,1,4,Lost,True,2010-03-30 13:12:00,2010-03-30 13:12:00,2010-03
17587,United Kingdom,628,1,173.76,1,2,1,4,Lost,True,2010-03-21 14:16:00,2010-03-21 14:16:00,2010-03
17588,United Kingdom,100,7,2939.55,3,4,5,12,Potential Loyalists,True,2010-03-12 12:34:00,2011-08-31 13:37:00,2010-03
17589,United Kingdom,60,18,13806.27,3,5,5,13,Potential Loyalists,False,2010-03-07 13:48:00,2011-10-10 16:58:00,2010-03
17590,United Kingdom,2,3,1466.77,5,3,4,12,Loyal Customers,False,2011-10-30 14:05:00,2011-12-07 12:55:00,2011-10
17591,United Kingdom,73,8,2339.32,3,5,4,12,Potential Loyalists,False,2010-01-17 16:09:00,2011-09-27 13:42:00,2010-01
17592,United Kingdom,739,1,148.3,1,2,1,4,Lost,True,2009-12-01 10:49:00,2009-12-01 10:49:00,2009-12
17593,United Kingdom,4,11,8092.32,5,5,5,15,Champions,False,2009-12-04 14:35:00,2011-12-06 10:30:00,2009-12
17594,United Kingdom,85,4,2497.88,3,4,4,11,Potential Loyalists,False,2010-04-14 08:53:00,2011-09-15 16:34:00,2010-04
17595,United Kingdom,12,2,386.69,5,3,2,10,Loyal Customers,False,2011-11-02 16:19:00,2011-11-27 16:08:00,2011-11
17596,United Kingdom,23,13,4491.46,4,5,5,14,Champions,False,2009-12-15 13:21:00,2011-11-16 14:11:00,2009-12
17597,United Kingdom,214,5,3484.09,2,4,5,11,At Risk,True,2010-05-05 15:33:00,2011-05-10 11:54:00,2010-05
17598,United Kingdom,381,1,409.98,2,2,2,6,Lost,True,2010-11-23 17:43:00,2010-11-23 17:43:00,2010-11
17599,United Kingdom,478,1,52.05,1,2,1,4,Lost,True,2010-08-19 12:50:00,2010-08-19 12:50:00,2010-08
17600,United Kingdom,18,1,161.67000000000002,5,2,1,8,New Customers,False,2011-11-22 09:43:00,2011-11-22 09:43:00,2011-11
17601,United Kingdom,239,2,412.65999999999997,2,3,2,7,At Risk,True,2010-11-24 14:29:00,2011-04-14 18:02:00,2010-11
17602,United Kingdom,2,14,7354.43,5,5,5,15,Champions,False,2010-03-30 17:25:00,2011-12-07 13:53:00,2010-03
17603,United Kingdom,78,4,1788.38,3,4,4,11,Potential Loyalists,False,2009-12-10 09:44:00,2011-09-22 14:18:00,2009-12
17604,United Kingdom,217,6,942.38,2,4,3,9,At Risk,True,2010-01-27 12:19:00,2011-05-06 13:43:00,2010-01
17605,United Kingdom,590,1,160.75,1,2,1,4,Lost,True,2010-04-28 14:45:00,2010-04-28 14:45:00,2010-04
17606,United Kingdom,737,1,87.30000000000001,1,2,1,4,Lost,True,2009-12-02 13:32:00,2009-12-02 13:32:00,2009-12
17607,United Kingdom,376,1,333.81,2,2,2,6,Lost,True,2010-11-28 13:11:00,2010-11-28 13:11:00,2010-11
17608,United Kingdom,33,4,488.06,4,4,2,10,Loyal Customers,False,2010-04-11 13:37:00,2011-11-06 13:06:00,2010-04
17609,United Kingdom,41,11,1875.36,4,5,4,13,Champions,False,2010-04-09 16:54:00,2011-10-30 12:28:00,2010-04
17610,United Kingdom,540,5,1511.94,1,4,4,9,At Risk,True,2009-12-06 16:07:00,2010-06-17 16:34:00,2009-12
17611,United Kingdom,7,28,8287.53,5,5,5,15,Champions,False,2009-12-01 13:29:00,2011-12-02 13:29:00,2009-12
17612,United Kingdom,53,18,5394.86,4,5,5,14,Champions,False,2009-12-17 11:59:00,2011-10-17 14:59:00,2009-12
17613,United Kingdom,23,14,4544.55,4,5,5,14,Champions,False,2011-02-07 11:20:00,2011-11-17 10:51:00,2011-02
17614,United Kingdom,57,1,386.32,4,2,2,8,New Customers,False,2011-10-13 16:01:00,2011-10-13 16:01:00,2011-10
17615,United Kingdom,130,6,721.8000000000001,3,4,3,10,Potential Loyalists,True,2010-08-11 12:54:00,2011-08-01 14:06:00,2010-08
17616,United Kingdom,174,4,734.4,3,4,3,10,Potential Loyalists,True,2010-09-14 10:43:00,2011-06-19 10:11:00,2010-09
17617,United Kingdom,559,1,385.19,1,2,2,5,Lost,True,2010-05-30 12:48:00,2010-05-30 12:48:00,2010-05
17618,United Kingdom,6,11,4001.64,5,5,5,15,Champions,False,2010-01-24 11:03:00,2011-12-04 11:50:00,2010-01
17619,United Kingdom,312,1,214.37,2,2,1,5,Lost,True,2011-01-31 14:18:00,2011-01-31 14:18:00,2011-01
17620,United Kingdom,60,1,81.44,3,2,1,6,Needs Attention,False,2011-10-11 12:08:00,2011-10-11 12:08:00,2011-10
17621,United Kingdom,21,6,3175.12,4,4,5,13,Champions,False,2010-10-04 09:37:00,2011-11-18 17:11:00,2010-10
17622,United Kingdom,598,2,1130.21,1,3,3,7,At Risk,True,2010-04-20 13:38:00,2010-04-21 12:36:00,2010-04
17623,United Kingdom,33,7,2365.77,4,4,4,12,Champions,False,2009-12-14 14:36:00,2011-11-07 11:32:00,2009-12
17624,United Kingdom,15,4,1568.63,5,4,4,13,Champions,False,2009-12-20 12:35:00,2011-11-25 10:52:00,2009-12
17625,United Kingdom,18,8,5978.9,5,5,5,15,Champions,False,2009-12-15 11:49:00,2011-11-21 13:36:00,2009-12
17626,United Kingdom,603,1,254.0,1,2,1,4,Lost,True,2010-04-16 12:15:00,2010-04-16 12:15:00,2010-04
17627,United Kingdom,479,1,296.36,1,2,2,5,Lost,True,2010-08-18 11:27:00,2010-08-18 11:27:00,2010-08
17628,United Kingdom,81,1,75.75,3,2,1,6,Needs Attention,False,2011-09-19 15:21:00,2011-09-19 15:21:00,2011-09
17629,United Kingdom,6,10,2455.52,5,5,4,14,Champions,False,2010-10-14 13:35:00,2011-12-04 10:56:00,2010-10
17630,United Kingdom,170,2,503.6,3,3,2,8,Potential Loyalists,True,2011-04-21 14:03:00,2011-06-23 11:58:00,2011-04
17631,United Kingdom,2,7,998.49,5,4,3,12,Loyal Customers,False,2009-12-09 14:15:00,2011-12-08 09:47:00,2009-12
17633,United Kingdom,31,7,2057.39,4,4,4,12,Champions,False,2010-11-15 14:55:00,2011-11-08 13:25:00,2010-11
17634,United Kingdom,36,9,2358.59,4,5,4,13,Champions,False,2011-01-06 12:45:00,2011-11-03 13:09:00,2011-01
17635,United Kingdom,424,3,1265.58,1,3,4,8,At Risk,True,2010-04-28 10:51:00,2010-10-11 15:12:00,2010-04
17636,United Kingdom,19,1,285.56,5,2,2,9,New Customers,False,2011-11-20 14:40:00,2011-11-20 14:40:00,2011-11
17637,United Kingdom,31,2,547.0600000000001,4,3,2,9,Loyal Customers,False,2011-08-16 13:25:00,2011-11-08 12:51:00,2011-08
17638,United Kingdom,647,2,842.4000000000001,1,3,3,7,At Risk,True,2009-12-18 09:58:00,2010-03-02 14:32:00,2009-12
17639,United Kingdom,276,6,615.17,2,4,3,9,At Risk,True,2010-08-13 11:59:00,2011-03-08 15:22:00,2010-08
17640,United Kingdom,87,6,3168.94,3,4,5,12,Potential Loyalists,False,2010-03-23 09:15:00,2011-09-14 09:13:00,2010-03
17642,United Kingdom,120,5,1824.49,3,4,4,11,Potential Loyalists,True,2009-12-05 16:01:00,2011-08-12 09:11:00,2009-12
17643,United Kingdom,373,2,439.7,2,3,2,7,At Risk,True,2010-07-22 13:07:00,2010-12-01 14:38:00,2010-07
17644,United Kingdom,1,20,6028.6,5,5,5,15,Champions,False,2010-02-16 08:44:00,2011-12-08 13:43:00,2010-02
17646,United Kingdom,219,12,3898.79,2,5,5,12,At Risk,True,2009-12-16 09:37:00,2011-05-04 13:17:00,2009-12
17647,United Kingdom,65,3,331.65999999999997,3,3,2,8,Potential Loyalists,False,2010-02-08 14:39:00,2011-10-05 15:38:00,2010-02
17648,United Kingdom,61,5,2216.37,3,4,4,11,Potential Loyalists,False,2010-11-19 16:41:00,2011-10-10 09:41:00,2010-11
17649,United Kingdom,138,3,1578.89,3,3,4,10,Potential Loyalists,True,2010-08-24 13:01:00,2011-07-24 15:53:00,2010-08
17650,United Kingdom,21,1,166.07999999999998,4,2,1,7,New Customers,False,2011-11-18 14:52:00,2011-11-18 14:52:00,2011-11
17651,United Kingdom,12,16,5703.52,5,5,5,15,Champions,False,2010-07-01 12:17:00,2011-11-28 10:29:00,2010-07
17652,United Kingdom,25,12,4867.72,4,5,5,14,Champions,False,2011-03-03 14:05:00,2011-11-14 12:55:00,2011-03
17653,United Kingdom,37,4,1207.56,4,4,4,12,Champions,False,2011-08-11 15:24:00,2011-11-03 12:46:00,2011-08
17654,United Kingdom,277,1,117.55,2,2,1,5,Lost,True,2011-03-07 13:17:00,2011-03-07 13:17:00,2011-03
17655,United Kingdom,11,9,2976.38,5,5,5,15,Champions,False,2010-10-19 10:20:00,2011-11-29 11:34:00,2010-10
17656,United Kingdom,73,5,1674.69,3,4,4,11,Potential Loyalists,False,2011-08-03 10:45:00,2011-09-27 13:04:00,2011-08
17657,United Kingdom,430,1,126.0,1,2,1,4,Lost,True,2010-10-05 14:52:00,2010-10-05 14:52:00,2010-10
17658,United Kingdom,26,2,595.42,4,3,2,9,Loyal Customers,False,2011-05-12 15:23:00,2011-11-14 12:07:00,2011-05
17659,United Kingdom,17,14,3586.9900000000002,5,5,5,15,Champions,False,2010-11-18 14:20:00,2011-11-22 13:29:00,2010-11
17660,United Kingdom,141,2,342.22,3,3,2,8,Potential Loyalists,True,2009-12-02 16:02:00,2011-07-21 13:37:00,2009-12
17662,United Kingdom,662,2,412.92,1,3,2,6,At Risk,True,2009-12-17 09:54:00,2010-02-16 09:38:00,2009-12
17663,United Kingdom,26,17,5175.83,4,5,5,14,Champions,False,2010-03-04 11:42:00,2011-11-14 08:56:00,2010-03
17664,United Kingdom,19,4,1166.23,5,4,3,12,Loyal Customers,False,2010-03-29 17:17:00,2011-11-21 11:29:00,2010-03
17665,United Kingdom,493,1,563.1,1,2,2,5,Lost,True,2010-08-03 13:12:00,2010-08-03 13:12:00,2010-08
17666,United Kingdom,4,5,2047.8,5,4,4,13,Champions,False,2010-06-30 12:03:00,2011-12-06 09:06:00,2010-06
17667,United Kingdom,66,9,3950.7,3,5,5,13,Potential Loyalists,False,2010-02-23 09:57:00,2011-10-04 14:32:00,2010-02
17668,United Kingdom,1,2,347.75,5,3,2,10,Loyal Customers,False,2011-11-01 14:45:00,2011-12-08 13:25:00,2011-11
17669,United Kingdom,43,10,6142.35,4,5,5,14,Champions,False,2010-04-01 18:48:00,2011-10-28 08:53:00,2010-04
17670,United Kingdom,228,1,205.7,2,2,1,5,Lost,True,2011-04-26 09:12:00,2011-04-26 09:12:00,2011-04
17671,United Kingdom,16,5,2009.16,5,4,4,13,Champions,False,2010-11-29 11:53:00,2011-11-24 12:21:00,2010-11
17672,United Kingdom,50,6,5663.74,4,4,5,13,Champions,False,2010-03-08 13:17:00,2011-10-20 14:18:00,2010-03
17673,United Kingdom,2,13,4173.88,5,5,5,15,Champions,False,2010-03-19 14:02:00,2011-12-08 12:50:00,2010-03
17674,United Kingdom,74,2,551.04,3,3,2,8,Potential Loyalists,False,2010-12-06 10:20:00,2011-09-26 13:35:00,2010-12
17675,United Kingdom,1,70,37642.48,5,5,5,15,Champions,False,2009-12-10 16:10:00,2011-12-08 18:03:00,2009-12
17676,United Kingdom,4,10,2448.64,5,5,4,14,Champions,False,2010-03-30 10:49:00,2011-12-05 15:16:00,2010-03
17677,United Kingdom,2,54,35058.46,5,5,5,15,Champions,False,2009-12-16 11:23:00,2011-12-08 09:56:00,2009-12
17678,United Kingdom,264,2,599.76,2,3,2,7,At Risk,True,2010-04-15 13:54:00,2011-03-21 11:52:00,2010-04
17679,United Kingdom,53,7,3577.61,4,4,5,13,Champions,False,2009-12-03 17:32:00,2011-10-18 07:43:00,2009-12
17680,United Kingdom,24,3,497.45000000000005,4,3,2,9,Loyal Customers,False,2010-07-16 16:07:00,2011-11-16 12:42:00,2010-07
17681,United Kingdom,597,5,731.2,1,4,3,8,At Risk,True,2010-01-15 11:53:00,2010-04-21 17:22:00,2010-01
17682,United Kingdom,10,11,4065.28,5,5,5,15,Champions,False,2010-03-08 09:49:00,2011-11-29 15:59:00,2010-03
17683,United Kingdom,386,3,819.01,2,3,3,8,At Risk,True,2010-06-03 17:15:00,2010-11-19 10:11:00,2010-06
17684,United Kingdom,44,1,239.41,4,2,1,7,New Customers,False,2011-10-27 11:10:00,2011-10-27 11:10:00,2011-10
17685,United Kingdom,17,12,5454.95,5,5,5,15,Champions,False,2010-02-11 13:44:00,2011-11-23 11:36:00,2010-02
17686,United Kingdom,7,9,8296.81,5,5,5,15,Champions,False,2010-06-24 09:49:00,2011-12-02 15:39:00,2010-06
17687,United Kingdom,421,1,432.68,1,2,2,5,Lost,True,2010-10-15 12:30:00,2010-10-15 12:30:00,2010-10
17688,United Kingdom,394,1,304.2,2,2,2,6,Lost,True,2010-11-11 10:41:00,2010-11-11 10:41:00,2010-11
17689,United Kingdom,388,2,317.08,2,3,2,7,At Risk,True,2010-08-22 13:54:00,2010-11-16 13:22:00,2010-08
17690,United Kingdom,30,20,6963.8,4,5,5,14,Champions,False,2010-02-03 14:26:00,2011-11-09 15:17:00,2010-02
17691,United Kingdom,358,4,637.55,2,4,3,9,At Risk,True,2010-06-11 11:50:00,2010-12-16 17:20:00,2010-06
17692,United Kingdom,127,12,2960.44,3,5,5,13,Potential Loyalists,True,2010-06-17 11:14:00,2011-08-04 14:01:00,2010-06
17693,United Kingdom,137,1,200.47,3,2,1,6,Needs Attention,True,2011-07-25 15:48:00,2011-07-25 15:48:00,2011-07
17694,United Kingdom,142,3,1695.97,3,3,4,10,Potential Loyalists,True,2010-05-26 08:27:00,2011-07-21 12:00:00,2010-05
17695,United Kingdom,132,5,1746.04,3,4,4,11,Potential Loyalists,True,2010-01-28 09:27:00,2011-07-31 10:40:00,2010-01
17696,United Kingdom,38,27,7679.59,4,5,5,14,Champions,False,2009-12-10 17:09:00,2011-11-01 13:43:00,2009-12
17697,United Kingdom,236,1,338.95,2,2,2,6,Lost,True,2011-04-17 15:40:00,2011-04-17 15:40:00,2011-04
17698,United Kingdom,261,1,154.95,2,2,1,5,Lost,True,2011-03-24 11:34:00,2011-03-24 11:34:00,2011-03
17699,United Kingdom,477,2,442.0,1,3,2,6,At Risk,True,2010-05-27 11:53:00,2010-08-20 09:39:00,2010-05
17700,United Kingdom,17,14,6679.97,5,5,5,15,Champions,False,2009-12-01 11:37:00,2011-11-23 11:51:00,2009-12
17701,United Kingdom,253,1,417.95,2,2,2,6,Lost,True,2011-04-01 12:25:00,2011-04-01 12:25:00,2011-04
17702,United Kingdom,30,6,3144.04,4,4,5,13,Champions,False,2010-11-04 12:09:00,2011-11-09 16:03:00,2010-11
17703,United Kingdom,35,4,1094.84,4,4,3,11,Loyal Customers,False,2010-10-17 16:16:00,2011-11-04 15:51:00,2010-10
17704,United Kingdom,169,2,885.19,3,3,3,9,Potential Loyalists,True,2011-04-14 09:28:00,2011-06-24 09:40:00,2011-04
17705,United Kingdom,3,11,2083.9,5,5,4,14,Champions,False,2010-05-12 09:47:00,2011-12-06 13:45:00,2010-05
17706,United Kingdom,4,31,20272.15,5,5,5,15,Champions,False,2010-01-19 12:13:00,2011-12-05 13:34:00,2010-01
17707,United Kingdom,185,8,609.3,3,5,3,11,Potential Loyalists,True,2009-12-07 12:19:00,2011-06-07 15:03:00,2009-12
17708,United Kingdom,188,4,884.1800000000001,2,4,3,9,At Risk,True,2010-10-12 12:13:00,2011-06-05 10:12:00,2010-10
17709,United Kingdom,170,5,671.01,3,4,3,10,Potential Loyalists,True,2010-04-15 14:48:00,2011-06-23 11:55:00,2010-04
17710,United Kingdom,424,1,293.5,1,2,2,5,Lost,True,2010-10-12 07:49:00,2010-10-12 07:49:00,2010-10
17711,United Kingdom,11,2,385.1,5,3,2,10,Loyal Customers,False,2011-02-23 11:32:00,2011-11-29 11:40:00,2011-02
17712,United Kingdom,45,1,522.91,4,2,2,8,New Customers,False,2011-10-26 12:28:00,2011-10-26 12:28:00,2011-10
17713,United Kingdom,382,4,1198.09,2,4,3,9,At Risk,True,2010-06-09 09:33:00,2010-11-22 16:50:00,2010-06
17714,United Kingdom,321,5,1410.18,2,4,4,10,At Risk,True,2010-07-14 10:41:00,2011-01-23 10:32:00,2010-07
17715,United Kingdom,201,2,489.59999999999997,2,3,2,7,At Risk,True,2010-04-26 12:17:00,2011-05-23 12:32:00,2010-04
17716,United Kingdom,23,24,15956.970000000001,4,5,5,14,Champions,False,2009-12-02 17:18:00,2011-11-17 12:00:00,2009-12
17717,United Kingdom,421,1,376.92,1,2,2,5,Lost,True,2010-10-14 12:54:00,2010-10-14 12:54:00,2010-10
17718,United Kingdom,232,2,439.18,2,3,2,7,At Risk,True,2010-03-05 08:01:00,2011-04-21 13:39:00,2010-03
17719,United Kingdom,38,15,5396.04,4,5,5,14,Champions,False,2011-03-29 11:29:00,2011-11-02 10:36:00,2011-03
17720,United Kingdom,26,10,2666.91,4,5,4,13,Champions,False,2010-05-10 09:58:00,2011-11-13 15:04:00,2010-05
17721,United Kingdom,659,1,307.21000000000004,1,2,2,5,Lost,True,2010-02-18 15:18:00,2010-02-18 15:18:00,2010-02
17722,United Kingdom,96,5,3520.2200000000003,3,4,5,12,Potential Loyalists,True,2010-11-29 09:44:00,2011-09-04 15:22:00,2010-11
17723,United Kingdom,127,7,3378.4000000000005,3,4,5,12,Potential Loyalists,True,2010-11-29 10:35:00,2011-08-04 18:37:00,2010-11
17724,United Kingdom,71,3,1033.0,3,3,3,9,Potential Loyalists,False,2011-07-24 13:26:00,2011-09-29 15:26:00,2011-07
17725,United Kingdom,16,11,3439.08,5,5,5,15,Champions,False,2011-03-17 19:47:00,2011-11-23 16:34:00,2011-03
17726,United Kingdom,395,7,1092.06,2,4,3,9,At Risk,True,2010-01-26 14:58:00,2010-11-09 13:37:00,2010-01
17727,United Kingdom,15,1,1060.25,5,2,3,10,New Customers,False,2011-11-24 17:06:00,2011-11-24 17:06:00,2011-11
17728,United Kingdom,4,5,4238.76,5,4,5,14,Champions,False,2010-09-12 14:58:00,2011-12-06 08:52:00,2010-09
17729,United Kingdom,596,1,438.65000000000003,1,2,2,5,Lost,True,2010-04-22 15:03:00,2010-04-22 15:03:00,2010-04
17730,United Kingdom,3,20,7773.8,5,5,5,15,Champions,False,2010-04-29 11:48:00,2011-12-06 15:43:00,2010-04
17731,United Kingdom,79,6,1708.99,3,4,4,11,Potential Loyalists,False,2010-02-09 12:37:00,2011-09-21 15:02:00,2010-02
17732,United Kingdom,373,8,2166.42,2,5,4,11,At Risk,True,2010-08-09 08:41:00,2010-12-02 09:29:00,2010-08
17733,United Kingdom,39,2,692.19,4,3,3,10,Loyal Customers,False,2011-03-23 09:54:00,2011-11-01 08:16:00,2011-03
17734,United Kingdom,54,6,1442.32,4,4,4,12,Champions,False,2010-03-07 13:55:00,2011-10-17 12:33:00,2010-03
17735,United Kingdom,2,26,16790.33,5,5,5,15,Champions,False,2010-07-30 13:25:00,2011-12-07 16:47:00,2010-07
17736,United Kingdom,9,3,377.44,5,3,2,10,Loyal Customers,False,2011-08-18 14:33:00,2011-11-30 15:36:00,2011-08
17737,United Kingdom,9,2,168.24,5,3,1,9,Loyal Customers,False,2011-10-12 14:42:00,2011-11-30 15:16:00,2011-10
17738,United Kingdom,19,13,4183.56,5,5,5,15,Champions,False,2010-03-19 10:07:00,2011-11-20 15:05:00,2010-03
17739,United Kingdom,12,18,7730.59,5,5,5,15,Champions,False,2009-12-07 10:48:00,2011-11-28 09:12:00,2009-12
17740,United Kingdom,389,6,426.90000000000003,2,4,2,8,At Risk,True,2010-01-11 13:11:00,2010-11-15 16:33:00,2010-01
17741,United Kingdom,407,2,101.1,2,3,1,6,At Risk,True,2010-05-28 12:11:00,2010-10-29 11:59:00,2010-05
17742,United Kingdom,113,11,2098.48,3,5,4,12,Potential Loyalists,True,2009-12-01 13:16:00,2011-08-18 15:28:00,2009-12
17743,United Kingdom,448,1,229.2,1,2,1,4,Lost,True,2010-09-17 14:54:00,2010-09-17 14:54:00,2010-09
17744,United Kingdom,4,7,2649.14,5,4,4,13,Champions,False,2010-11-24 09:34:00,2011-12-06 12:11:00,2010-11
17745,United Kingdom,478,2,600.34,1,3,2,6,At Risk,True,2010-06-02 09:03:00,2010-08-19 12:30:00,2010-06
17746,United Kingdom,240,4,904.1800000000001,2,4,3,9,At Risk,True,2010-04-08 12:54:00,2011-04-13 14:31:00,2010-04
17747,United Kingdom,113,1,71.4,3,2,1,6,Needs Attention,True,2011-08-19 08:13:00,2011-08-19 08:13:00,2011-08
17748,United Kingdom,527,1,358.15,1,2,2,5,Lost,True,2010-06-30 13:49:00,2010-06-30 13:49:00,2010-06
17749,United Kingdom,178,3,1026.18,3,3,3,9,Potential Loyalists,True,2010-06-11 14:56:00,2011-06-14 15:45:00,2010-06
17750,United Kingdom,5,9,1694.16,5,5,4,14,Champions,False,2011-06-28 15:44:00,2011-12-04 14:09:00,2011-06
17751,United Kingdom,421,1,157.85999999999999,1,2,1,4,Lost,True,2010-10-14 13:57:00,2010-10-14 13:57:00,2010-10
17752,United Kingdom,359,1,80.64,2,2,1,5,Lost,True,2010-12-15 16:19:00,2010-12-15 16:19:00,2010-12
17753,United Kingdom,464,4,382.06,1,4,2,7,At Risk,True,2010-01-06 14:20:00,2010-09-01 15:49:00,2010-01
17754,United Kingdom,1,13,4451.22,5,5,5,15,Champions,False,2009-12-11 15:52:00,2011-12-09 11:20:00,2009-12
17756,United Kingdom,376,3,728.75,2,3,3,8,At Risk,True,2010-11-10 12:54:00,2010-11-29 12:20:00,2010-11
17757,United Kingdom,1,56,9070.1,5,5,5,15,Champions,False,2010-01-13 15:56:00,2011-12-08 15:31:00,2010-01
17758,United Kingdom,19,12,4964.03,5,5,5,15,Champions,False,2010-05-20 13:18:00,2011-11-20 14:45:00,2010-05
17759,United Kingdom,17,5,1260.63,5,4,4,13,Champions,False,2010-05-05 11:40:00,2011-11-22 16:02:00,2010-05
17760,United Kingdom,22,6,746.39,4,4,3,11,Loyal Customers,False,2010-02-28 12:15:00,2011-11-18 10:56:00,2010-02
17761,United Kingdom,33,1,712.78,4,2,3,9,New Customers,False,2011-11-07 10:23:00,2011-11-07 10:23:00,2011-11
17762,United Kingdom,456,1,129.75,1,2,1,4,Lost,True,2010-09-09 17:40:00,2010-09-09 17:40:00,2010-09
17763,United Kingdom,263,4,86.15,2,4,1,7,At Risk,True,2010-02-18 14:32:00,2011-03-21 14:25:00,2010-02
17764,United Kingdom,51,5,1513.57,4,4,4,12,Champions,False,2009-12-03 14:28:00,2011-10-20 11:03:00,2009-12
17765,United Kingdom,159,4,524.0,3,4,2,9,Potential Loyalists,True,2010-09-17 12:45:00,2011-07-04 12:41:00,2010-09
17766,United Kingdom,381,2,299.61,2,3,2,7,At Risk,True,2010-11-23 14:17:00,2010-11-23 14:29:00,2010-11
17767,United Kingdom,15,2,413.05,5,3,2,10,Loyal Customers,False,2010-10-25 16:22:00,2011-11-24 14:42:00,2010-10
17768,United Kingdom,8,7,3292.73,5,4,5,14,Champions,False,2009-12-02 12:26:00,2011-12-01 13:22:00,2009-12
17769,United Kingdom,13,17,7053.38,5,5,5,15,Champions,False,2010-01-19 11:33:00,2011-11-27 11:18:00,2010-01
17770,United Kingdom,199,5,1143.27,2,4,3,9,At Risk,True,2011-03-02 13:35:00,2011-05-25 12:34:00,2011-03
17771,United Kingdom,57,4,386.93,4,4,2,10,Loyal Customers,False,2010-04-29 13:21:00,2011-10-14 11:43:00,2010-04
17772,United Kingdom,11,3,360.75,5,3,2,10,Loyal Customers,False,2010-11-12 11:31:00,2011-11-29 11:05:00,2010-11
17773,United Kingdom,514,2,575.37,1,3,2,6,At Risk,True,2010-01-18 14:32:00,2010-07-13 14:07:00,2010-01
17774,United Kingdom,97,9,3272.83,3,5,5,13,Potential Loyalists,True,2010-02-08 16:06:00,2011-09-04 12:49:00,2010-02
17775,United Kingdom,255,1,56.4,2,2,1,5,Lost,True,2011-03-30 10:50:00,2011-03-30 10:50:00,2011-03
17776,United Kingdom,387,2,329.3,2,3,2,7,At Risk,True,2009-12-16 14:59:00,2010-11-18 12:14:00,2009-12
17777,United Kingdom,25,3,647.56,4,3,3,10,Loyal Customers,False,2011-08-31 14:35:00,2011-11-15 12:02:00,2011-08
17778,United Kingdom,662,1,197.70000000000002,1,2,1,4,Lost,True,2010-02-16 12:44:00,2010-02-16 12:44:00,2010-02
17779,United Kingdom,21,3,650.32,4,3,3,10,Loyal Customers,False,2011-07-19 12:19:00,2011-11-18 14:15:00,2011-07
17780,United Kingdom,667,3,346.56,1,3,2,6,At Risk,True,2010-01-24 11:21:00,2010-02-10 13:43:00,2010-01
17781,United Kingdom,159,2,188.02,3,3,1,7,Potential Loyalists,True,2011-03-31 19:54:00,2011-07-03 16:00:00,2011-03
17782,United Kingdom,383,2,679.02,2,3,3,8,At Risk,True,2010-11-22 10:03:00,2010-11-22 11:15:00,2010-11
17783,United Kingdom,72,3,376.96,3,3,2,8,Potential Loyalists,False,2010-07-15 12:50:00,2011-09-28 16:07:00,2010-07
17784,United Kingdom,550,1,112.86,1,2,1,4,Lost,True,2010-06-07 16:08:00,2010-06-07 16:08:00,2010-06
17785,United Kingdom,53,3,403.38,4,3,2,9,Loyal Customers,False,2010-05-23 13:01:00,2011-10-17 13:43:00,2010-05
17786,United Kingdom,85,2,266.85,3,3,1,7,Potential Loyalists,False,2011-01-26 14:35:00,2011-09-15 12:51:00,2011-01
17787,United Kingdom,153,4,1817.54,3,4,4,11,Potential Loyalists,True,2010-12-03 13:43:00,2011-07-10 11:24:00,2010-12
17788,United Kingdom,74,2,1112.95,3,3,3,9,Potential Loyalists,False,2011-08-02 10:38:00,2011-09-27 10:09:00,2011-08
17789,United Kingdom,281,2,397.15,2,3,2,7,At Risk,True,2010-02-16 13:16:00,2011-03-03 13:14:00,2010-02
17790,United Kingdom,27,20,2779.41,4,5,4,13,Champions,False,2010-06-13 13:30:00,2011-11-13 11:30:00,2010-06
17791,United Kingdom,30,1,106.1,4,2,1,7,New Customers,False,2011-11-10 12:09:00,2011-11-10 12:09:00,2011-11
17792,United Kingdom,467,2,368.35,1,3,2,6,At Risk,True,2010-08-18 13:08:00,2010-08-29 14:30:00,2010-08
17793,United Kingdom,25,1,300.34,4,2,2,8,New Customers,False,2011-11-14 14:24:00,2011-11-14 14:24:00,2011-11
17794,United Kingdom,687,2,147.3,1,3,1,5,At Risk,True,2010-01-20 12:17:00,2010-01-22 10:18:00,2010-01
17795,United Kingdom,180,2,342.83,3,3,2,8,Potential Loyalists,True,2011-03-20 12:02:00,2011-06-13 12:36:00,2011-03
17796,United Kingdom,40,7,1236.39,4,4,4,12,Champions,False,2010-10-14 13:37:00,2011-10-30 15:38:00,2010-10
17797,United Kingdom,22,8,1971.8700000000001,4,5,4,13,Champions,False,2009-12-15 14:30:00,2011-11-17 13:21:00,2009-12
17798,United Kingdom,582,1,172.17,1,2,1,4,Lost,True,2010-05-07 11:42:00,2010-05-07 11:42:00,2010-05
17799,United Kingdom,22,20,6246.93,4,5,5,14,Champions,False,2009-12-13 16:03:00,2011-11-17 15:16:00,2009-12
17800,United Kingdom,37,9,1186.21,4,5,3,12,Loyal Customers,False,2011-01-09 13:50:00,2011-11-02 12:57:00,2011-01
17801,United Kingdom,451,3,770.03,1,3,3,7,At Risk,True,2010-01-17 11:31:00,2010-09-14 14:32:00,2010-01
17802,United Kingdom,82,10,4946.22,3,5,5,13,Potential Loyalists,False,2009-12-13 13:39:00,2011-09-18 14:56:00,2009-12
17803,United Kingdom,392,1,184.66,2,2,1,5,Lost,True,2010-11-12 13:53:00,2010-11-12 13:53:00,2010-11
17804,United Kingdom,376,3,383.78000000000003,2,3,2,7,At Risk,True,2009-12-01 12:22:00,2010-11-28 14:01:00,2009-12
17805,United Kingdom,74,2,927.03,3,3,3,9,Potential Loyalists,False,2010-04-08 14:36:00,2011-09-27 11:49:00,2010-04
17806,United Kingdom,11,1,546.04,5,2,2,9,New Customers,False,2011-11-28 14:12:00,2011-11-28 14:12:00,2011-11
17807,United Kingdom,395,3,437.87,2,3,2,7,At Risk,True,2010-01-04 14:00:00,2010-11-09 16:21:00,2010-01
17808,United Kingdom,549,4,262.64,1,4,1,6,At Risk,True,2010-05-07 16:26:00,2010-06-09 10:44:00,2010-05
17809,United Kingdom,16,20,10085.89,5,5,5,15,Champions,False,2009-12-02 14:52:00,2011-11-23 12:59:00,2009-12
17810,United Kingdom,669,2,343.21,1,3,2,6,At Risk,True,2010-01-25 10:26:00,2010-02-09 10:47:00,2010-01
17811,United Kingdom,4,47,9513.1,5,5,5,15,Champions,False,2010-09-20 11:24:00,2011-12-05 13:46:00,2010-09
17812,United Kingdom,13,7,911.99,5,4,3,12,Loyal Customers,False,2010-06-27 13:34:00,2011-11-27 11:47:00,2010-06
17813,United Kingdom,14,5,1698.07,5,4,4,13,Champions,False,2011-09-29 15:57:00,2011-11-25 16:13:00,2011-09
17814,United Kingdom,375,2,1609.37,2,3,4,9,At Risk,True,2010-10-13 14:03:00,2010-11-29 14:21:00,2010-10
17815,United Kingdom,393,1,591.96,2,2,2,6,Lost,True,2010-11-11 14:39:00,2010-11-11 14:39:00,2010-11
17816,United Kingdom,37,6,96.11,4,4,1,9,Loyal Customers,False,2009-12-15 15:27:00,2011-11-03 11:34:00,2009-12
17817,United Kingdom,4,6,788.15,5,4,3,12,Loyal Customers,False,2010-10-13 15:07:00,2011-12-05 14:39:00,2010-10
17818,United Kingdom,738,1,124.78,1,2,1,4,Lost,True,2009-12-02 11:34:00,2009-12-02 11:34:00,2009-12
17819,United Kingdom,72,12,6021.05,3,5,5,13,Potential Loyalists,False,2009-12-13 15:24:00,2011-09-29 10:52:00,2009-12
17820,United Kingdom,374,1,180.60999999999999,2,2,1,5,Lost,True,2010-11-30 17:43:00,2010-11-30 17:43:00,2010-11
17821,United Kingdom,406,1,334.62,2,2,2,6,Lost,True,2010-10-29 13:20:00,2010-10-29 13:20:00,2010-10
17822,United Kingdom,420,5,2154.08,1,4,4,9,At Risk,True,2010-05-28 12:15:00,2010-10-15 13:47:00,2010-05
17823,United Kingdom,421,2,449.25,1,3,2,6,At Risk,True,2010-10-14 16:14:00,2010-10-14 16:24:00,2010-10
17824,United Kingdom,51,1,298.4,4,2,2,8,New Customers,False,2011-10-19 14:14:00,2011-10-19 14:14:00,2011-10
17825,United Kingdom,599,4,701.96,1,4,3,8,At Risk,True,2009-12-14 12:09:00,2010-04-20 12:01:00,2009-12
17826,United Kingdom,374,1,133.34,2,2,1,5,Lost,True,2010-11-30 13:23:00,2010-11-30 13:23:00,2010-11
17827,United Kingdom,5,6,2376.17,5,4,4,13,Champions,False,2010-03-28 12:20:00,2011-12-04 15:00:00,2010-03
17828,Malta,23,4,1165.09,4,4,3,11,Loyal Customers,False,2011-06-08 08:31:00,2011-11-17 08:41:00,2011-06
17829,United Arab Emirates,299,5,4756.74,2,4,5,11,At Risk,True,2010-02-22 15:39:00,2011-02-14 12:46:00,2010-02
17830,United Kingdom,2,3,398.7,5,3,2,10,Loyal Customers,False,2011-02-24 10:15:00,2011-12-08 12:28:00,2011-02
17831,United Kingdom,33,1,35.400000000000006,4,2,1,7,New Customers,False,2011-11-06 15:09:00,2011-11-06 15:09:00,2011-11
17832,United Kingdom,50,1,155.37,4,2,1,7,New Customers,False,2011-10-21 11:43:00,2011-10-21 11:43:00,2011-10
17833,United Kingdom,723,1,338.46000000000004,1,2,2,5,Lost,True,2009-12-16 13:40:00,2009-12-16 13:40:00,2009-12
17834,United Kingdom,415,2,689.6700000000001,1,3,3,7,At Risk,True,2010-09-20 15:32:00,2010-10-21 12:09:00,2010-09
17835,United Kingdom,3,3,342.24,5,3,2,10,Loyal Customers,False,2011-11-16 16:30:00,2011-12-07 11:48:00,2011-11
17836,United Kingdom,47,1,109.83,4,2,1,7,New Customers,False,2011-10-23 16:13:00,2011-10-23 16:13:00,2011-10
17837,United Kingdom,42,8,1535.33,4,5,4,13,Champions,False,2011-06-29 16:44:00,2011-10-28 16:13:00,2011-06
17838,United Kingdom,27,13,5604.64,4,5,5,14,Champions,False,2010-03-19 09:53:00,2011-11-13 11:20:00,2010-03
17839,United Kingdom,42,1,318.15,4,2,2,8,New Customers,False,2011-10-28 17:27:00,2011-10-28 17:27:00,2011-10
17840,United Kingdom,444,1,175.9,1,2,1,4,Lost,True,2010-09-22 12:24:00,2010-09-22 12:24:00,2010-09
17841,United Kingdom,2,211,68519.95,5,5,5,15,Champions,False,2009-12-02 15:41:00,2011-12-08 12:07:00,2009-12
17842,United Kingdom,602,1,430.69,1,2,2,5,Lost,True,2010-04-16 14:23:00,2010-04-16 14:23:00,2010-04
17843,United Kingdom,303,2,312.65,2,3,2,7,At Risk,True,2010-10-24 10:56:00,2011-02-09 15:33:00,2010-10
17844,Canada,107,1,51.559999999999995,3,2,1,6,Needs Attention,True,2011-08-25 11:27:00,2011-08-25 11:27:00,2011-08
17845,United Kingdom,555,4,596.09,1,4,2,7,At Risk,True,2010-05-12 13:04:00,2010-06-02 15:20:00,2010-05
17847,United Kingdom,516,2,125.74000000000001,1,3,1,5,At Risk,True,2010-03-04 12:57:00,2010-07-12 10:00:00,2010-03
17848,United Kingdom,81,30,3538.46,3,5,5,13,Potential Loyalists,False,2009-12-06 13:19:00,2011-09-19 16:49:00,2009-12
17849,United Kingdom,218,8,1063.76,2,5,3,10,At Risk,True,2010-03-14 15:17:00,2011-05-05 13:46:00,2010-03
17850,United Kingdom,372,155,51208.87,2,5,5,12,At Risk,True,2009-12-05 12:28:00,2010-12-02 15:27:00,2009-12
17851,United Kingdom,422,6,1552.35,1,4,4,9,At Risk,True,2009-12-03 17:46:00,2010-10-13 15:13:00,2009-12
17852,United Kingdom,12,5,657.8100000000001,5,4,3,12,Loyal Customers,False,2009-12-08 12:51:00,2011-11-28 12:36:00,2009-12
17853,United Kingdom,407,3,1596.29,2,3,4,9,At Risk,True,2009-12-03 15:09:00,2010-10-28 15:29:00,2009-12
17854,United Kingdom,185,6,1068.5,3,4,3,10,Potential Loyalists,True,2009-12-08 11:13:00,2011-06-07 16:21:00,2009-12
17855,United Kingdom,373,1,208.97,2,2,1,5,Lost,True,2010-12-02 09:44:00,2010-12-02 09:44:00,2010-12
17856,United Kingdom,2,4,1418.03,5,4,4,13,Champions,False,2011-03-03 11:40:00,2011-12-08 09:40:00,2011-03
17857,United Kingdom,4,23,25769.54,5,5,5,15,Champions,False,2010-03-08 12:09:00,2011-12-05 13:13:00,2010-03
17858,United Kingdom,6,30,12518.65,5,5,5,15,Champions,False,2009-12-06 15:41:00,2011-12-04 11:56:00,2009-12
17859,United Kingdom,305,1,141.92,2,2,1,5,Lost,True,2011-02-08 10:32:00,2011-02-08 10:32:00,2011-02
17860,United Kingdom,369,4,717.39,2,4,3,9,At Risk,True,2009-12-11 16:48:00,2010-12-06 12:41:00,2009-12
17861,United Kingdom,3,18,5088.29,5,5,5,15,Champions,False,2009-12-10 11:27:00,2011-12-06 16:21:00,2009-12
17862,United Kingdom,324,4,1254.89,2,4,4,10,At Risk,True,2010-05-25 17:22:00,2011-01-20 12:23:00,2010-05
17863,United Kingdom,59,12,5360.4800000000005,4,5,5,14,Champions,False,2010-02-25 12:01:00,2011-10-11 13:45:00,2010-02
17864,United Kingdom,13,5,876.57,5,4,3,12,Loyal Customers,False,2010-10-08 11:49:00,2011-11-27 11:15:00,2010-10
17865,United Kingdom,31,46,26310.09,4,5,5,14,Champions,False,2009-12-01 10:49:00,2011-11-09 12:08:00,2009-12
17866,United Kingdom,143,3,1134.95,3,3,3,9,Potential Loyalists,True,2009-12-14 16:01:00,2011-07-20 11:07:00,2009-12
17867,United Kingdom,30,14,1560.72,4,5,4,13,Champions,False,2009-12-02 13:39:00,2011-11-09 14:15:00,2009-12
17868,United Kingdom,386,1,227.15,2,2,1,5,Lost,True,2010-11-18 18:55:00,2010-11-18 18:55:00,2010-11
17869,United Kingdom,107,7,813.64,3,4,3,10,Potential Loyalists,True,2010-06-10 13:47:00,2011-08-24 16:16:00,2010-06
17870,United Kingdom,2,13,2753.29,5,5,4,14,Champions,False,2010-11-23 11:39:00,2011-12-07 15:07:00,2010-11
17871,United Kingdom,205,5,1068.95,2,4,3,9,At Risk,True,2010-01-15 14:48:00,2011-05-19 11:32:00,2010-01
17872,United Kingdom,382,1,235.87,2,2,1,5,Lost,True,2010-11-23 12:02:00,2010-11-23 12:02:00,2010-11
17873,United Kingdom,80,18,6135.950000000001,3,5,5,13,Potential Loyalists,False,2009-12-16 15:11:00,2011-09-20 16:41:00,2009-12
17874,United Kingdom,185,6,683.46,3,4,3,10,Potential Loyalists,True,2011-03-29 11:25:00,2011-06-07 12:54:00,2011-03
17875,United Kingdom,688,1,167.1,1,2,1,4,Lost,True,2010-01-20 15:30:00,2010-01-20 15:30:00,2010-01
17876,United Kingdom,400,3,3424.02,2,3,5,10,At Risk,True,2010-02-02 13:00:00,2010-11-05 10:52:00,2010-02
17877,United Kingdom,170,1,237.61,3,2,1,6,Needs Attention,True,2011-06-22 13:00:00,2011-06-22 13:00:00,2011-06
17878,United Kingdom,44,3,1378.93,4,3,4,11,Loyal Customers,False,2010-11-09 13:50:00,2011-10-27 11:24:00,2010-11
17879,United Kingdom,174,1,178.52,3,2,1,6,Needs Attention,True,2011-06-19 12:36:00,2011-06-19 12:36:00,2011-06
17880,United Kingdom,365,3,824.9200000000001,2,3,3,8,At Risk,True,2009-12-09 16:13:00,2010-12-10 10:21:00,2009-12
17881,United Kingdom,304,1,133.35,2,2,1,5,Lost,True,2011-02-08 17:16:00,2011-02-08 17:16:00,2011-02
17882,United Kingdom,379,2,291.56,2,3,2,7,At Risk,True,2010-11-25 14:35:00,2010-11-25 14:40:00,2010-11
17883,United Kingdom,3,7,988.42,5,4,3,12,Loyal Customers,False,2010-02-25 20:07:00,2011-12-06 17:49:00,2010-02
17884,United Kingdom,4,20,2693.47,5,5,4,14,Champions,False,2009-12-04 16:23:00,2011-12-06 11:33:00,2009-12
17885,United Kingdom,12,1,156.34,5,2,1,8,New Customers,False,2011-11-27 14:40:00,2011-11-27 14:40:00,2011-11
17886,United Kingdom,32,6,1572.55,4,4,4,12,Champions,False,2010-04-29 11:10:00,2011-11-08 10:09:00,2010-04
17887,United Kingdom,129,1,111.35,3,2,1,6,Needs Attention,True,2011-08-02 17:29:00,2011-08-02 17:29:00,2011-08
17888,United Kingdom,21,25,1807.44,4,5,4,13,Champions,False,2009-12-21 16:34:00,2011-11-18 13:45:00,2009-12
17889,United Kingdom,212,7,746.42,2,4,3,9,At Risk,True,2010-03-31 10:54:00,2011-05-11 16:26:00,2010-03
17890,United Kingdom,323,2,586.89,2,3,2,7,At Risk,True,2010-12-13 15:12:00,2011-01-21 11:19:00,2010-12
17891,United Kingdom,162,1,203.85999999999999,3,2,1,6,Needs Attention,True,2011-06-30 20:08:00,2011-06-30 20:08:00,2011-06
17892,United Kingdom,56,3,244.1,4,3,1,8,Loyal Customers,False,2011-07-07 12:56:00,2011-10-14 16:49:00,2011-07
17893,United Kingdom,225,1,107.21,2,2,1,5,Lost,True,2011-04-28 13:50:00,2011-04-28 13:50:00,2011-04
17894,United Kingdom,72,18,2304.16,3,5,4,12,Potential Loyalists,False,2010-08-27 14:13:00,2011-09-29 09:23:00,2010-08
17895,United Kingdom,44,1,95.45,4,2,1,7,New Customers,False,2011-10-26 17:00:00,2011-10-26 17:00:00,2011-10
17896,United Kingdom,23,1,256.32,4,2,1,7,New Customers,False,2011-11-16 13:59:00,2011-11-16 13:59:00,2011-11
17897,United Kingdom,173,9,2053.04,3,5,4,12,Potential Loyalists,True,2010-05-12 16:03:00,2011-06-20 11:23:00,2010-05
17898,United Kingdom,85,4,299.18,3,4,2,9,Potential Loyalists,False,2010-05-21 17:22:00,2011-09-15 14:56:00,2010-05
17899,United Kingdom,159,1,154.55,3,2,1,6,Needs Attention,True,2011-07-03 14:58:00,2011-07-03 14:58:00,2011-07
17900,United Kingdom,190,2,112.19999999999999,2,3,1,6,At Risk,True,2011-06-02 14:28:00,2011-06-02 14:38:00,2011-06
17901,United Kingdom,29,3,260.08,4,3,1,8,Loyal Customers,False,2010-07-06 10:54:00,2011-11-10 17:29:00,2010-07
17902,United Kingdom,547,1,216.4,1,2,1,4,Lost,True,2010-06-11 12:25:00,2010-06-11 12:25:00,2010-06
17903,United Kingdom,394,1,381.09000000000003,2,2,2,6,Lost,True,2010-11-10 15:39:00,2010-11-10 15:39:00,2010-11
17904,United Kingdom,21,1,181.07,4,2,1,7,New Customers,False,2011-11-18 12:57:00,2011-11-18 12:57:00,2011-11
17905,United Kingdom,71,13,2168.37,3,5,4,12,Potential Loyalists,False,2010-01-28 17:54:00,2011-09-29 17:33:00,2010-01
17906,United Kingdom,247,1,72.9,2,2,1,5,Lost,True,2011-04-06 17:25:00,2011-04-06 17:25:00,2011-04
17907,United Kingdom,641,1,291.76,1,2,2,5,Lost,True,2010-03-09 12:33:00,2010-03-09 12:33:00,2010-03
17908,United Kingdom,374,5,1142.47,2,4,3,9,At Risk,True,2009-12-14 12:24:00,2010-12-01 11:45:00,2009-12
17909,United Kingdom,737,1,110.05,1,2,1,4,Lost,True,2009-12-02 13:10:00,2009-12-02 13:10:00,2009-12
17910,United Kingdom,726,1,261.7,1,2,1,4,Lost,True,2009-12-13 16:04:00,2009-12-13 16:04:00,2009-12
17911,United Kingdom,9,1,366.23,5,2,2,9,New Customers,False,2011-11-30 14:52:00,2011-11-30 14:52:00,2011-11
17912,United Kingdom,310,6,371.6,2,4,2,8,At Risk,True,2010-11-29 13:53:00,2011-02-02 14:25:00,2010-11
17913,United Kingdom,59,14,3425.09,4,5,5,14,Champions,False,2009-12-03 13:02:00,2011-10-12 10:45:00,2009-12
17914,United Kingdom,4,1,329.36,5,2,2,9,New Customers,False,2011-12-06 11:58:00,2011-12-06 11:58:00,2011-12
17915,United Kingdom,551,1,225.78,1,2,1,4,Lost,True,2010-06-06 13:22:00,2010-06-06 13:22:00,2010-06
17916,United Kingdom,629,2,43.87,1,3,1,5,At Risk,True,2009-12-06 14:10:00,2010-03-21 12:26:00,2009-12
17917,United Kingdom,45,3,335.03,4,3,2,9,Loyal Customers,False,2010-12-12 12:08:00,2011-10-25 13:20:00,2010-12
17918,United Kingdom,501,3,388.44,1,3,2,6,At Risk,True,2010-07-22 14:20:00,2010-07-27 11:51:00,2010-07
17919,United Kingdom,88,2,1840.3200000000002,3,3,4,10,Potential Loyalists,False,2010-09-27 10:40:00,2011-09-12 13:41:00,2010-09
17920,United Kingdom,4,54,23569.88,5,5,5,15,Champions,False,2009-12-06 10:37:00,2011-12-05 14:29:00,2009-12
17921,United Kingdom,64,10,2394.36,3,5,4,12,Potential Loyalists,False,2010-07-15 20:05:00,2011-10-06 18:56:00,2010-07
17922,United Kingdom,543,1,170.4,1,2,1,4,Lost,True,2010-06-14 16:32:00,2010-06-14 16:32:00,2010-06
17923,United Kingdom,282,3,497.0,2,3,2,7,At Risk,True,2010-06-13 13:58:00,2011-03-02 15:15:00,2010-06
17924,United Kingdom,12,8,3257.7000000000003,5,5,5,15,Champions,False,2010-10-21 12:17:00,2011-11-28 09:11:00,2010-10
17925,United Kingdom,373,1,244.08,2,2,1,5,Lost,True,2010-12-02 10:10:00,2010-12-02 10:10:00,2010-12
17926,United Kingdom,133,5,1035.49,3,4,3,10,Potential Loyalists,True,2010-05-09 14:07:00,2011-07-29 14:39:00,2010-05
17927,United Kingdom,722,1,294.0,1,2,2,5,Lost,True,2009-12-18 11:03:00,2009-12-18 11:03:00,2009-12
17928,United Kingdom,45,3,313.16,4,3,2,9,Loyal Customers,False,2010-05-17 15:30:00,2011-10-25 13:52:00,2010-05
17929,United Kingdom,11,12,3082.1,5,5,5,15,Champions,False,2009-12-09 11:40:00,2011-11-28 16:01:00,2009-12
17930,United Kingdom,36,13,4275.22,4,5,5,14,Champions,False,2010-03-04 10:41:00,2011-11-04 10:23:00,2010-03
17931,United Kingdom,134,14,3402.2400000000002,3,5,5,13,Potential Loyalists,True,2010-02-16 15:47:00,2011-07-28 18:33:00,2010-02
17932,United Kingdom,29,3,1331.57,4,3,4,11,Loyal Customers,False,2011-05-12 13:58:00,2011-11-10 19:49:00,2011-05
17933,United Kingdom,632,1,105.99,1,2,1,4,Lost,True,2010-03-17 15:11:00,2010-03-17 15:11:00,2010-03
17934,United Kingdom,52,3,1049.15,4,3,3,10,Loyal Customers,False,2010-10-29 12:23:00,2011-10-19 11:16:00,2010-10
17935,United Kingdom,138,7,683.24,3,4,3,10,Potential Loyalists,True,2009-12-04 14:33:00,2011-07-24 13:18:00,2009-12
17936,United Kingdom,5,1,380.13,5,2,2,9,New Customers,False,2011-12-04 13:32:00,2011-12-04 13:32:00,2011-12
17937,United Kingdom,9,7,4301.22,5,4,5,14,Champions,False,2010-12-12 14:43:00,2011-12-01 11:45:00,2010-12
17938,United Kingdom,420,1,144.29,1,2,1,4,Lost,True,2010-10-15 14:27:00,2010-10-15 14:27:00,2010-10
17939,United Kingdom,160,1,99.14,3,2,1,6,Needs Attention,True,2011-07-03 12:27:00,2011-07-03 12:27:00,2011-07
17940,United Kingdom,49,14,28389.58,4,5,5,14,Champions,False,2009-12-03 12:31:00,2011-10-21 13:27:00,2009-12
17941,United Kingdom,131,4,1433.28,3,4,4,11,Potential Loyalists,True,2010-01-06 15:37:00,2011-08-01 08:30:00,2010-01
17942,United Kingdom,8,1,77.50000000000001,5,2,1,8,New Customers,False,2011-12-02 10:45:00,2011-12-02 10:45:00,2011-12
17944,United Kingdom,423,1,74.99,1,2,1,4,Lost,True,2010-10-12 16:25:00,2010-10-12 16:25:00,2010-10
17945,United Kingdom,697,3,359.5,1,3,2,6,At Risk,True,2010-01-12 11:33:00,2010-01-12 11:40:00,2010-01
17946,United Kingdom,233,2,149.57999999999998,2,3,1,6,At Risk,True,2011-03-25 14:34:00,2011-04-20 17:00:00,2011-03
17947,United Kingdom,37,1,176.68,4,2,1,7,New Customers,False,2011-11-02 13:05:00,2011-11-02 13:05:00,2011-11
17948,United Kingdom,147,1,358.56000000000006,3,2,2,7,Needs Attention,True,2011-07-15 12:58:00,2011-07-15 12:58:00,2011-07
17949,United Kingdom,1,116,107833.48,5,5,5,15,Champions,False,2009-12-02 11:07:00,2011-12-08 18:46:00,2009-12
17950,United Kingdom,72,7,1166.29,3,4,3,10,Potential Loyalists,False,2010-01-04 17:39:00,2011-09-28 15:18:00,2010-01
17951,United Kingdom,40,4,1340.5800000000002,4,4,4,12,Champions,False,2010-10-31 15:15:00,2011-10-31 12:30:00,2010-10
17952,United Kingdom,378,4,788.46,2,4,3,9,At Risk,True,2010-06-16 11:54:00,2010-11-26 13:54:00,2010-06
17953,United Kingdom,540,1,148.67000000000002,1,2,1,4,Lost,True,2010-06-17 15:08:00,2010-06-17 15:08:00,2010-06
17954,United Kingdom,5,19,3801.83,5,5,5,15,Champions,False,2009-12-09 13:22:00,2011-12-04 14:15:00,2009-12
17955,United Kingdom,199,6,949.9,2,4,3,9,At Risk,True,2010-02-12 16:27:00,2011-05-25 12:00:00,2010-02
17956,United Kingdom,249,1,12.75,2,2,1,5,Lost,True,2011-04-04 13:47:00,2011-04-04 13:47:00,2011-04
17957,United Kingdom,66,1,110.72,3,2,1,6,Needs Attention,False,2011-10-04 14:58:00,2011-10-04 14:58:00,2011-10
17958,United Kingdom,117,2,973.88,3,3,3,9,Potential Loyalists,True,2009-12-11 15:37:00,2011-08-15 12:19:00,2009-12
17959,United Kingdom,592,1,140.75,1,2,1,4,Lost,True,2010-04-26 14:12:00,2010-04-26 14:12:00,2010-04
17960,United Kingdom,171,3,135.08,3,3,1,7,Potential Loyalists,True,2010-03-08 12:22:00,2011-06-21 14:15:00,2010-03
17961,United Kingdom,21,100,2866.74,4,5,4,13,Champions,False,2009-12-01 14:48:00,2011-11-18 16:55:00,2009-12
17962,United Kingdom,142,4,665.91,3,4,3,10,Potential Loyalists,True,2010-01-13 15:24:00,2011-07-20 14:16:00,2010-01
17963,United Kingdom,471,4,643.16,1,4,3,8,At Risk,True,2010-01-19 17:25:00,2010-08-25 15:58:00,2010-01
17964,United Kingdom,32,2,463.21,4,3,2,9,Loyal Customers,False,2010-12-02 13:32:00,2011-11-08 10:44:00,2010-12
17965,United Kingdom,38,29,7002.9,4,5,5,14,Champions,False,2009-12-14 13:19:00,2011-11-02 09:31:00,2009-12
17966,United Kingdom,38,10,1963.92,4,5,4,13,Champions,False,2010-01-18 13:24:00,2011-11-02 10:26:00,2010-01
17967,United Kingdom,372,2,223.42,2,3,1,6,At Risk,True,2010-10-19 13:19:00,2010-12-03 11:19:00,2010-10
17968,United Kingdom,374,4,590.44,2,4,2,8,At Risk,True,2010-07-15 15:01:00,2010-12-01 12:23:00,2010-07
17969,United Kingdom,166,20,2354.29,3,5,4,12,Potential Loyalists,True,2009-12-06 13:53:00,2011-06-26 13:00:00,2009-12
17970,United Kingdom,211,1,562.79,2,2,2,6,Lost,True,2011-05-12 20:03:00,2011-05-12 20:03:00,2011-05
17971,United Kingdom,548,1,161.94,1,2,1,4,Lost,True,2010-06-09 14:04:00,2010-06-09 14:04:00,2010-06
17972,United Kingdom,242,1,135.19,2,2,1,5,Lost,True,2011-04-12 12:16:00,2011-04-12 12:16:00,2011-04
17973,United Kingdom,52,1,337.04,4,2,2,8,New Customers,False,2011-10-19 10:34:00,2011-10-19 10:34:00,2011-10
17974,United Kingdom,25,6,1739.09,4,4,4,12,Champions,False,2010-10-28 20:03:00,2011-11-15 11:37:00,2010-10
17975,United Kingdom,15,24,6693.03,5,5,5,15,Champions,False,2010-08-06 11:24:00,2011-11-24 13:27:00,2010-08
17976,United Kingdom,372,1,321.79,2,2,2,6,Lost,True,2010-12-02 13:49:00,2010-12-02 13:49:00,2010-12
17977,United Kingdom,29,2,1511.45,4,3,4,11,Loyal Customers,False,2010-11-04 14:26:00,2011-11-10 13:28:00,2010-11
17978,United Kingdom,365,4,1159.99,2,4,3,9,At Risk,True,2009-12-08 13:27:00,2010-12-09 14:05:00,2009-12
17979,United Kingdom,36,4,729.01,4,4,3,11,Loyal Customers,False,2011-03-25 11:34:00,2011-11-04 12:05:00,2011-03
17980,United Kingdom,166,4,1012.72,3,4,3,10,Potential Loyalists,True,2010-11-11 14:42:00,2011-06-27 12:01:00,2010-11
17981,United Kingdom,411,1,239.12,1,2,1,4,Lost,True,2010-10-25 10:40:00,2010-10-25 10:40:00,2010-10
17982,United Kingdom,681,1,138.18,1,2,1,4,Lost,True,2010-01-28 09:38:00,2010-01-28 09:38:00,2010-01
17983,United Kingdom,395,1,171.71,2,2,1,5,Lost,True,2010-11-09 13:23:00,2010-11-09 13:24:00,2010-11
17984,United Kingdom,145,5,1148.69,3,4,3,10,Potential Loyalists,True,2009-12-01 11:51:00,2011-07-17 15:59:00,2009-12
17985,United Kingdom,22,1,631.35,4,2,3,9,New Customers,False,2011-11-17 14:24:00,2011-11-17 14:24:00,2011-11
17986,United Kingdom,56,1,20.8,4,2,1,7,New Customers,False,2011-10-14 14:22:00,2011-10-14 14:22:00,2011-10
17987,United Kingdom,185,5,965.4399999999999,3,4,3,10,Potential Loyalists,True,2010-06-07 11:23:00,2011-06-07 14:22:00,2010-06
17988,United Kingdom,12,13,485.69,5,5,2,12,Loyal Customers,False,2009-12-07 13:35:00,2011-11-28 11:00:00,2009-12
17989,United Kingdom,379,1,207.33,2,2,1,5,Lost,True,2010-11-25 13:49:00,2010-11-25 13:49:00,2010-11
17990,United Kingdom,237,6,1527.6100000000001,2,4,4,10,At Risk,True,2009-12-07 15:19:00,2011-04-17 11:44:00,2009-12
17991,United Kingdom,225,3,298.65,2,3,2,7,At Risk,True,2010-04-27 12:46:00,2011-04-28 15:58:00,2010-04
17992,United Kingdom,389,1,252.88,2,2,1,5,Lost,True,2010-11-15 13:04:00,2010-11-15 13:04:00,2010-11
17993,United Kingdom,617,1,225.99,1,2,1,4,Lost,True,2010-04-01 14:23:00,2010-04-01 14:23:00,2010-04
17994,United Kingdom,122,11,2264.0299999999997,3,5,4,12,Potential Loyalists,True,2010-03-29 10:37:00,2011-08-10 11:41:00,2010-03
17995,United Kingdom,282,3,495.48,2,3,2,7,At Risk,True,2010-11-17 17:01:00,2011-03-03 12:30:00,2010-11
17996,United Kingdom,380,3,469.73,2,3,2,7,At Risk,True,2010-06-11 11:48:00,2010-11-25 11:00:00,2010-06
17997,United Kingdom,74,8,1962.46,3,5,4,12,Potential Loyalists,False,2011-06-28 17:28:00,2011-09-26 16:13:00,2011-06
17998,United Kingdom,380,3,639.24,2,3,3,8,At Risk,True,2009-12-01 13:07:00,2010-11-24 15:31:00,2009-12
17999,United Kingdom,37,3,528.46,4,3,2,9,Loyal Customers,False,2010-11-26 13:16:00,2011-11-02 15:56:00,2010-11
18000,United Kingdom,564,1,124.25,1,2,1,4,Lost,True,2010-05-24 17:34:00,2010-05-24 17:34:00,2010-05
18001,United Kingdom,12,6,924.14,5,4,3,12,Loyal Customers,False,2009-12-02 15:38:00,2011-11-27 16:02:00,2009-12
18002,United Kingdom,376,4,237.62,2,4,1,7,At Risk,True,2009-12-08 11:07:00,2010-11-29 10:57:00,2009-12
18003,United Kingdom,376,1,353.51,2,2,2,6,Lost,True,2010-11-28 15:09:00,2010-11-28 15:09:00,2010-11
18004,United Kingdom,362,1,157.92,2,2,1,5,Lost,True,2010-12-12 13:47:00,2010-12-12 13:47:00,2010-12
18005,United Kingdom,4,2,226.47,5,3,1,9,Loyal Customers,False,2011-10-23 14:40:00,2011-12-06 11:51:00,2011-10
18006,United Kingdom,23,4,969.51,4,4,3,11,Loyal Customers,False,2009-12-17 12:27:00,2011-11-16 16:52:00,2009-12
18007,United Kingdom,393,1,215.22,2,2,1,5,Lost,True,2010-11-12 11:08:00,2010-11-12 11:08:00,2010-11
18008,United Kingdom,70,23,19759.079999999998,3,5,5,13,Potential Loyalists,False,2010-01-06 12:35:00,2011-09-30 15:17:00,2010-01
18009,United Kingdom,235,8,2144.23,2,5,4,11,At Risk,True,2010-02-25 11:49:00,2011-04-18 13:36:00,2010-02
18010,United Kingdom,257,1,174.8,2,2,1,5,Lost,True,2011-03-28 12:27:00,2011-03-28 12:27:00,2011-03
18011,United Kingdom,373,2,410.79,2,3,2,7,At Risk,True,2010-05-21 13:28:00,2010-12-01 17:35:00,2010-05
18012,United Kingdom,723,1,115.3,1,2,1,4,Lost,True,2009-12-16 13:16:00,2009-12-16 13:16:00,2009-12
18013,United Kingdom,155,2,187.29,3,3,1,7,Potential Loyalists,True,2011-07-07 14:08:00,2011-07-07 14:11:00,2011-07
18014,United Kingdom,28,1,154.27,4,2,1,7,New Customers,False,2011-11-11 15:28:00,2011-11-11 15:28:00,2011-11
18015,United Kingdom,4,1,120.03,5,2,1,8,New Customers,False,2011-12-05 14:49:00,2011-12-05 14:49:00,2011-12
18016,United Kingdom,32,7,1954.56,4,4,4,12,Champions,False,2010-01-27 16:00:00,2011-11-07 13:25:00,2010-01
18017,United Kingdom,81,4,688.0,3,4,3,10,Potential Loyalists,False,2010-10-04 15:11:00,2011-09-19 16:15:00,2010-10
18018,United Kingdom,108,4,297.99,3,4,2,9,Potential Loyalists,True,2010-10-15 11:05:00,2011-08-23 17:37:00,2010-10
18019,United Kingdom,52,1,38.45,4,2,1,7,New Customers,False,2011-10-19 12:10:00,2011-10-19 12:10:00,2011-10
18020,United Kingdom,544,1,190.48000000000002,1,2,1,4,Lost,True,2010-06-14 12:31:00,2010-06-14 12:31:00,2010-06
18021,United Kingdom,510,2,216.41,1,3,1,5,At Risk,True,2010-07-15 18:47:00,2010-07-18 10:52:00,2010-07
18022,United Kingdom,36,5,1506.62,4,4,4,12,Champions,False,2010-06-11 13:59:00,2011-11-04 12:45:00,2010-06
18024,United Kingdom,153,2,389.78,3,3,2,8,Potential Loyalists,True,2011-07-10 12:28:00,2011-07-10 12:40:00,2011-07
18025,United Kingdom,380,6,1177.72,2,4,3,9,At Risk,True,2010-03-30 17:33:00,2010-11-25 12:37:00,2010-03
18026,United Kingdom,501,2,2074.07,1,3,4,8,At Risk,True,2010-07-22 16:21:00,2010-07-27 10:37:00,2010-07
18027,United Kingdom,99,1,115.31,3,2,1,6,Needs Attention,True,2011-09-02 10:38:00,2011-09-02 10:38:00,2011-09
18028,United Kingdom,583,1,192.05,1,2,1,4,Lost,True,2010-05-05 13:28:00,2010-05-05 13:28:00,2010-05
18029,United Kingdom,642,1,433.77,1,2,2,5,Lost,True,2010-03-07 15:30:00,2010-03-07 15:30:00,2010-03
18030,United Kingdom,4,2,230.64999999999998,5,3,1,9,Loyal Customers,False,2011-10-28 13:55:00,2011-12-05 16:37:00,2011-10
18031,United Kingdom,379,1,451.3,2,2,2,6,Lost,True,2010-11-26 11:00:00,2010-11-26 11:00:00,2010-11
18032,United Kingdom,334,1,73.5,2,2,1,5,Lost,True,2011-01-09 15:32:00,2011-01-09 15:32:00,2011-01
18033,United Kingdom,65,1,93.82000000000001,3,2,1,6,Needs Attention,False,2011-10-05 17:28:00,2011-10-05 17:28:00,2011-10
18034,United Kingdom,22,3,753.35,4,3,3,10,Loyal Customers,False,2010-11-29 12:36:00,2011-11-18 12:22:00,2010-11
18035,United Kingdom,36,5,1260.23,4,4,4,12,Champions,False,2010-11-19 13:42:00,2011-11-04 12:39:00,2010-11
18036,United Kingdom,32,11,1545.49,4,5,4,13,Champions,False,2009-12-18 12:04:00,2011-11-07 14:40:00,2009-12
18037,United Kingdom,154,15,167.42,3,5,1,9,Potential Loyalists,True,2009-12-01 13:48:00,2011-07-08 13:39:00,2009-12
18038,United Kingdom,556,1,141.48,1,2,1,4,Lost,True,2010-06-01 15:59:00,2010-06-01 15:59:00,2010-06
18039,United Kingdom,374,4,548.22,2,4,2,8,At Risk,True,2010-03-09 11:19:00,2010-11-30 13:07:00,2010-03
18040,United Kingdom,19,2,357.20000000000005,5,3,2,10,Loyal Customers,False,2011-04-08 08:27:00,2011-11-20 14:20:00,2011-04
18041,United Kingdom,12,38,8018.7699999999995,5,5,5,15,Champions,False,2010-01-14 10:04:00,2011-11-28 11:39:00,2010-01
18042,United Kingdom,54,2,281.15,4,3,1,8,Loyal Customers,False,2010-06-16 10:53:00,2011-10-17 11:49:00,2010-06
18043,United Kingdom,25,3,529.29,4,3,2,9,Loyal Customers,False,2010-12-08 12:35:00,2011-11-15 12:48:00,2010-12
18044,United Kingdom,4,18,3505.61,5,5,5,15,Champions,False,2010-05-28 15:31:00,2011-12-05 14:26:00,2010-05
18045,United Kingdom,45,1,178.34,4,2,1,7,New Customers,False,2011-10-25 13:07:00,2011-10-25 13:07:00,2011-10
18046,United Kingdom,650,1,189.63,1,2,1,4,Lost,True,2010-02-28 11:36:00,2010-02-28 11:36:00,2010-02
18047,United Kingdom,381,2,326.09,2,3,2,7,At Risk,True,2010-11-23 12:57:00,2010-11-23 13:11:00,2010-11
18048,United Kingdom,203,3,394.93,2,3,2,7,At Risk,True,2010-08-03 13:03:00,2011-05-20 14:58:00,2010-08
18049,United Kingdom,437,2,500.5,1,3,2,6,At Risk,True,2010-04-28 13:24:00,2010-09-28 14:26:00,2010-04
18050,United Kingdom,359,2,412.06,2,3,2,7,At Risk,True,2010-11-11 15:51:00,2010-12-15 14:25:00,2010-11
18051,United Kingdom,634,7,2282.28,1,4,4,9,At Risk,True,2009-12-09 12:17:00,2010-03-15 13:58:00,2009-12
18052,United Kingdom,565,1,10877.18,1,2,5,8,Cant Lose Them,True,2010-05-24 11:11:00,2010-05-24 11:11:00,2010-05
18053,United Kingdom,71,3,571.07,3,3,2,8,Potential Loyalists,False,2010-06-30 12:36:00,2011-09-30 09:05:00,2010-06
18054,United Kingdom,393,1,176.5,2,2,1,5,Lost,True,2010-11-12 08:18:00,2010-11-12 08:18:00,2010-11
18055,United Kingdom,7,14,10142.64,5,5,5,15,Champions,False,2010-10-22 13:27:00,2011-12-02 14:25:00,2010-10
18056,United Kingdom,288,2,554.6,2,3,2,7,At Risk,True,2010-03-31 12:29:00,2011-02-24 14:27:00,2010-03
18057,United Kingdom,393,3,1168.14,2,3,3,8,At Risk,True,2010-01-18 12:42:00,2010-11-11 16:55:00,2010-01
18058,United Kingdom,10,3,774.06,5,3,3,11,Loyal Customers,False,2010-02-10 09:38:00,2011-11-30 08:38:00,2010-02
18059,United Kingdom,23,3,306.46,4,3,2,9,Loyal Customers,False,2011-10-03 09:30:00,2011-11-16 16:49:00,2011-10
18060,United Kingdom,408,2,1185.46,2,3,3,8,At Risk,True,2010-05-24 08:34:00,2010-10-27 16:41:00,2010-05
18061,United Kingdom,22,28,6083.81,4,5,5,14,Champions,False,2009-12-04 11:36:00,2011-11-18 11:20:00,2009-12
18062,United Kingdom,173,6,1632.67,3,4,4,11,Potential Loyalists,True,2010-04-21 08:55:00,2011-06-19 14:47:00,2010-04
18063,United Kingdom,391,2,186.60000000000002,2,3,1,6,At Risk,True,2010-03-16 13:05:00,2010-11-14 10:46:00,2010-03
18064,United Kingdom,133,11,4481.83,3,5,5,13,Potential Loyalists,True,2010-02-01 15:01:00,2011-07-29 16:39:00,2010-02
18065,United Kingdom,6,28,5846.63,5,5,5,15,Champions,False,2009-12-09 16:00:00,2011-12-04 10:30:00,2009-12
18066,United Kingdom,75,3,1440.4,3,3,4,10,Potential Loyalists,False,2010-10-20 11:42:00,2011-09-25 15:30:00,2010-10
18067,United Kingdom,40,1,396.33,4,2,2,8,New Customers,False,2011-10-30 15:58:00,2011-10-30 15:58:00,2011-10
18068,United Kingdom,289,1,101.7,2,2,1,5,Lost,True,2011-02-23 14:50:00,2011-02-23 14:50:00,2011-02
18069,United Kingdom,26,11,4449.02,4,5,5,14,Champions,False,2010-02-28 16:14:00,2011-11-13 16:03:00,2010-02
18070,United Kingdom,669,1,314.1,1,2,2,5,Lost,True,2010-02-08 13:28:00,2010-02-08 13:28:00,2010-02
18071,United Kingdom,258,6,1169.68,2,4,3,9,At Risk,True,2009-12-05 10:31:00,2011-03-27 11:59:00,2009-12
18072,United Kingdom,186,1,247.44,3,2,1,6,Needs Attention,True,2011-06-07 10:44:00,2011-06-07 10:44:00,2011-06
18073,United Kingdom,114,12,3859.82,3,5,5,13,Potential Loyalists,True,2011-05-26 19:38:00,2011-08-17 14:02:00,2011-05
18074,United Kingdom,374,2,1019.44,2,3,3,8,At Risk,True,2010-07-22 10:31:00,2010-12-01 09:53:00,2010-07
18075,United Kingdom,23,20,5783.29,4,5,5,14,Champions,False,2010-07-29 11:47:00,2011-11-16 15:21:00,2010-07
18076,United Kingdom,380,1,151.49,2,2,1,5,Lost,True,2010-11-24 14:02:00,2010-11-24 14:02:00,2010-11
18077,United Kingdom,8,18,4078.79,5,5,5,15,Champions,False,2009-12-07 11:40:00,2011-12-01 13:32:00,2009-12
18078,United Kingdom,217,4,725.53,2,4,3,9,At Risk,True,2010-03-21 15:50:00,2011-05-06 14:32:00,2010-03
18079,United Kingdom,45,5,4203.93,4,4,5,13,Champions,False,2010-08-05 12:19:00,2011-10-25 15:27:00,2010-08
18080,United Kingdom,19,2,1231.5,5,3,4,12,Loyal Customers,False,2011-04-11 10:10:00,2011-11-21 08:02:00,2011-04
18081,United Kingdom,36,3,343.45,4,3,2,9,Loyal Customers,False,2011-07-29 11:56:00,2011-11-03 16:30:00,2011-07
18082,United Kingdom,26,1,680.84,4,2,3,9,New Customers,False,2011-11-14 12:45:00,2011-11-14 12:45:00,2011-11
18083,United Kingdom,398,1,463.53,2,2,2,6,Lost,True,2010-11-07 11:44:00,2010-11-07 11:44:00,2010-11
18084,United Kingdom,16,3,795.23,5,3,3,11,Loyal Customers,False,2010-11-16 08:09:00,2011-11-23 13:57:00,2010-11
18085,United Kingdom,330,4,1341.8500000000001,2,4,4,10,At Risk,True,2010-03-21 11:57:00,2011-01-13 15:17:00,2010-03
18086,United Kingdom,274,1,101.34,2,2,1,5,Lost,True,2011-03-10 13:34:00,2011-03-10 13:34:00,2011-03
18087,United Kingdom,291,16,13908.720000000001,2,5,5,12,At Risk,True,2009-12-01 09:43:00,2011-02-22 10:43:00,2009-12
18088,United Kingdom,61,1,166.03,3,2,1,6,Needs Attention,False,2011-10-09 13:41:00,2011-10-09 13:41:00,2011-10
18089,United Kingdom,447,1,428.45,1,2,2,5,Lost,True,2010-09-19 11:57:00,2010-09-19 11:57:00,2010-09
18090,United Kingdom,422,1,321.9,1,2,2,5,Lost,True,2010-10-14 12:32:00,2010-10-14 12:32:00,2010-10
18091,United Kingdom,593,1,360.85,1,2,2,5,Lost,True,2010-04-25 13:18:00,2010-04-25 13:18:00,2010-04
18092,United Kingdom,2,18,14693.720000000001,5,5,5,15,Champions,False,2009-12-04 12:37:00,2011-12-07 13:14:00,2009-12
18093,United Kingdom,93,8,4452.71,3,5,5,13,Potential Loyalists,True,2010-03-31 10:27:00,2011-09-07 15:43:00,2010-03
18094,United Kingdom,82,13,6391.52,3,5,5,13,Potential Loyalists,False,2010-01-07 11:16:00,2011-09-19 09:28:00,2010-01
18095,United Kingdom,313,5,2303.09,2,4,4,10,At Risk,True,2010-04-19 14:09:00,2011-01-31 12:50:00,2010-04
18096,United Kingdom,12,6,1638.16,5,4,4,13,Champions,False,2010-07-14 14:30:00,2011-11-28 12:44:00,2010-07
18097,United Kingdom,8,11,4627.92,5,5,5,15,Champions,False,2009-12-17 11:06:00,2011-12-02 11:16:00,2009-12
18098,United Kingdom,396,1,527.94,2,2,2,6,Lost,True,2010-11-08 16:31:00,2010-11-08 16:31:00,2010-11
18099,United Kingdom,127,1,168.31,3,2,1,6,Needs Attention,True,2011-08-04 15:52:00,2011-08-04 15:52:00,2011-08
18100,United Kingdom,550,1,451.56,1,2,2,5,Lost,True,2010-06-07 14:19:00,2010-06-07 14:19:00,2010-06
18101,United Kingdom,11,5,622.01,5,4,3,12,Loyal Customers,False,2010-02-03 13:52:00,2011-11-28 13:37:00,2010-02
18102,United Kingdom,1,145,580987.04,5,5,5,15,Champions,False,2009-12-01 09:24:00,2011-12-09 11:50:00,2009-12
18103,United Kingdom,549,1,105.8,1,2,1,4,Lost,True,2010-06-08 13:36:00,2010-06-08 13:36:00,2010-06
18104,United Kingdom,37,1,754.64,4,2,3,9,New Customers,False,2011-11-02 14:07:00,2011-11-02 14:07:00,2011-11
18105,United Kingdom,38,1,113.48000000000002,4,2,1,7,New Customers,False,2011-11-02 12:04:00,2011-11-02 12:04:00,2011-11
18106,United Kingdom,330,6,1441.06,2,4,4,10,At Risk,True,2010-01-15 11:36:00,2011-01-14 12:23:00,2010-01
18107,United Kingdom,442,1,165.88,1,2,1,4,Lost,True,2010-09-23 13:03:00,2010-09-23 13:03:00,2010-09
18108,United Kingdom,254,3,848.8100000000001,2,3,3,8,At Risk,True,2009-12-02 12:47:00,2011-03-30 13:56:00,2009-12
18109,United Kingdom,2,38,9555.71,5,5,5,15,Champions,False,2010-07-01 12:13:00,2011-12-08 11:36:00,2010-07
18110,United Kingdom,20,2,392.28000000000003,4,3,2,9,Loyal Customers,False,2010-10-24 14:21:00,2011-11-20 12:34:00,2010-10
18111,United Kingdom,589,1,405.85,1,2,2,5,Lost,True,2010-04-29 12:58:00,2010-04-29 12:58:00,2010-04
18112,United Kingdom,12,4,773.36,5,4,3,12,Loyal Customers,False,2010-06-06 12:40:00,2011-11-27 14:43:00,2010-06
18113,United Kingdom,369,1,76.32000000000001,2,2,1,5,Lost,True,2010-12-06 12:31:00,2010-12-06 12:31:00,2010-12
18114,United Kingdom,290,1,220.1,2,2,1,5,Lost,True,2011-02-22 13:20:00,2011-02-22 13:20:00,2011-02
18115,United Kingdom,698,1,9.700000000000001,1,2,1,4,Lost,True,2010-01-11 11:57:00,2010-01-11 11:57:00,2010-01
18116,United Kingdom,68,13,2130.89,3,5,4,12,Potential Loyalists,False,2010-10-24 15:29:00,2011-10-03 11:00:00,2010-10
18117,United Kingdom,26,1,314.4,4,2,2,8,New Customers,False,2011-11-14 12:47:00,2011-11-14 12:47:00,2011-11
18118,United Kingdom,11,29,6218.62,5,5,5,15,Champions,False,2010-11-23 13:36:00,2011-11-29 11:32:00,2010-11
18119,United Kingdom,368,1,180.7,2,2,1,5,Lost,True,2010-12-07 11:59:00,2010-12-07 11:59:00,2010-12
18120,United Kingdom,214,1,111.15,2,2,1,5,Lost,True,2011-05-09 13:45:00,2011-05-09 13:45:00,2011-05
18121,United Kingdom,149,2,653.3000000000001,3,3,3,9,Potential Loyalists,True,2011-07-08 12:14:00,2011-07-13 12:53:00,2011-07
18122,United Kingdom,8,6,1791.84,5,4,4,13,Champions,False,2011-07-12 11:37:00,2011-12-01 13:08:00,2011-07
18123,United Kingdom,24,3,666.64,4,3,3,10,Loyal Customers,False,2010-07-14 12:47:00,2011-11-15 14:23:00,2010-07
18124,United Kingdom,472,1,102.65,1,2,1,4,Lost,True,2010-08-24 17:21:00,2010-08-24 17:21:00,2010-08
18125,United Kingdom,30,4,1131.75,4,4,3,11,Loyal Customers,False,2011-01-27 15:02:00,2011-11-10 12:29:00,2011-01
18126,United Kingdom,61,1,198.58,3,2,1,6,Needs Attention,False,2011-10-10 12:19:00,2011-10-10 12:19:00,2011-10
18127,United Kingdom,19,4,556.13,5,4,2,11,Loyal Customers,False,2010-11-01 13:56:00,2011-11-20 14:05:00,2010-11
18128,United Kingdom,537,1,399.29,1,2,2,5,Lost,True,2010-06-20 13:19:00,2010-06-20 13:19:00,2010-06
18129,United Kingdom,243,1,112.55000000000001,2,2,1,5,Lost,True,2011-04-10 14:16:00,2011-04-10 14:16:00,2011-04
18130,United Kingdom,15,3,1059.39,5,3,3,11,Loyal Customers,False,2011-10-13 15:58:00,2011-11-24 14:40:00,2011-10
18131,United Kingdom,632,1,222.95999999999998,1,2,1,4,Lost,True,2010-03-18 08:48:00,2010-03-18 08:48:00,2010-03
18132,United Kingdom,504,1,220.13,1,2,1,4,Lost,True,2010-07-23 16:54:00,2010-07-23 16:54:00,2010-07
18133,United Kingdom,212,1,931.5,2,2,3,7,Lost,True,2011-05-11 14:14:00,2011-05-11 14:14:00,2011-05
18134,United Kingdom,598,2,445.0,1,3,2,6,At Risk,True,2010-01-14 11:59:00,2010-04-20 14:02:00,2010-01
18135,United Kingdom,29,10,1249.6200000000001,4,5,4,13,Champions,False,2010-03-15 13:55:00,2011-11-10 19:32:00,2010-03
18136,United Kingdom,63,5,1631.3600000000001,3,4,4,11,Potential Loyalists,False,2010-09-14 15:50:00,2011-10-07 15:40:00,2010-09
18137,United Kingdom,551,2,145.99,1,3,1,5,At Risk,True,2010-06-06 13:45:00,2010-06-06 14:18:00,2010-06
18138,United Kingdom,295,1,152.65,2,2,1,5,Lost,True,2011-02-17 14:51:00,2011-02-17 14:51:00,2011-02
18139,United Kingdom,18,6,8438.34,5,4,5,14,Champions,False,2011-11-21 14:06:00,2011-11-22 10:44:00,2011-11
18140,West Indies,474,1,536.41,1,2,2,5,Lost,True,2010-08-23 11:58:00,2010-08-23 11:58:00,2010-08
18141,United Kingdom,402,2,882.47,2,3,3,8,At Risk,True,2010-04-29 15:32:00,2010-11-03 11:44:00,2010-04
18142,United Kingdom,157,2,1019.52,3,3,3,9,Potential Loyalists,True,2011-05-08 12:31:00,2011-07-05 13:19:00,2011-05
18143,United Kingdom,117,2,1000.16,3,3,3,9,Potential Loyalists,True,2011-07-21 10:44:00,2011-08-15 12:07:00,2011-07
18144,United Kingdom,8,19,4892.95,5,5,5,15,Champions,False,2009-12-16 15:57:00,2011-12-02 12:46:00,2009-12
18145,United Kingdom,13,11,5609.74,5,5,5,15,Champions,False,2009-12-08 12:30:00,2011-11-27 11:22:00,2009-12
18146,United Kingdom,141,2,160.35,3,3,1,7,Potential Loyalists,True,2011-05-03 16:35:00,2011-07-22 12:08:00,2011-05
18147,United Kingdom,46,2,179.34,4,3,1,8,Loyal Customers,False,2011-08-23 12:22:00,2011-10-25 11:46:00,2011-08
18148,United Kingdom,647,1,112.85000000000001,1,2,1,4,Lost,True,2010-03-03 11:40:00,2010-03-03 11:40:00,2010-03
18149,United Kingdom,51,7,1553.96,4,4,4,12,Champions,False,2010-03-14 12:41:00,2011-10-20 12:04:00,2010-03
18150,United Kingdom,32,3,566.58,4,3,2,9,Loyal Customers,False,2011-05-22 10:47:00,2011-11-07 16:49:00,2011-05
18151,United Kingdom,135,6,1879.44,3,4,4,11,Potential Loyalists,True,2010-03-04 10:47:00,2011-07-28 11:35:00,2010-03
18152,United Kingdom,646,1,426.69,1,2,2,5,Lost,True,2010-03-03 15:26:00,2010-03-03 15:26:00,2010-03
18153,United Kingdom,659,1,246.22,1,2,1,4,Lost,True,2010-02-18 15:50:00,2010-02-18 15:50:00,2010-02
18154,United Kingdom,3,5,932.6,5,4,3,12,Loyal Customers,False,2010-08-06 09:18:00,2011-12-06 16:41:00,2010-08
18155,United Kingdom,75,3,371.62,3,3,2,8,Potential Loyalists,False,2011-02-21 10:36:00,2011-09-25 13:32:00,2011-02
18156,United Kingdom,13,2,675.64,5,3,3,11,Loyal Customers,False,2010-12-05 12:29:00,2011-11-27 12:24:00,2010-12
18157,United Kingdom,571,1,213.9,1,2,1,4,Lost,True,2010-05-17 14:09:00,2010-05-17 14:09:00,2010-05
18158,United Kingdom,9,2,453.4,5,3,2,10,Loyal Customers,False,2011-09-12 09:03:00,2011-11-30 16:19:00,2011-09
18159,United Kingdom,301,1,530.15,2,2,2,6,Lost,True,2011-02-11 14:26:00,2011-02-11 14:26:00,2011-02
18160,United Kingdom,57,3,1003.88,4,3,3,10,Loyal Customers,False,2010-11-18 16:33:00,2011-10-13 15:50:00,2010-11
18161,United Kingdom,15,6,1803.1000000000001,5,4,4,13,Champions,False,2010-11-25 15:55:00,2011-11-24 16:40:00,2010-11
18162,United Kingdom,732,1,371.51,1,2,2,5,Lost,True,2009-12-07 13:24:00,2009-12-07 13:24:00,2009-12
18163,United Kingdom,584,1,728.84,1,2,3,6,Lost,True,2010-05-04 14:51:00,2010-05-04 14:51:00,2010-05
18164,United Kingdom,37,1,399.65,4,2,2,8,New Customers,False,2011-11-02 12:56:00,2011-11-02 12:56:00,2011-11
18165,United Kingdom,177,1,302.46,3,2,2,7,Needs Attention,True,2011-06-15 13:23:00,2011-06-15 13:23:00,2011-06
18166,United Kingdom,624,1,175.5,1,2,1,4,Lost,True,2010-03-26 12:26:00,2010-03-26 12:26:00,2010-03
18167,United Kingdom,23,3,1384.8600000000001,4,3,4,11,Loyal Customers,False,2011-08-26 11:40:00,2011-11-16 15:56:00,2011-08
18168,United Kingdom,176,16,3435.5,3,5,5,13,Potential Loyalists,True,2009-12-03 17:29:00,2011-06-16 19:21:00,2009-12
18169,United Kingdom,61,1,202.65,3,2,1,6,Needs Attention,False,2011-10-10 12:18:00,2011-10-10 12:18:00,2011-10
18170,United Kingdom,33,9,2878.0,4,5,4,13,Champions,False,2010-01-08 14:10:00,2011-11-06 14:35:00,2010-01
18171,United Kingdom,59,9,2437.31,4,5,4,13,Champions,False,2010-01-05 10:46:00,2011-10-12 09:13:00,2010-01
18172,United Kingdom,15,52,17467.24,5,5,5,15,Champions,False,2009-12-11 09:58:00,2011-11-25 11:12:00,2009-12
18173,United Kingdom,87,5,2696.36,3,4,4,11,Potential Loyalists,False,2010-04-06 10:43:00,2011-09-14 11:26:00,2010-04
18174,United Kingdom,7,2,162.5,5,3,1,9,Loyal Customers,False,2010-04-15 12:17:00,2011-12-02 16:56:00,2010-04
18175,United Kingdom,676,1,176.10000000000002,1,2,1,4,Lost,True,2010-02-02 10:25:00,2010-02-02 10:25:00,2010-02
18176,United Kingdom,358,1,476.35,2,2,2,6,Lost,True,2010-12-16 15:45:00,2010-12-16 15:45:00,2010-12
18177,United Kingdom,31,9,2216.32,4,5,4,13,Champions,False,2009-12-15 18:57:00,2011-11-08 14:44:00,2009-12
18178,United Kingdom,129,11,6103.74,3,5,5,13,Potential Loyalists,True,2010-02-18 14:25:00,2011-08-03 09:30:00,2010-02
18179,United Kingdom,9,8,2547.55,5,5,4,14,Champions,False,2010-02-14 15:51:00,2011-11-30 16:23:00,2010-02
18180,United Kingdom,5,6,1843.75,5,4,4,13,Champions,False,2011-07-20 08:59:00,2011-12-05 08:39:00,2011-07
18181,United Kingdom,24,5,1188.34,4,4,3,11,Loyal Customers,False,2009-12-04 15:30:00,2011-11-15 15:08:00,2009-12
18182,United Kingdom,463,1,291.13,1,2,2,5,Lost,True,2010-09-02 14:25:00,2010-09-02 14:25:00,2010-09
18183,United Kingdom,227,2,632.07,2,3,3,8,At Risk,True,2011-03-10 10:08:00,2011-04-26 15:26:00,2011-03
18184,United Kingdom,15,1,49.8,5,2,1,8,New Customers,False,2011-11-24 15:28:00,2011-11-24 15:28:00,2011-11
18185,United Kingdom,249,1,304.25,2,2,2,6,Lost,True,2011-04-04 13:42:00,2011-04-04 13:42:00,2011-04
18186,United Kingdom,723,1,329.58000000000004,1,2,2,5,Lost,True,2009-12-17 10:22:00,2009-12-17 10:22:00,2009-12
18187,United Kingdom,632,1,724.89,1,2,3,6,Lost,True,2010-03-18 09:49:00,2010-03-18 09:49:00,2010-03
18188,United Kingdom,15,6,3280.59,5,4,5,14,Champions,False,2010-03-26 11:37:00,2011-11-24 16:46:00,2010-03
18189,United Kingdom,78,3,1403.73,3,3,4,10,Potential Loyalists,False,2010-03-24 09:57:00,2011-09-23 12:40:00,2010-03
18190,United Kingdom,192,5,745.62,2,4,3,9,At Risk,True,2009-12-22 12:05:00,2011-05-31 14:48:00,2009-12
18191,United Kingdom,262,2,529.4,2,3,2,7,At Risk,True,2010-08-19 17:42:00,2011-03-23 12:08:00,2010-08
18192,United Kingdom,72,1,957.97,3,2,3,8,Needs Attention,False,2011-09-29 09:53:00,2011-09-29 09:53:00,2011-09
18193,United Kingdom,165,3,1207.3500000000001,3,3,4,10,Potential Loyalists,True,2010-09-23 13:33:00,2011-06-27 13:58:00,2010-09
18194,United Kingdom,82,6,4162.04,3,4,5,12,Potential Loyalists,False,2010-01-28 15:30:00,2011-09-18 13:29:00,2010-01
18195,United Kingdom,387,1,101.16,2,2,1,5,Lost,True,2010-11-17 15:03:00,2010-11-17 15:03:00,2010-11
18196,United Kingdom,95,4,1455.27,3,4,4,11,Potential Loyalists,True,2010-03-17 14:55:00,2011-09-05 16:22:00,2010-03
18197,United Kingdom,576,1,230.1,1,2,1,4,Lost,True,2010-05-13 10:46:00,2010-05-13 10:46:00,2010-05
18198,United Kingdom,4,17,5425.56,5,5,5,15,Champions,False,2011-01-07 13:39:00,2011-12-05 14:49:00,2011-01
18199,United Kingdom,684,1,344.75,1,2,2,5,Lost,True,2010-01-25 11:32:00,2010-01-25 11:32:00,2010-01
18200,United Kingdom,106,1,150.35,3,2,1,6,Needs Attention,True,2011-08-25 18:45:00,2011-08-25 18:45:00,2011-08
18201,United Kingdom,723,1,447.53000000000003,1,2,2,5,Lost,True,2009-12-17 08:55:00,2009-12-17 08:55:00,2009-12
18202,United Kingdom,200,3,1396.99,2,3,4,9,At Risk,True,2011-02-01 13:36:00,2011-05-24 12:12:00,2011-02
18203,United Kingdom,157,4,482.52,3,4,2,9,Potential Loyalists,True,2009-12-08 13:19:00,2011-07-05 13:07:00,2009-12
18204,United Kingdom,71,3,1975.3500000000001,3,3,4,10,Potential Loyalists,False,2011-05-31 15:26:00,2011-09-29 16:44:00,2011-05
18205,United Kingdom,36,2,517.36,4,3,2,9,Loyal Customers,False,2011-09-26 12:02:00,2011-11-03 13:22:00,2011-09
18206,United Kingdom,553,1,314.65999999999997,1,2,2,5,Lost,True,2010-06-04 13:47:00,2010-06-04 13:47:00,2010-06
18207,United Kingdom,499,1,544.47,1,2,2,5,Lost,True,2010-07-28 14:26:00,2010-07-28 14:26:00,2010-07
18208,United Kingdom,566,1,360.08,1,2,2,5,Lost,True,2010-05-23 11:54:00,2010-05-23 11:54:00,2010-05
18209,United Kingdom,29,1,139.10000000000002,4,2,1,7,New Customers,False,2011-11-11 12:07:00,2011-11-11 12:07:00,2011-11
18210,United Kingdom,2,7,2768.83,5,4,4,13,Champions,False,2010-11-22 09:39:00,2011-12-08 11:02:00,2010-11
18211,United Kingdom,26,5,600.07,4,4,2,10,Loyal Customers,False,2011-03-06 12:09:00,2011-11-14 08:10:00,2011-03
18212,United Kingdom,326,2,514.37,2,3,2,7,At Risk,True,2010-01-31 14:42:00,2011-01-17 16:14:00,2010-01
18213,United Kingdom,237,1,232.48000000000002,2,2,1,5,Lost,True,2011-04-17 10:21:00,2011-04-17 10:21:00,2011-04
18214,United Kingdom,531,4,1780.34,1,4,4,9,At Risk,True,2010-06-03 19:47:00,2010-06-27 11:21:00,2010-06
18215,United Kingdom,89,5,2232.4900000000002,3,4,4,11,Potential Loyalists,False,2010-03-26 13:03:00,2011-09-11 16:05:00,2010-03
18216,United Kingdom,31,1,481.75,4,2,2,8,New Customers,False,2011-11-08 16:55:00,2011-11-08 16:55:00,2011-11
18217,United Kingdom,29,4,945.04,4,4,3,11,Loyal Customers,False,2010-07-01 15:39:00,2011-11-10 13:18:00,2010-07
18218,United Kingdom,211,4,1121.84,2,4,3,9,At Risk,True,2010-02-17 15:11:00,2011-05-12 12:53:00,2010-02
18219,United Kingdom,3,17,3352.7000000000003,5,5,5,15,Champions,False,2009-12-07 13:17:00,2011-12-07 11:43:00,2009-12
18220,United Kingdom,227,6,1921.76,2,4,4,10,At Risk,True,2009-12-15 11:42:00,2011-04-27 09:03:00,2009-12
18221,United Kingdom,22,6,1424.94,4,4,4,12,Champions,False,2010-11-14 15:46:00,2011-11-17 14:40:00,2010-11
18222,United Kingdom,93,1,443.0,3,2,2,7,Needs Attention,True,2011-09-08 10:45:00,2011-09-08 10:45:00,2011-09
18223,United Kingdom,5,26,14000.85,5,5,5,15,Champions,False,2009-12-04 12:20:00,2011-12-05 09:11:00,2009-12
18224,United Kingdom,264,1,158.95000000000002,2,2,1,5,Lost,True,2011-03-21 10:30:00,2011-03-21 10:30:00,2011-03
18225,United Kingdom,3,26,13014.8,5,5,5,15,Champions,False,2009-12-04 16:52:00,2011-12-06 13:27:00,2009-12
18226,United Kingdom,44,26,11878.88,4,5,5,14,Champions,False,2010-03-05 10:05:00,2011-10-26 13:36:00,2010-03
18227,United Kingdom,218,2,388.75,2,3,2,7,At Risk,True,2010-08-12 16:45:00,2011-05-06 12:23:00,2010-08
18228,United Kingdom,57,2,779.9,4,3,3,10,Loyal Customers,False,2011-09-21 10:48:00,2011-10-14 09:21:00,2011-09
18229,United Kingdom,12,28,10150.51,5,5,5,15,Champions,False,2009-12-03 14:42:00,2011-11-28 09:48:00,2009-12
18230,United Kingdom,9,9,4291.06,5,5,5,15,Champions,False,2010-07-02 10:01:00,2011-11-30 13:22:00,2010-07
18231,United Kingdom,192,28,6848.27,2,5,5,12,At Risk,True,2010-01-10 12:13:00,2011-05-31 14:18:00,2010-01
18232,United Kingdom,82,4,592.97,3,4,2,9,Potential Loyalists,False,2011-05-26 16:30:00,2011-09-19 11:49:00,2011-05
18233,United Kingdom,326,1,440.0,2,2,2,6,Lost,True,2011-01-18 08:44:00,2011-01-18 08:44:00,2011-01
18234,United Kingdom,552,1,179.6,1,2,1,4,Lost,True,2010-06-06 11:22:00,2010-06-06 11:22:00,2010-06
18235,United Kingdom,72,3,1796.48,3,3,4,10,Potential Loyalists,False,2011-05-06 13:35:00,2011-09-29 08:27:00,2011-05
18236,United Kingdom,30,12,1795.3500000000001,4,5,4,13,Champions,False,2010-04-15 13:39:00,2011-11-10 08:06:00,2010-04
18237,United Kingdom,3,5,987.1,5,4,3,12,Loyal Customers,False,2011-07-28 13:05:00,2011-12-07 12:49:00,2011-07
18238,United Kingdom,515,1,270.92,1,2,1,4,Lost,True,2010-07-12 12:51:00,2010-07-12 12:51:00,2010-07
18239,United Kingdom,219,6,1712.26,2,4,4,10,At Risk,True,2010-10-13 10:11:00,2011-05-05 12:38:00,2010-10
18240,United Kingdom,46,1,422.58,4,2,2,8,New Customers,False,2011-10-24 13:06:00,2011-10-24 13:06:00,2011-10
18241,United Kingdom,10,21,2986.9900000000002,5,5,5,15,Champions,False,2010-04-01 11:55:00,2011-11-30 12:10:00,2010-04
18242,United Kingdom,72,8,3605.21,3,5,5,13,Potential Loyalists,False,2010-01-11 08:49:00,2011-09-28 13:43:00,2010-01
18243,United Kingdom,414,1,515.78,1,2,2,5,Lost,True,2010-10-21 14:29:00,2010-10-21 14:29:00,2010-10
18244,United Kingdom,431,2,568.64,1,3,2,6,At Risk,True,2010-07-25 10:30:00,2010-10-05 11:15:00,2010-07
18245,United Kingdom,7,20,6324.9800000000005,5,5,5,15,Champions,False,2010-03-08 15:26:00,2011-12-02 14:48:00,2010-03
18246,United Kingdom,24,3,758.8199999999999,4,3,3,10,Loyal Customers,False,2010-04-09 10:19:00,2011-11-16 11:49:00,2010-04
18247,United Kingdom,415,3,839.73,1,3,3,7,At Risk,True,2010-03-18 15:52:00,2010-10-21 09:49:00,2010-03
18248,United Kingdom,123,2,804.02,3,3,3,9,Potential Loyalists,True,2011-06-06 13:18:00,2011-08-09 10:19:00,2011-06
18249,United Kingdom,17,1,95.34,5,2,1,8,New Customers,False,2011-11-22 15:07:00,2011-11-22 15:07:00,2011-11
18250,United Kingdom,310,1,349.27,2,2,2,6,Lost,True,2011-02-02 13:16:00,2011-02-02 13:16:00,2011-02
18251,United Kingdom,87,9,26278.86,3,5,5,13,Potential Loyalists,False,2009-12-22 12:01:00,2011-09-13 15:03:00,2009-12
18252,United Kingdom,51,7,1533.69,4,4,4,12,Champions,False,2009-12-18 16:13:00,2011-10-20 12:43:00,2009-12
18253,United Kingdom,643,1,317.88,1,2,2,5,Lost,True,2010-03-07 12:38:00,2010-03-07 12:38:00,2010-03
18254,United Kingdom,581,1,267.9,1,2,1,4,Lost,True,2010-05-07 14:37:00,2010-05-07 14:37:00,2010-05
18255,United Kingdom,89,2,303.15,3,3,2,8,Potential Loyalists,False,2010-09-09 16:31:00,2011-09-11 13:16:00,2010-09
18256,United Kingdom,388,1,110.69999999999999,2,2,1,5,Lost,True,2010-11-17 08:53:00,2010-11-17 08:53:00,2010-11
18257,United Kingdom,39,12,4585.15,4,5,5,14,Champions,False,2010-02-18 16:20:00,2011-10-31 14:48:00,2010-02
18258,United Kingdom,464,6,2059.67,1,4,4,9,At Risk,True,2010-05-16 11:35:00,2010-09-01 14:20:00,2010-05
18259,United Kingdom,25,7,3941.9,4,4,5,13,Champions,False,2009-12-08 08:38:00,2011-11-15 12:34:00,2009-12
18260,United Kingdom,173,23,9947.26,3,5,5,13,Potential Loyalists,True,2009-12-15 13:50:00,2011-06-20 12:37:00,2009-12
18261,United Kingdom,43,2,324.24,4,3,2,9,Loyal Customers,False,2011-09-05 09:34:00,2011-10-27 15:36:00,2011-09
18262,United Kingdom,140,3,577.54,3,3,2,8,Potential Loyalists,True,2010-04-16 09:05:00,2011-07-22 16:04:00,2010-04
18263,United Kingdom,26,3,1213.16,4,3,4,11,Loyal Customers,False,2011-04-01 11:48:00,2011-11-14 09:00:00,2011-04
18264,United Kingdom,499,1,603.25,1,2,2,5,Lost,True,2010-07-29 10:02:00,2010-07-29 10:02:00,2010-07
18265,United Kingdom,72,2,801.51,3,3,3,9,Potential Loyalists,False,2011-07-04 15:26:00,2011-09-28 14:10:00,2011-07
18266,United Kingdom,434,1,251.1,1,2,1,4,Lost,True,2010-10-01 15:33:00,2010-10-01 15:33:00,2010-10
18267,United Kingdom,673,1,269.37,1,2,1,4,Lost,True,2010-02-05 08:43:00,2010-02-05 08:43:00,2010-02
18268,United Kingdom,134,6,1490.23,3,4,4,11,Potential Loyalists,True,2009-12-11 10:27:00,2011-07-28 19:13:00,2009-12
18269,United Kingdom,366,1,168.60000000000002,2,2,1,5,Lost,True,2010-12-08 13:53:00,2010-12-08 13:53:00,2010-12
18270,United Kingdom,38,3,444.55,4,3,2,9,Loyal Customers,False,2010-10-03 10:49:00,2011-11-01 13:57:00,2010-10
18271,United Kingdom,610,2,680.85,1,3,3,7,At Risk,True,2009-12-08 11:27:00,2010-04-09 09:26:00,2009-12
18272,United Kingdom,3,9,4385.9800000000005,5,5,5,15,Champions,False,2010-03-04 12:53:00,2011-12-07 12:43:00,2010-03
18273,United Kingdom,2,4,357.0,5,4,2,11,Loyal Customers,False,2010-04-28 12:24:00,2011-12-07 13:16:00,2010-04
18274,United Kingdom,30,1,175.92,4,2,1,7,New Customers,False,2011-11-09 17:03:00,2011-11-09 17:03:00,2011-11
18275,United Kingdom,578,2,741.85,1,3,3,7,At Risk,True,2009-12-08 16:23:00,2010-05-10 15:46:00,2009-12
18276,United Kingdom,44,6,1656.52,4,4,4,12,Champions,False,2009-12-10 17:14:00,2011-10-27 10:54:00,2009-12
18277,United Kingdom,58,5,1180.05,4,4,3,11,Loyal Customers,False,2010-08-02 10:26:00,2011-10-12 15:22:00,2010-08
18278,United Kingdom,74,2,414.20000000000005,3,3,2,8,Potential Loyalists,False,2010-10-31 12:13:00,2011-09-27 11:58:00,2010-10
18279,United Kingdom,519,1,231.34,1,2,1,4,Lost,True,2010-07-08 14:48:00,2010-07-08 14:48:00,2010-07
18280,United Kingdom,278,2,488.15000000000003,2,3,2,7,At Risk,True,2010-11-10 15:51:00,2011-03-07 09:52:00,2010-11
18281,United Kingdom,181,2,201.14,3,3,1,7,Potential Loyalists,True,2010-05-11 10:49:00,2011-06-12 10:53:00,2010-05
18282,United Kingdom,8,2,178.05,5,3,1,9,Loyal Customers,False,2011-08-05 13:35:00,2011-12-02 11:43:00,2011-08
18283,United Kingdom,4,22,2658.95,5,5,4,14,Champions,False,2010-02-19 17:16:00,2011-12-06 12:02:00,2010-02
18284,United Kingdom,432,1,411.68,1,2,2,5,Lost,True,2010-10-04 11:33:00,2010-10-04 11:33:00,2010-10
18285,United Kingdom,661,1,377.0,1,2,2,5,Lost,True,2010-02-17 10:24:00,2010-02-17 10:24:00,2010-02
18286,United Kingdom,477,2,1246.43,1,3,4,8,At Risk,True,2009-12-16 10:45:00,2010-08-20 11:57:00,2009-12
18287,United Kingdom,43,7,4132.99,4,4,5,13,Champions,False,2010-05-17 11:55:00,2011-10-28 09:29:00,2010-05
